:020000040000FA
:10000000FC7F002001060000F1050000F50500005E
:1000100000000000000000000000000000000000E0
:10002000000000000000000000000000F9050000D2
:100030000000000000000000FD0500004107000076
:1000400010B5064C2378002B07D1054B002B02D0AE
:10005000044800E000BF0123237010BD5C000020B5
:1000600000000000A018000008B5084B002B03D0CA
:100070000748084900E000BF07480368002B03D089
:10008000064B002B00D0984708BDC046000000007A
:10009000A0180000600000205800002000000000B0
:1000A000154A164B1178002909D115491878097895
:1000B0004118C9B21970802012498002C8611178B4
:1000C0000131C9B211701978F02902D819780929BB
:1000D00009D80B4908784042C0B2087018780978EE
:1000E0004118C9B2197012781B789A4203D1802244
:1000F000044B9202DA617047780000200100002072
:10010000000000200044004110B5C3699C07FCD4E6
:1001100003680224A3430360C46901231C42FBD18A
:100120000468234303600368DC07FCD4C46901232B
:100130001C42FBD1C469DC401C42F7D1084B1A4376
:100140000260C3695A07FCD4C0239B0243608181CB
:10015000C3699C07FCD4036802221343036010BDEB
:1001600004000040037EDA07FCD5018570470000DB
:10017000027E01235107FBD5428B1A4207D1428BE5
:10018000DA401A4203D1428B92081A4202D0034B42
:1001900001221A70008DC0B27047C046790000205D
:1001A00070B50368041C988B1A1C0821FF320842A2
:1001B00026D0802099839872112353704021144BCC
:1001C000917150715E68134DC0202E40800506432A
:1001D0005E605E693540284358610F4818600F48DB
:1001E00018615D680E4828408025AD02284358609C
:1001F0005868800B8003586000235171237105E01B
:10020000137ADA0602D5201C00F0D4FA207970BDEA
:1002100098010020FFFFFF8F9800002018010020A8
:10022000FF3F00F0002303714371044B01608360C2
:100230000B78022213430B707047C046A1010000E7
:1002400038B5364B2021DA6901200A43DA61344B94
:1002500006241A7802431A70324B0F221978914300
:1002600019701978214319702F490C7820430870B0
:1002700019780A401A701A7860210A431A702B4BB9
:100280002B4A5A805A7852B2002AFBDB294B0121B3
:100290001A780A431A709A78D107FCD42648026863
:1002A000510B1F221140914200D1052111408C01B8
:1002B0001D8D22492940214319850468A10C0A405B
:1002C0001F2A00D11D221C8D1F210A408C4322436E
:1002D0001A8502680721D20D0A408A4200D1032202
:1002E0000A40188D1103164A02400A431A851978EC
:1002F0007F220A401A701A78042112480A431A70A1
:1003000058621A890C218A431A811A8901218A4369
:100310001A810021802201F040F938BD000400401C
:10032000584400413C44004159440041000C004005
:100330000640000000500041246080003FF8FFFFAD
:10034000FF8FFFFF98010020F7B5141C1F4A5F01C3
:1003500001971D1CD319061C5869271C4000400F2B
:1003600003301033C74006D00F1C80225968120694
:100370000A435A6009E02F1C7B1E9F41144BBF01AA
:10038000FF18381C221C01F0FFF801990F480835AE
:1003900042181761131C5269A104920B890C920335
:1003A0000A435A6159690B4A0A405A616B01F318B2
:1003B0000222DA715979802252420A435A716B0142
:1003C000F318DB799A07FAD5201CFEBD98010020AE
:1003D00018010020FF3F00F0F8B51A4E051C3378D5
:1003E000141C002B12D1184B184A1A645A6C920B29
:1003F00092035A64586C164A02405A64A2235B0066
:10040000EA5C40200243EA54012333704827FF3757
:10041000EA5D0123134012D00B4B5A6C9204920CEC
:10042000A24202D25C6CA404A40C081C221C074942
:1004300001F0AAF80123EB550023337000E01C1CE7
:10044000201CF8BD7A00002098010020D800002070
:10045000FF3F00F0FF3083792022002900D11022D5
:100460001343837170470000084BFF305A69920BA9
:1004700092035A6102230372827980235B42134301
:100480008371037A9A07FCD57047C0469801002013
:1004900080235B421943C9B28172704770B5A023B3
:1004A00003225B00C254134B134A5C6CC0211440FE
:1004B00089050C4346255C64FF35402444550F4DA7
:1004C00030261D6490256D0046555D6B154029430F
:1004D000922559636D0080214155094D1D63B0255A
:1004E0006D0044555C6F22405A67B2235B00C154D3
:1004F00070BDC04698010020FFFFFF8FD80000208C
:1005000058010020024B5B785BB2002BFADB70478E
:10051000000C0040024BDB68DA06FBD57047C04692
:1005200000080040F8B5264B1E215A6802268A436F
:10053000244C32435A60A660FFF7E4FF224B234D60
:100540006360FFF7DFFFAE84FFF7E4FF204B1B681B
:100550009B0E3F2B00D11F231E4A9B0213431E4AB2
:100560000026EA62AB62AE84FFF7D4FF1B4B022782
:10057000AB84FFF7CFFFAB8C3B43AB84FFF7CAFFE5
:1005800063883F2293431F43678062888023DB0197
:1005900013436380A660FFF7B5FF114B6360FFF75D
:1005A000B1FF104B104AC0215A60104A0906106A68
:1005B0000002000A0143116207229E601A60F8BD22
:1005C00000400041000C004006000100000800400F
:1005D00024608000FF01000080BB0A1C240500008D
:1005E0000007030010E000E0E703000000ED00E07A
:1005F0000EBEFEE70DBEFEE705BEFEE702BEFEE74D
:100600000E4A0F4838B5824204D10E4A0E4B93422F
:100610000ED10AE00D4C9442F7D00023D118884245
:10062000F3D9E55804330D60F8E700F011F804E061
:100630009342FAD2002102C3FAE7FEE7000000204D
:100640005C000020A80300205C000020A41800002B
:1006500038B5304B1A681C1C013221D02E4A191DA6
:100660001160D9B200291BD12C4A10780122104008
:100670002B4A0AD115682B498D4201D110600FE039
:100680001160294901390029FCD11160226882F3E7
:100690000888FF229343254A93601E4B5B681847E6
:1006A000FFF740FF62B600F09DFD00F04FF8204BD1
:1006B000802292029A601F4B1F4A041C5A601B4AF8
:1006C000C021106A09060002000A014311620022DB
:1006D0009A6007221A60A368201C9847174B0028CD
:1006E00001D001221A701A78002A05D0002000F0EB
:1006F0008BFA00F003FBFCE71B78002BEBD100F03A
:10070000E5FD0028E7D0012000F07EFA00F0F6FABF
:10071000FCE7C0460020000018020020380400401A
:10072000FC7F00203581730748E8010000ED00E000
:100730000044004110E000E0E70300007B000020DF
:1007400008B5FFF7ADFC00F0C3FA08BD10B5054BC6
:10075000054C2360FFF774FD201C2168FFF762FD44
:10076000201C10BD005000411C02002070B5051C6B
:10077000C0B0081C161C0C1C00F017FF40006A4695
:10078000032302305370107076080123E218013AF7
:1007900011785A00002906D1281C69460023FFF76A
:1007A000D3FD40B070BDB342F6DA684681520133E2
:1007B000ECE70000F7B5BA4A04681378B949271C7A
:1007C000FF37051C102038720B705378B648B74EAF
:1007D000037093783380D178338809020B433380D8
:1007E0001179B34B19805179188809020843188090
:1007F0009079B0490880D2790888120202430A80B1
:1008000040227A71A84F3A78A64F120238780F1C0E
:100810000243A9488446181C624500D1C2E020DC8E
:10082000802149008A4200D16EE109DC812A00D191
:1008300092E0822A00D195E0802A00D064E18BE02A
:1008400081235B009A4200D1CFE000DA58E1C02357
:100850009B009A4200D157E1984B9A4200D14FE158
:1008600052E190231B019A4269D015DCD023DB00B2
:100870009A4222D088231B019A4269D0A023DB0030
:100880009A4200D040E1201CFFF7EEFD3188286835
:1008900089B2FFF7FDFD3BE1894B9A4200D12FE180
:1008A00000DC31E1874B9A4200D11DE1864B9A4230
:1008B00000D029E133886B7122E133881B0A012BB8
:1008C00008D10B8812222868934201D80A8892B274
:1008D0007E4911E133881B0A022B08D10B88432281
:1008E0002868934201D80A8892B2794904E1338892
:1008F0001B0A032B00D007E13388DBB2012B17D092
:10090000002B07D0022B00D0FEE00A882868D2B264
:10091000704911E0042201A86F4900F035FE3B88C0
:1009200004222868934201D83A8892B201A9E3E0F0
:100930000A8828686949D2B2FFF718FFE8E03388CF
:10094000201C2B71FFF790FD201CFFF7A7FDDFE0B7
:10095000291C01C90122CFE0614900230B802868CE
:100960000222CAE05E4900220A8018885022104004
:100970005C4A10701E880F203040188018880328A9
:1009800000D9C1E012781B8808335B01E418A37911
:10099000002A01D09B0600E0DB06DB0F0B802868F5
:1009A0000222A9E019887F2291434E4AC9B21170F0
:1009B00018880F21014019803188002900D0A3E058
:1009C0001988002900D19FE01988032900D99BE0EC
:1009D00012781B8808335B01E318002A02D020221A
:1009E0005A718DE0102159718AE002887F239A4361
:1009F0003C4BD2B21A7001880F220A400280328822
:100A0000002A00D080E00288002A00D17CE0028821
:100A1000032A00D978E01B78002B1FD00388083305
:100A20005B01E3189B799A066AD503882022083374
:100A30005B01E3181A71038808335B01E318DB7963
:100A40005F065DD50388402208335B01E318DA7145
:100A50000388022208335B01E3181EE00388083391
:100A60005B01E3189B79D9064AD503881022083325
:100A70005B01E3181A71038808335B01E318DB7923
:100A80009A063DD50388202208335B01E318DA710A
:100A90000388012208335B01E3181A7130E0C04675
:100AA000980000207D0000208200002084000020AB
:100AB00086000020800000200203000001030000E7
:100AC00021200000A121000021220000F4150000D7
:100AD00004000020E0150000D0150000D41500002F
:100AE0007E0000207C0000200B88082228689342AA
:100AF00001D80A8892B207490023FFF725FC07E0D6
:100B0000201CFFF7B1FC03E0201C0121FFF7A2FC31
:100B1000F7BDC0464800002007B5054B01220190F3
:100B200001A91868131CFFF70FFC01200EBDC04679
:100B30001C02002013B5054B6C4607341868211CB5
:100B40000122FFF749FC207816BDC0461C02002098
:100B500010B5074C201CFFF723FB031C0020834229
:100B600005D022684823FF33D05C0123184010BD14
:100B70001C02002010B5054A0C1C031C191C10682F
:100B80000123221CFFF7E0FB201C10BD1C020020EB
:100B900070B5084C061C201C0D1CFFF701FB002340
:100BA000984205D02068311C2A1CFFF715FC031C55
:100BB000181C70BD1C020020F8B50C4C051C201C34
:100BC0000E1CFFF7EDFA0023271C341C98420AD0B4
:100BD000002C07D0291C221C3868FFF7FDFB241AC3
:100BE0002D18F5E7331C181CF8BDC0461C02002068
:100BF00008B5031C081C111C9847024B64221A807C
:100C000008BDC0468C000020012805D1054B064ACE
:100C10001A60064B187004E0002802D1044A014B08
:100C20001A6070478C0200202816000094000020F3
:100C30007416000030B50A1C1C4985B00978031CE5
:100C400000292AD0042A01D1006804E0022A01D137
:100C5000008800E00078520004A98B180B3B9C1A16
:100C6000A3420BD00F210140092902D83025294386
:100C700000E0373119700009013BF1E701A9302389
:100C80000B7078234B700A208B1898700D20D87049
:100C9000074B04321B68D86803E005490968C86837
:100CA000191CFFF7A5FF05B030BDC0468800002025
:100CB0008C02002072B6EFF30883044A13600368C5
:100CC00083F30888436818477047C04690020020A5
:100CD000084B1A88002A03D01A88013A92B21A8067
:100CE000054B1A88002A03D01A88013A92B21A805A
:100CF0007047C0468C0000208A000020F0B591B0FB
:100D000008A9CC4A0B1C31CA31C351CA51C360CAAD
:100D100060C3C94BC9489A687A255203520F9200A2
:100D20005258C74902609C68A4B262430C60C5492E
:100D300000240A60C44A1460C44C2570C44CC54DDC
:100D40002368281C1B6940219847002802D0C24B09
:100D500064221A80C14B00221860C14B1D60C14B38
:100D6000C04DBE4F1A602A683B689A42E6D2BC4B1F
:100D70001B681A78FF2A00D114E2232A00D0EBE185
:100D8000B94E3378002B06D0B14BB8491B6802220C
:100D9000D868FFF72DFFAD4B1B78532B3CD13B6838
:100DA0002A6893421ED9AE4801322A609A1AB04B83
:100DB00001681B6801310160AE4E9A4201D2326077
:100DC00000E03360A04832680068049000F0DCFB6B
:100DD000336829685A182A60A14A1668F118116008
:100DE000A54A13702B68013B2B609D4B1A68013A92
:100DF0001A60A14B9E4A1B7811688B420AD2226866
:100E00009148C91A006892699047002802D0924B15
:100E100064221A80C0468DE1522B0AD18A48944A36
:100E20002368006811685B69039098476422934BBC
:100E30000DE04F2B05D1844B8D4A1B6812681A7048
:100E400078E1482B05D1804B894A1B6812681A80CB
:100E500070E1572B05D17C4B854A1B6812681A60DC
:100E600068E16F2B03D1784B0121186807E0682BEC
:100E700008D1754B7E481B6802211B880360FFF771
:100E8000D9FE57E1772B06D16F4B79481B680421B7
:100E90001B680360F3E7472B13D1754B1868FFF706
:100EA00009FF774B1B6883F3088862B6754B1B7884
:100EB000002B00D13EE1664B06201B681B6898475B
:100EC00038E1542B04D101233370614B1B6864E07B
:100ED0004E2B0CD13378002B06D15D4B63491B6838
:100EE0000222D868FFF784FE0023337022E1562BDC
:100EF00057D123686449D8680122FFF779FE236837
:100F00006249D8680322FFF773FE614D2368291CEC
:100F1000D8680122FFF76CFE23685E49D8680D226D
:100F2000FFF766FE2368291CD8680122FFF760FEE0
:100F30004B4F4C4D5849002339602B603A1C281CFC
:100F400013685E1C16601B780593002B03D00368A2
:100F500001330360F4E73E4E2A683368D868FFF730
:100F600047FE33684A49D8680122FFF741FE0599D8
:100F700029604A4939603A4A1368581C10601B7846
:100F8000002B04D0374B1A6801321A60F3E733683C
:100F90002A68D868FFF72CFE3368D86833490222E4
:100FA000C6E0334A582B17D1244E264D36681368B5
:100FB0002A68B10093420AD21F4D5808E8613848A8
:100FC00028801D4D287DC607FBD55B18F2E7204B16
:100FD00034491B68D868AAE0592B79D112681A4B9A
:100FE0003149002A02D11B680B606CE0124D086881
:100FF00019686B68104E8025AB4392087360002A15
:1010000061D02A4B0C4D2B800B4E337DDD07FBD579
:1010100000230A4D2D680195AD08AB4203D3244D42
:10102000054E358046E09342F9D09D004659013384
:101030004E51EEE708160000004000414402002037
:101040003C020020380200208802002034020020E8
:101050008C020020480200208A0000202C02002080
:1010600030020020400200208800002068160000A6
:101070009402002098020020280200208C0000200A
:101080009002002094000020441600006D1600001D
:101090004616000090160000481600005416000086
:1010A00002A5FFFF5D1600009000002044A5FFFF91
:1010B00004A5FFFF3F4E357DEE07FBD59D00491986
:1010C0004019D21A9BE73C4B3C491B68D8682EE07C
:1010D0005A2B2FD13A4B17681D680026EF19BD42D5
:1010E00006D02878311C00F013F90135061CF6E70C
:1010F000314B34491B680122D868FFF779FD07237B
:101100000F223240111C36093031092A00DD073127
:101110001820C0186A468154013BF1D2236806A901
:10112000D8680822FFF764FD23682749D86803229E
:10113000FFF75EFD254B7A221A70254B00221A60BC
:10114000244B1B7893422DD01B4B23491B68012253
:10115000D868FFF74DFD25E0111C3039C8B21C4B93
:10116000092804D81D682A01114319601AE0111CCE
:101170004139052903D81E68373A310106E0111CB0
:101180006139052904D81868573A01010A4308E073
:101190002C2A03D10A4A1968116001E00B490A7030
:1011A00000221A600D4B1A6801321A600C4B1A6843
:1011B0000132D5E5004000418C020020611600009C
:1011C0008802002065160000671600003402002027
:1011D00094020020880000206B16000040020020CE
:1011E0003002002010B51C4B01201A780324024362
:1011F0001A701A4B0F2219789143197019782143EC
:10120000197017490C782043087019780A401A7031
:101210001A7830210A431A70124B80211A6A0A4345
:101220001A62114B114A5A805A7852B2002AFBDBDB
:10123000C4220F480F499203FEF766FF0E4A0023AF
:1012400013700E4A13700E4A13700E4A13700E4A32
:1012500013700E4A137010BDD6440041BB440041C8
:10126000D744004100040040000C00401940000039
:10127000001C00422AF600009C02002023030020EC
:101280009D020020A0020020240300202103002052
:1012900008B5C1B20248FEF765FF012008BDC0468F
:1012A000001C0042024B187E4007C00F7047C0462A
:1012B000001C004208B5FFF7F5FF0028FBD00248EC
:1012C000FEF756FF08BDC046001C004208B5FFF7F8
:1012D000E9FF0023984205D0FFF7ECFF031C233BF6
:1012E0005A425341181C08BD70B5041C0D1C461809
:1012F000B44204D02078FFF7CBFF0134F8E7281C74
:1013000070BD10B5041CFFF7D5FF2070012010BD83
:101310000B0A5840034B4000C05A0902484080B2B3
:101320007047C0469E160000F7B50024051C0F1C30
:10133000261CBC4220D0FFF7BDFF114BC0B21B786A
:101340000190002B1AD1311CFFF7E2FF0D4B061C58
:101350001A88002A04D10C4A11782A1C002907D0C7
:1013600001996A1C2970802F02D1198801391980CE
:101370000134A4B2151CDCE7301C00E00120FEBDE6
:10138000210300209E02002022030020F0B53E4EE3
:1013900085B0002203900C1C32703C4B914201D16D
:1013A000012201E03A490C801A707F231C4201D0CF
:1013B00080349C43FFF77EFF3378C0B2002B07D008
:1013C00000253570FFF776FF3378C0B2AB4236D1D7
:1013D000432803D0712853D01528EBD10123009363
:1013E0000120FFF755FF0098FFF752FF0099802575
:1013F000C843C0B2FFF74CFF039B00270293244A67
:101400001388002B1DD1214901930978002918D197
:101410000198FFF73DFF391C0198FFF779FF013D67
:10142000071C002DEBD1000AC0B2FFF731FFF8B264
:10143000FFF72EFFFFF73EFF3378002B0AD0357001
:101440001FE00299013B09781380029B019101334F
:101450000293DDE7C0B2062807D1009B0399013350
:10146000DBB280310093803C0391002CB8D1042082
:10147000FFF70EFFFFF71EFF044B01251C7000E075
:101480000025281C05B0F0BD210300202203002008
:101490009E020020F0B5384C87B0002301902370E5
:1014A000994201D1012301E0344A1180344A642673
:1014B00013704320FFF7ECFE324FFFF7F3FE0028D6
:1014C00003D1002F03D0013FF7E7002F03D1013EE6
:1014D000002EEED14DE00125FFF7ECFE2378002B26
:1014E00038D1C0B20290012805D004283DD1062091
:1014F000FFF7CEFE39E005AE0221301CFFF714FFE6
:1015000001988021FFF710FF23780390002B18D15A
:10151000FFF7D0FE0702FFF7CDFEBFB223783F18DA
:10152000BFB2012B0DD0039B9F4207D13378AB4252
:1015300004D1EB437278DBB29A4204D01820FFF753
:10154000A7FE002303E00620FFF7A2FE029B2278FD
:10155000002A02D0002626700BE0012B05D1019A4B
:101560006B1C8032DDB20192B6E7054A002313708E
:101570000126301C07B0F0BD210300209E02002090
:101580002203002000350C0010B50023934203D045
:10159000CC5CC4540133F9E710BD031C821893429C
:1015A00002D019700133FAE770470023C25C01339F
:1015B000002AFBD1581E7047F8B5C046F8BC08BCDD
:1015C0009E467047F8B5C046F8BC08BC9E467047BA
:1015D0000403090441726475696E6F204C4C43002A
:1015E00041726475696E6F204E4F4E4120574C41D9
:1015F0004E0000001201000202000040412357008B
:1016000000020102000100000800000010000000BC
:1016100020000000400000008000000000010000E9
:10162000000200000004000091120000B51200004A
:10163000A5120000E9120000031300008D13000042
:10164000951400007600200041707220313920325C
:101650003031390031343A33383A343800580A0DD1
:1016600000590A0D005A00230A0D003E00322E30A8
:1016700000000000190B0000350B0000510B0000AA
:10168000750B0000910B0000750B0000B90B0000FA
:101690005B41726475696E6F3A58595A5D0000007B
:1016A0002110422063308440A550C660E770088155
:1016B00029914AA16BB18CC1ADD1CEE1EFF13112CC
:1016C000100273325222B5529442F772D6623993A5
:1016D00018837BB35AA3BDD39CC3FFF3DEE362241C
:1016E000433420040114E664C774A44485546AA5F5
:1016F0004BB528850995EEE5CFF5ACC58DD55336AC
:10170000722611163006D776F6669556B4465BB744
:101710007AA719973887DFF7FEE79DD7BCC7C4487B
:10172000E5588668A7784008611802282338CCC994
:10173000EDD98EE9AFF9488969990AA92BB9F55A0B
:10174000D44AB77A966A711A500A333A122AFDDBE4
:10175000DCCBBFFB9EEB799B588B3BBB1AABA66CDB
:10176000877CE44CC55C222C033C600C411CAEED34
:101770008FFDECCDCDDD2AAD0BBD688D499D977EEB
:10178000B66ED55EF44E133E322E511E700E9FFF84
:10179000BEEFDDDFFCCF1BBF3AAF599F788F88913A
:1017A000A981CAB1EBA10CD12DC14EF16FE180101E
:1017B000A100C230E3200450254046706760B98321
:1017C0009893FBA3DAB33DC31CD37FE35EF3B1026E
:1017D0009012F322D2323542145277625672EAB531
:1017E000CBA5A89589856EF54FE52CD50DC5E234BE
:1017F000C324A01481046674476424540544DBA701
:10180000FAB79987B8975FE77EF71DC73CD7D3260D
:10181000F2369106B01657667676154634564CD990
:101820006DC90EF92FE9C899E9898AB9ABA944585D
:10183000654806782768C018E1088238A3287DCB60
:101840005CDB3FEB1EFBF98BD89BBBAB9ABB754AAD
:10185000545A376A167AF10AD01AB32A923A2EFDF0
:101860000FED6CDD4DCDAABD8BADE89DC98D267CFD
:10187000076C645C454CA23C832CE01CC10C1FEF40
:101880003EFF5DCF7CDF9BAFBABFD98FF89F176E4D
:10189000367E554E745E932EB23ED10EF01E000081
:1018A0000000000001140000090243000201008052
:1018B00032090400000102020000052400100104A6
:1018C0002402000524060001052401000107058308
:1018D000030800FF09040100020A00000007058157
:1018E00002400000070502024000000000C20100A3
:1018F0000000080069000000410000000000000036
:10200000008000206D2F0000552F0000552F00008C
:1020100000000000000000000000000000000000C0
:10202000000000000000000000000000552F00002C
:102030000000000000000000552F0000C12F00002C
:10204000552F0000552F0000552F0000552F000080
:10205000552F0000552F0000552F0000592F00006C
:10206000552F0000552F0000552F0000892E00002D
:10207000792E0000552F0000692E0000552F00001A
:10208000552F0000552F0000552F0000552F000040
:1020900000000000552F0000552F0000552F0000B4
:1020A000552F0000552F0000552F0000552F000020
:1020B0000000000010B5064C2378002B07D1054B1B
:1020C000002B02D0044800E000BF0123237010BDA4
:1020D000D400002000000000305A0000044B10B56E
:1020E000002B03D00349044800E000BF10BDC046E8
:1020F00000000000D8000020305A00001FB5140076
:1021000004220023019203AA00920A000100632026
:10211000039300F0F1FC03982060C043C00F40B26D
:1021200004B010BD13B5040002F016FD01AAC1B23F
:102130002000FFF7E3FFC317181AC00F16BDF0B554
:102140000668436885B01400B218050003919A42EE
:1021500003D900249E4210D29C1BAF68380002F0C5
:10216000FBFC039BC2B20093019433003900612051
:1021700000F0C2FC2B681B192B60200005B0F0BDDD
:1021800070B585680400280002F0E6FC221DC1B28B
:102190002800FFF7B3FF606870BD37B5002485687D
:1021A0000460280002F0D8FC2900C2B20194009417
:1021B0002300622000F0A0FC37BD000030B5FF25F1
:1021C000064C8A18914208D00B78013143402B40CD
:1021D0009B001B59000A5840F4E730BDFC4B00003F
:1021E000F0B50C24AFB000AF01F01AF802F09EFB7E
:1021F000012000F023FF01211A2001F0BBF801218A
:102200001A2001F003F901211B2001F0B3F801218C
:102210001B2001F0FBF87849381902F08FFA774853
:1022200000F020FAFF2800D196E000F017FA082607
:1022300030250100381902F0A0FABB19704958196D
:1022400002F07CFABB195919381902F0BEFABB1911
:102250000400581902F02AFA002C7DD1694D286833
:10226000FFF760FF002800D188E029680825B6192B
:102270007B19981900F047FA1C2379197819C918A5
:1022800014228019FFF75BFF0823FB1898197D6A59
:10229000FFF776FF0838854206D00023BB61103374
:1022A0000822BA18D01855E008230125BB616D42F9
:1022B0007A6A1300803BA34213D9082030263B18CA
:1022C0009919102338188022C018FFF738FF08200A
:1022D0003B18802228009919FFF770FF8034050011
:1022E000E6E7082030263B18991910233818121BEE
:1022F000C018FFF724FF08207B6A1A1B3B189919A6
:102300002800FFF75BFFC043BB6A8342C5D13E4B49
:10231000FA6A9A42C1D1E822C02114230825102468
:102320009202C9013948BB6100F0C8FC7B19181939
:10233000FFF726FFC02102007B191819143AC901C2
:1023400000F084F800F03AF900F092F80023BB6145
:102350007B191819FFF721FFC023DB011A6882F3EC
:1023600008882B4A93602B4B1B6818470C23F818DE
:1023700002F09CF90020BD462FB0F0BD264C20682D
:10238000FFF7D0FE0028E7D0082521681C247B1920
:10239000181900F0B8F97B191819FFF7F1FE80231E
:1023A000DB019842D8D9C0217B621C4BC901C418FB
:1023B00022001648C02500F081FC8026ED0108218E
:1023C00030237818C1181C20283BFB18320018183D
:1023D000FFF7B5FE08213022791833008A180B4820
:1023E000290000F01BFC0E4BEB1880359C42E6D810
:1023F00000237B621C3353E701500000C011002012
:10240000FC4F00000800002057804123F800002006
:1024100000ED00E0046000000400002000C0FFFFA9
:1024200080A0FFFF13B500240648230022002100EE
:10243000009401F0B1F822002100034800F0D6FB1F
:1024400013BDC046F0000020F8000020044B1960C6
:10245000044B1960044B1860044B1A607047C04667
:1024600020010020100100201C0100202401002078
:102470000C4970B50C4C0A6823680C489A180A601D
:102480000B49096809188A4209D90A4D0A4A29687C
:102490000A4800F0C3FB2B6822689B182B600023BE
:1024A000236070BD280100202C01002000E0FFFF08
:1024B000200100201001002030010020F800002041
:1024C000054A0649136810B5C85401331360402B00
:1024D00001D1FFF7CDFF10BD2C01002030010020FD
:1024E000F0B51E4B1E4F1B683A6885B09A4232D039
:1024F0001C4D2E68402E24D11B4B1C682368029370
:10250000029963684031994204D9029A00269A429E
:1025100011D29E1AA3681800039302F01DFB134BFF
:10252000C2B200930196029B0399612000F0E4FA85
:1025300023689B1923600E4A13689B1913600023BC
:102540002B602B68094AD05C01332B603B68013358
:102550003B6005B0F0BD01204042FAE724010020B5
:10256000700100200C0000201C01002078010020D8
:1025700074010020F7B5002426000190019B9E42C3
:1025800016DA0C4D0C4F2B68002B06D1FFF7A8FF75
:102590003860431C0DD080232B602A683B686400A0
:1025A0001340591E8B415210E4182A600136E5E7AA
:1025B0002000FEBDBC010020B8010020F7B50024BA
:1025C00020221E4D1E4B2A5501349C42FBD1012076
:1025D000FFF7D0FF431C30D000280CD00820FFF7B5
:1025E000C9FF0600431C28D0FFF76AFF631C2E5565
:1025F0005C05640DEBE70B20FFF7BCFF0600431CF6
:102600001BD00420FFF7B6FF03000190013314D064
:102610003700019BBA1B01339342D8DB7B055B0D6E
:10262000EB5C013718000093FFF74AFF6A46127807
:10263000631C2A555C05640DEBE7F7BDC001002063
:10264000EF07000007B50021034800910B000A00C6
:1026500000F0A2FF07BDC0461401002010B500F035
:1026600023FA10BD10B500F0F7F910BD07B5002131
:1026700004480B000A00009100F08EFF024B034A51
:102680001A6007BDC4110020C011002050C3000013
:1026900007B50021034800910B000A0000F07CFF01
:1026A00007BDC046CC11002007B5002103480091AA
:1026B0000B000A0000F070FF07BDC046D4110020D7
:1026C00007B50021034800910B000A0000F064FFE9
:1026D00007BDC046DC11002030B585B00C000500F8
:1026E00002F03AFA04210023019103A9C2B2009139
:1026F00063202900039300F0FFF903982060C04392
:10270000C00F05B030BD10B504000023A160080063
:10271000211D23606360FFF7DFFF200010BD000074
:1027200007B50021034800910B000A0000F034FFB8
:1027300007BDC046E411002007B500210348009101
:102740000B000A0000F028FF07BDC046EC11002076
:1027500010B504007822002102F01FF9200010BDFE
:1027600010B50C244C4304192068002805D002F051
:1027700001F9002363602360A36010BD70B50500FC
:102780000024210028000134FFF7EAFF0A2CF8D1C9
:10279000280070BD10B5054C2000FFF7D9FF044A92
:1027A0000449200002F016F810BDC046F4110020C4
:1027B000000000207D270000F8B51823234E244F89
:1027C0003370244C04333B70013B237000F04AFB10
:1027D000214D1A2804D801232B702378DB43237062
:1027E0001E4800F0ADFA3078012100F0C3FD3878C2
:1027F000002100F0BFFD2078012100F0BBFD012188
:102800001A2000F0B7FD01211A2000F0FFFD3078FA
:10281000012100F0FBFD2978207800F0F7FD0A2067
:1028200000F00CFC297801252078694000F0EEFDCD
:102830000B4800F003FC00211A2000F0E7FD002106
:102840001A2000F097FD074B1D70F8BD1200002004
:1028500010000020110000206C120020B81600208B
:10286000EE0200006D12002013B500246B465C716F
:102870001C71019A0B490C4800F08AFA0B4B21009D
:10288000187800F0C3FD00F0A3FB0400084B187893
:1028900000F0E8FD012804D000F09AFB001B04289A
:1028A000F4D913BD00127A00B816002012000020DF
:1028B0001000002010B5044B0121187800F0A6FD8F
:1028C000024800F081FA10BD12000020B816002066
:1028D00007B56B46D871D9790248C9B200F088FAB9
:1028E0000EBDC046B816002010B5034B187800F096
:1028F000B9FD0028F9D110BD1000002010B504006A
:10290000FF20FFF7E5FF207010BD70B50C0005003B
:102910000800FFF7F3FF2078401B4342584170BD89
:1029200013B56B46DC1D002320002370FFF7E6FF84
:10293000207816BD70B50500084CFFF7F1FFEF28B1
:1029400008D0013C002C01D0A842F6D1401B4342E4
:10295000584170BD01204042FBE7C046E90300003A
:1029600070B504000D0000201600FFF7B1FF6519D7
:10297000AC4204D02078FFF7ABFF0134F8E7012E1A
:1029800002D1EE20FFF7A4FF70BDF8B505000800E6
:102990000E0017002C00FFF79BFF631B9E4204DD17
:1029A0002078FFF795FF0134F7E7012F02D1EE20E1
:1029B000FFF78EFFF8BD10B50400FF20FFF788FF7A
:1029C000002C00D0207010BDF0B585B01F0002AB08
:1029D000DC1D00230500E020019116002370FFF7A5
:1029E000A9FF002802D1002005B0F0BD2000FFF7AC
:1029F00085FF802223781543AB42F4D12000FFF7F6
:102A00007DFF2378019A9342EDD13800FFF7D3FF81
:102A100035003A78AB1B9A4204DD2800FFF76EFFC1
:102A20000135F6E72100EE20FFF76FFF0120DBE71D
:102A300070B50400E0200D00FFF74AFF7F20204022
:102A4000FFF746FF2800FFF743FF002D02D1EE20DD
:102A5000FFF73EFF70BD0000124B13B51B78002B33
:102A600001D1FFF7A9FEFFF73FFFFFF7FDFE0021B1
:102A70002020FFF7DDFFFFF71DFFFFF735FFFFF712
:102A8000F3FE6B469C1DFF2323706B460022073329
:102A90001A70012122002020FFF796FFFFF70AFF9E
:102AA000207816BD6D120020114B13B51B78002B3A
:102AB00001D1FFF781FEFFF717FFFFF7D5FE0021D9
:102AC0003720FFF7B5FFFFF7F5FEFFF70DFFFFF724
:102AD000CBFE6B460022074C07331A7001212200FF
:102AE0003720FFF771FFFFF7E5FE200016BDC04657
:102AF0006D12002078120020F0B585B00193294BAB
:102B000006001B7800911400002B01D1FFF754FE42
:102B10003500603D6F426F410337FFF7E5FEFFF779
:102B2000A3FE39003000FFF783FF0022042101A833
:102B3000FFF72BFF002204210BA8FFF726FF6A1ED8
:102B400095412100EAB20098FFF71FFF602E04D1E3
:102B500001220B990A98FFF703FF0C34E4190327AD
:102B600025003D4003D0FFF7DBFE0134F8E7FFF717
:102B7000A1FE0F24FFF7B8FEFFF776FE0E236C448C
:102B80006B441D702570602E00D10A9323000A9AB1
:102B900001213000FFF718FFFFF78CFE00202056C0
:102BA00005B0F0BD6D12002007B50021034800916B
:102BB0000B000A0000F0F0FC07BDC04670120020B8
:102BC00010B5054A0549064800F010F80022054BEB
:102BD00005491A705A5410BD01040000005100004C
:102BE000841600207E1200200204000030B5094D3A
:102BF000094CAB685B035B0F9B001C590460AB681E
:102C000001619BB243606343A4008360C46042617E
:102C100030BDC0460040004100560000F7B5802698
:102C20001A4D01916F6803333E439B086E60002B81
:102C30002BD0174E2E802E7DF107FCD51E00076885
:102C4000991BBF088F4219D9002E17D0FF21177882
:102C50008C433C430F4957780C403F023C439778E4
:102C6000013E39040C4F2740D478BFB20F432406ED
:102C700001993C4310C101910432E0E7074B2B80DE
:102C80002B7DDB07FCD53300D1E7F7BD00400041C9
:102C900044A5FFFFFF00FFFFFFFF00FF04A5FFFFAC
:102CA000044B054A4908D9611A801A7DD207FCD520
:102CB0007047C0460040004102A5FFFF70B5040008
:102CC0000D001600E36829002000B34205D2FFF78B
:102CD000E7FFE368ED18F61AF4E7FFF7E1FF70BDD0
:102CE000037D002B04D14375837583610133037524
:102CF00070477FB5C36802AD04000E0002916A60A0
:102D00008B4203D1028AAB889A4218D02000062257
:102D100029000C3001F038FE206800F0B4FD6B791A
:102D2000227AE17900932068002300F04DFE2068AC
:102D30002979320000F078FD206800F09AFD7FBD0F
:102D400070B518260400FFF7CBFF33000821207967
:102D50000D4D4343EB18595600F09CFB33000821FE
:102D6000A0794343EB18595600F094FB0821607991
:102D70004643AD19695600F08DFB044B200006CB8D
:102D8000FFF7B7FF70BDC04620560000D4160020E4
:102D900007B5437D00910192002B07D09A070AD511
:102DA000EFF310835A425341837572B60099019A2A
:102DB000FFF79FFF07BDDB07F8D58369014A9BB288
:102DC0009360F3E700180040437D002B05D09A077D
:102DD00004D5837D002B00D062B67047DB07FCD59D
:102DE0008369024A9BB2D360F7E7C04600180040EF
:102DF00010B5006800F050FD10BD0000114A124BE4
:102E000012491360002353711371114A1160114963
:102E1000D36091800D2191710A3953741374137525
:102E2000D37111720C4AD3605374137413750B4B26
:102E3000D17113600A4B938019239371183B13725D
:102E40007047C046D416002000093D00941D0020A4
:102E50009C1600200C0B0000B8160020981D0020C6
:102E6000171600002120704710B5024801F037FB0B
:102E700010BDC046DC16002010B5024801F02FFB43
:102E800010BDC0461819002010B5024801F027FBFC
:102E900010BDC046541B0020F0B51F4985B01F4827
:102EA00000F038FC1E491F4800F034FC1E4D1F493D
:102EB000280000F02FFC1E4E1E49300000F02AFCB6
:102EC0001D491E4800F026FC1D4F1E49380000F029
:102ED00021FC0124032339000093019423000022E4
:102EE000194801F091FA00233100019300941D3339
:102EF0001E22164801F088FA19230393013B02931E
:102F0000163B01930094143317222900104801F056
:102F100037FA05B0F0BDC04600080042901D002001
:102F2000000C0042941D0020981D0020001000425B
:102F30009C1D00200014004200180042A01D00202B
:102F4000A41D0020001C0042DC16002018190020DF
:102F5000541B0020FEE70000034B10B51B68002B3C
:102F600000D0984710BDC046A81D002070B50F497D
:102F70000F4CA14204D100F089F8FFF731F9FEE7C8
:102F80000C4D00238D42F6D0CA18E818A24205D392
:102F9000094B8242EFD00949002204E00068043363
:102FA0001060F1E704C38B42FCD3E4E7000000208B
:102FB000D4000020345A0000D4000020DC2300207C
:102FC00010B500F060F8002801D100F051F810BDF4
:102FD000014B18687047C046AC1D0020F7B5134878
:102FE000012284461249134C8E68636805689B0E63
:102FF0001340019288686268019F920E3A406746CA
:103000003F6893420ED1BD420CD186420AD35B1970
:10301000FA254868AD00861B07486B437043000DD6
:10302000C018FEBD3D0013000600E3E7AC1D002004
:1030300010E000E000ED00E05555000070B5041E02
:1030400010D0FFF7CBFF050000F01CF8FFF7C6FF1C
:10305000054B401B9842F7D9FA23013C9B00ED1821
:10306000002CF3D170BDC046E7030000704700009C
:1030700010B5034A13680133136000F00FFB10BD55
:10308000AC1D002070470020704700001E22F0B5E4
:10309000504851494368514D93431A00022313434A
:1030A000436008238A691343FE228B612B68D20395
:1030B0009B0213404A4A13434A4A93611300042275
:1030C000DC681442FCD00124474A1470167826426A
:1030D00003D0567876B2002EF8DB01249460547841
:1030E00064B2002CFBDB414C5460547864B2002C79
:1030F000FBDB8224E4015480547864B2002CFBDBB7
:1031000002249C840E34DE682642FCD0384CDC62FB
:103110001024DE682642FCD02C68A40E3F2C00D17F
:10312000203C9E6A334FA4023E4034439C629C6A1A
:10313000314EA40AA40234439C62304CDC62002469
:103140009C841034DE682642FCD02D4C9C841024D4
:10315000DE682642FCD002249E8C34439C841024DA
:10316000DE682642FCD000249460547864B2002CBF
:10317000FBDB244C5460547864B2002CFBDB1C6AEB
:10318000214E344080261C621C6AB4431C62032317
:1031900093601E4B536053785BB2002BFBDB002324
:1031A000FF240B721A4A4B728B72CB72194B1A6046
:1031B000194A2B6811689A065B01C90E2340520F09
:1031C00012020B431343154A1385802342681343AD
:1031D0004360F0BD004000410004004024608000D6
:1031E0000606000000080040000C00400104010039
:1031F000B905FF7DFF03FFFFFF01000080BB0A1C34
:103200002405000000070300FFFCFFFF0306010088
:10321000006CDC02140000202060800000400042AE
:10322000FA21314B10B51868890001F0E5FA2F4BEF
:103230000138984256D82E492E4A4860C020136A59
:1032400000061B021B0A03431362002407238C6041
:103250000B608021136A09061B021B0A0B431362D1
:10326000FC22254B196A0A431A62FC22196A920150
:103270000A431A62A022196AD2020A431A62200083
:103280000021013400F076F81F2CF8D11B4B1C00F4
:103290005A7852B2002AFBDB194A5A80194B1A009D
:1032A000597EC9090129FBD0E421C90099803F2139
:1032B000D970537EDB09012BFBD0C02300205B01BA
:1032C0001361907000F024F863785BB2002BFBDB95
:1032D0000D4B0E4A6380D379DB09012BFBD04123D0
:1032E000537010BDFEE7C04614000020FFFFFF0032
:1032F00010E000E000ED00E000040040000C0040A1
:103300001E400000004000422140000000480042F2
:10331000164A00B51300517EC9090129FBD00138B6
:10332000042816D81969124A0A400F211A615A78DE
:103330008A4301F057FA0308060B0300110001222B
:103340000A435A7000BD11000322F9E7110002225E
:10335000F6E7F02311691B050B430F211361537826
:103360008B43190002230B435370EBE700400042EC
:10337000FFFFFFF0182330B51D000400454308206F
:10338000204A55192856013014D0032912D80800B4
:103390006343D156D31801F025FA02280E1B586852
:1033A000CB010221184A9B181A18403211700122D1
:1033B00082405A6030BD5868CB010621124A9B18E2
:1033C0001A1840321170012282405A609A61F1E766
:1033D0005868CB0106210C4A9B181A18403211700C
:1033E000012282405A605A61E4E75868CB01022109
:1033F000054A9B181A1840321170012282409A60C7
:10340000D8E7C04620560000004400411823F0B51C
:1034100008245843114A13181C5701341BD00126A5
:1034200035005F688356BD400D4ADB019A189068ED
:1034300005420BD10C00601E8441D2194032107835
:1034400034400336A400B04320431070044A9B1854
:10345000002901D15D61F0BD9D61FCE720560000AF
:1034600000440041182310B50824434307490020B5
:10347000CA181457013408D05B560549DB015B18A4
:10348000186A5368D8400123184010BD2056000028
:103490000044004118224243F8B52C4E0300B218F4
:1034A000127A52B2140001320ED0481C00240C28AB
:1034B0000AD801F097F9071F1F1F1F1F1F1F1F0B9F
:1034C0000B0B0B00012464422000F8BD092905D133
:1034D00000211800FFF74EFF0024F5E70A2901D16B
:1034E0000839F6E700240B29EED10A391800FFF756
:1034F00041FFE9E718225343F218556801202C00D8
:10350000F356134ADB016E089B18C9B204409E199A
:10351000002C0DD00F24303632780901224011439F
:10352000C9B25B19317040331A7810431870D3E771
:1035300032000F27303216785B19BE4331431170C9
:1035400040331A7810431870BEE7C046205600007A
:1035500000440041F7B5C31D0193002306000D0090
:10356000041D009321780A22280000F081F82E2102
:103570000700280000F047F8009B3F18DB19009374
:10358000019B01349C42EDD1F17928000A2200F020
:103590006FF8009B1818FEBD30B503AC2578044CBD
:1035A000C5710834046001714271837130BDC04639
:1035B00038590000F7B506000D000C008B18019378
:1035C000019B671B9C4207D0336821781B68300041
:1035D000984701340028F3D13800FEBD70B50400CF
:1035E00008000D0001F0B8FA2368020029005B68AA
:1035F0002000984770BD10B50B1E02D0FFF7EEFFFC
:103600000300180010BD10B503681B68984710BD73
:10361000F0B58BB06B461500002205330600DA7753
:103620000800012D00D80A2509AC290001F06AF92B
:10363000CAB2130037330700DBB2092902D81300DE
:103640003033DBB2013C2370002FEED1210030007B
:10365000FFF7D1FF0BB0F0BD10B5002A04D103680D
:10366000C9B21B68984710BDD2B2FFF7D1FFFAE785
:1036700010B5FFF7F1FF10BD10B50400FFF7F6FC21
:10368000014B1C6010BDC046180000200122024BF7
:1036900052421A607047C04618000020164A10B502
:1036A0001368591C26D0013B1360002B22D172B63F
:1036B000124B134A0433934213D9124A01211000CA
:1036C000147D0C42FCD02021148BFF319B085B0041
:1036D00021431183D3610C4B13800123027D1A42D5
:1036E000FCD0BFF34F8F094B094ADA60BFF34F8F0D
:1036F000C046FDE710BDC0461800002000200000B5
:10370000030200000040004102A5FFFF00ED00E0C1
:103710000400FA05016070479446F0B59E1E721EC3
:1037200096416246056892072F6836063A4332434F
:103730002A60072505AC24780068A40129402143AC
:1037400042680024022B00D05C03114321434160F6
:10375000F0BD30B5C0250368AD031C6812052A40D2
:103760002243C0240904A4022140114319600368C4
:103770005A6814435C6030BD0123026811680B4332
:10378000136003681A68D207FCD4DA69D207F9D447
:1037900070470223026811680B4313600268D36903
:1037A0009B07FCD4704703681A7ED20702D41A7EA6
:1037B0009207FCD57047002203685A83704703685C
:1037C000187E4007C00F70470368187EC009704715
:1037D000802302685B42117E0B43137670470368B7
:1037E000588B8007C00F704702230268518B0B4330
:1037F000538370470368187EC007C00F7047036883
:10380000188DC0B2704703681A7ED207FCD589B202
:10381000012019857047012203689A7570470122BB
:1038200003681A757047000070B5012604684B08DC
:1038300033403140256809075B070B432B43236066
:1038400004685100034800F0D7FF0138C0B220736C
:1038500070BDC046006CDC020123026811680B4396
:10386000136003681A68D207FCD4DA69D207F9D466
:1038700070470223026811680B4313600268D36922
:103880009B07FCD470470368DA699207FCD40221D5
:103890001A688A431A6070470268936A5B0A5B027F
:1038A0001943916203681A7E5207FCD5986AC0B228
:1038B000704700000368214A30B593422FD0204A58
:1038C00093422FD01F4A93422FD01F4A93422FD0AA
:1038D0001E4A93422FD01E4A93421FD10E23192213
:1038E0000121032599401B48C024016099082B4001
:1038F000AB40FC359D4089000918A4000859A84335
:10390000C0259D402B0003430B518023DB011A434C
:10391000114B5A805A7852B2002AFBDB30BD092382
:103920001422DDE70A231522DAE70B231622D7E754
:103930000C231722D4E70D231822D1E700080042F8
:10394000000C004200100042001400420018004227
:10395000001C004200E100E0000C0040F8B504004B
:103960000F0016001D00FFF7A5FF2000FFF704FF62
:103970001C21BB000B4071072268090C0B4313602C
:10398000842322689375012F1AD11021012E00D0B3
:1039900008390C4B69431868C00000F02DFF07225E
:1039A000216802408B895203DB04DB0C13438B81BB
:1039B000226803049089DB0C400B4003184390817C
:1039C000F8BDC04614000020F7B50600019308AB0F
:1039D0001F780D001400FFF73FFF3000FFF76AFF6C
:1039E000C022240592031440BA070C2717433C4316
:1039F000C0270722BF022D0433683D4025431D60C8
:103A0000019B316813401A0080239B0213434B60D3
:103A1000F7BD0020704770B50F26CB1D013902009D
:103A20003240D5B22C0000093034092A00DD0734B9
:103A30001C70013B8B42F2D170BD000010B50C0030
:103A40000B4B1868FFF7E7FF21000A4B0831186895
:103A5000FFF7E1FF2100084B10311868FFF7DBFF8B
:103A60002100064B18311868FFF7D5FF202010BD44
:103A70000CA0800040A0800044A0800048A08000EE
:103A800008B4024B9C46103808BC60473D3A000021
:103A900070473F20704713B56B460268D9710733F2
:103AA000546819000122A04716BD000070B50A260F
:103AB0000B7892B06E44023305000B703C2200215B
:103AC000300000F06AFF394801AC069038482421E4
:103AD0000790062020776846364AA1742281364A2C
:103AE000364BA281FD3AFF3A8018C17768462339E8
:103AF0000630C17768460730C17702A8C177072032
:103B0000F277032608316944C87703A9CE771021DC
:103B10002B366E443170092621851F3169440E70A1
:103B20000CA9053E0E7033212380022369440B70DB
:103B300006360DA90E7022493536A1863B216E440A
:103B4000307010A86274E27702703D3269446A44B2
:103B50000B70137040210022E37023716371A37313
:103B600041336B44218719705A702B7DC039A37083
:103B7000A37263770133DBB2A3776A7D0B200D005C
:103B800068441543C5773120684403703A23501CBC
:103B90006B441870412302320A436B441A702100AF
:103BA0004222084800F0D8FA12B070BD1001042477
:103BB000020605240904000001020000080B0000B1
:103BC00007050000181E002008B4024B9C46103860
:103BD00008BC6047AD3A000070B5027D0B790C005F
:103BE00000259A420BD10B784E78A12B09D1212EBA
:103BF00005D107221F49204800F0AEFA0135280000
:103C000070BD212BFBD1202E2BD1072219491A4838
:103C100000F0E4F9174B1A785978090211439A78A1
:103C200012041143DA7812060A439621C9008A4227
:103C30001DD1DB79DB071AD4FA20FFF71DFD002127
:103C40000D4800F0B3FA0125232ED8D1E378A278ED
:103C50001B021343094A00210748136000F0A6FA2B
:103C6000CDE7222EEFD18A78024BDA71D2E7FFF747
:103C70000DFDE4E720000020181E00201C0000209D
:103C800008B4024B9C46103808BC6047D93B000082
:103C900010B5417D006A013100F0D8F8034B1B6874
:103CA00001335A1E9341181810BDC0462800002049
:103CB00010B5417D006A023100F0DEF810BD10B58C
:103CC000417D006A023100F0A5F810BD70B50D000D
:103CD000417D0400130002312A00006A00F092F9CD
:103CE000002801D10123636070BD000010B5054CB0
:103CF00023685A1C04D103685B699847030020605D
:103D0000180010BD28000020074A0300106810B5F5
:103D1000411C03D001235B42136010BD597D186A1A
:103D2000013100F01FF9F8E728000020704700205B
:103D300070470000FA239B0010B583600F4B0022F0
:103D4000C3820300283383610D4B04004260C261CB
:103D50001800443323610830631D21622060DA7744
:103D60008323A362813BE3628033236300F040F846
:103D70002100103100F010F8200010BD03020000F7
:103D80004459000010B502490248FFF7D3FF10BDA7
:103D9000181E0020B01D0020F0B58C794578030076
:103DA0002A190020072A1FDC5A68824216D159605E
:103DB0001A78C8790A7112184D711A7000220B4DC9
:103DC000D0B284420FD98F6858789600F759860090
:103DD0000130775101325870F2E70200D0680028B4
:103DE000FBD1D160E4E70120F0BDC046F01D00200A
:103DF0000121064A10B5136805480B4004D1802400
:103E0000640004804360116010BDC046E41D0020C2
:103E1000E81D00200B4BCAB20B488901C918530199
:103E2000C318596199690832890B8903996103683C
:103E300052019A180223D3715179823B0B4353717B
:103E40007047C046401E0020C8220020084B8A0050
:103E5000D05810B5002803D003689B68984710BD60
:103E6000C9B2044B4901591888688004800CF6E7F0
:103E70001C1E0020C822002010B50C00FFF7E6FF32
:103E800000280CD0064BE4B21B68083464011C19EE
:103E9000802362795B42134363710223E37110BD97
:103EA000C8220020F0B51C002A4B85B01B68070013
:103EB0000D000292002B4AD0274B8A00D0580028D0
:103EC00008D0036822005B6802999847040020002C
:103ED00005B0F0BD3800FFF7B9FF844204D92900CE
:103EE0003800FFF7B3FF04000121EBB21B4E039330
:103EF0005B010193F21893689B0B9B039360019AFB
:103F0000336802989B18FF335A7A0A435A72144B4B
:103F1000A901C918220000F037FD002CD7D02900D4
:103F20003800FFF793FF0028D1D14021039B32686E
:103F300008335B01D3181879014319710121D97134
:103F4000019BD318FF339A7A0A439A72BFE7012480
:103F50006442BCE7C42200201C1E0020C8220020AE
:103F60000020002013B56B46DC1D22000123FFF763
:103F700099FF012801D1207816BD01204042FBE7BE
:103F800070B5CBB2124A13485C0189018918021935
:103F900051609168104D08330D4080214903294339
:103FA000402591609168890B8903916001685A01ED
:103FB0008A1816793543157195796D06FCD55B0124
:103FC000C918CB79DB07FCD500198068C0B270BD79
:103FD00000200020C8220020FF3F00F070B50D0037
:103FE00000211400FFF7CCFFA04200D920000023DD
:103FF0000349A34203D0CA5CEA540133F9E770BD18
:1040000000200020F0B51E003A4B85B01B680F0061
:104010000192002B35D08023DB019E4231D8002550
:10402000354B8A01D3180293002E2CD0334B1B68DA
:104030000393FF233B401C0000930834039B64015F
:104040001C19A379DB0921D02D4B2E49186800F0EB
:10405000D3FB2D4B1721584300F0CEFB2B4BE279BD
:10406000920713D4DA5D002A01D10138F7D2012278
:10407000DA55009B5A01214B9B189A69920B9203C7
:104080009A6101256D42280005B0F0BD00221F4B4A
:104090003400DA553F2E09D9009B40245A01174BB2
:1040A0009B188022996912060A439A61220001999D
:1040B000029800F069FC009BA1045A010F4B890C87
:1040C0009B18029A2D195A619A69361B920B92031A
:1040D0000A439A61009B039A08335B01D3180222BA
:1040E000DA715979823A0A435A71019B1B1901937B
:1040F0009AE7C046C4220020401E0020C8220020AB
:104100001400002040420F0070110100381E0020F2
:1041100070B50D001C000D4BAE01F61811003000FB
:10412000220000F031FCEDB209496D014D196E61BC
:10413000AB69084A20001340AB61AB69A2049B0B3A
:10414000920C9B031343AB6170BDC046401E002020
:10415000C8220020FF3F00F0F7B5104B01901B78FC
:104160000F001500002B0CD10D4B16001C78002CF5
:1041700009D00C4E0C4834882018641900F004FC57
:1041800034802800FEBD002EFBD03A1933000021F8
:104190000198FFF7BDFF2418361AF4E7C02100206C
:1041A000C1220020C2220020C1210020CBB204493C
:1041B0005B01C9188B699B0B9B038B617047C046E1
:1041C000C8220020014B024A1A607047C822002012
:1041D000005000410120704710B50368014A1B6A76
:1041E000984710BD130400000300FC33D9699A6995
:1041F000914203D0DB69C018007D70470120404226
:10420000FBE710B504000069FFF7B6FA22000023AF
:10421000FC329361D36186229200A4186360A3608C
:1042200010BDF02001403039484248417047F0232A
:104230001B011940802306209B0099420AD00133BC
:10424000FF330130994205D0802302385B00994248
:1042500000D0002070470F2001400020012903D02A
:104260000239481E8141481C704700008923F0B57F
:10427000182685B002919B000400C05C3300082121
:104280004343324D1700EB185956FFF703F9304BF3
:104290000821E05C33004343EB185956FFF7FAF866
:1042A0002C4BE25C0393022A09D11133E05CFF2816
:1042B00005D008214643AE197156FFF7EBF88A2660
:1042C000B600A05DFF2819D00121FFF753F818228E
:1042D000A35D21495A43AB56AD18DB0158188B2119
:1042E000890060501D4901225B188C2189006350B0
:1042F00069688A408D21890062501A600122029B00
:1043000011002069FFF72AFB39002000FFF78FFF1B
:10431000390005002000FFF79EFF3900060020004D
:10432000FFF77FFF33000090290020690122FFF78B
:10433000F3F90B4B2069E25C039BE15CFFF709FAA0
:104340002069FFF726FA05B0F0BDC04620560000F0
:1043500025020000270200001844004114440041D7
:1043600026020000802210B504005200002100F057
:1043700014FB23000022FC335A6020009A6010BD19
:10438000F0B585B01D000AAB1B78040000930BABA1
:104390001B78160001930CAB1B780F0002930DAB3A
:1043A0001B78039300234360FA239B008360124B26
:1043B000083303601430FFF7D5FF20001D30FF30B5
:1043C000FFF7D0FF89236A469B002761E6540B4B19
:1043D0001278E5540A4B2000E2546A46094B1279E0
:1043E000E2546A46127A0133E2546A46127B103371
:1043F000E25405B0F0BDC0469C5900002502000003
:104400002602000027020000F7B51D0008AB1B784C
:104410000400009309AB1B7816000193002343604E
:10442000FA239B008360114B0F00083303601430A4
:10443000FFF798FF20001D30FF30FFF793FF89231F
:104440006A469B002761E654094B1278E554094BF4
:104450002000E2546A46084B1279E2548A22293B32
:10446000FF3B9200A3541032A354FEBD9C590000A0
:104470002502000026020000270200000300FC3392
:1044800058689B68C01A01D50130FF30704710B5DD
:10449000040020001D30FF30FFF7F0FF0028F8D1A6
:1044A0002069FFF780F910BD10B51430FFF7E6FF63
:1044B00010BD0300FC3359689A68914204DB5A68C6
:1044C0009868801AFF30704798685B68C01A013896
:1044D000F9E710B51D30FF30FFF7EBFF10BD10B549
:1044E00004000069FFF77BF9002805D02069FFF779
:1044F00086F92069FFF778F92069FFF760F900284D
:1045000020D02069FFF77BF92200FC329369D16942
:104510000133DBB28B4203D0916961180875936156
:104520008A239B00E35CFF2B0CD020001430FFF7A4
:10453000C0FF092806DC8B238D229B009200E358E4
:10454000A2581A602069FFF755F900281AD02000F8
:104550001D30FF30FFF792FF002822D086239B00FA
:10456000E31899685A68914218D08E219A684900D8
:10457000A218515C9A680132D2B29A60C9B220691D
:10458000FFF741F92069FFF71FF9002805D02069DE
:10459000FFF71EF92069FFF70EF910BD012149420E
:1045A000ECE72069FFF73BF9ECE7000070B5040089
:1045B00000690D00FFF71EF900283ED1FF26862373
:1045C0009B00E3185A689968013232408A4223D12D
:1045D000EFF31083DB0710D41E4B5B68DB05DB0DAC
:1045E000EDD0103B5BB2002B10DA0F221340083BDA
:1045F0009B08194A9B009B181B682069FFF7FAF873
:104600000028DCD02000FFF76AFFD8E79B08C03302
:10461000124A9B009B58F0E75A68013216409A688C
:10462000964205D08E215A684900A21855545E6002
:104630002069FFF7F0F8012070BD20001D30FF3029
:10464000FFF71CFF0028B9D129002069FFF7DBF82C
:10465000F1E7C04600ED00E01CED00E000E100E005
:10466000030070B5FC33D9699A69040091421AD0ED
:10467000DA698218157DDA690132D2B2DA618A23E9
:104680009B00E35CFF2B0CD020001430FFF711FFE0
:104690000A2806DD8C238D229B009200E358A25845
:1046A0001A60280070BD01256D42E8E710B50400CE
:1046B000006800F05FF9200010BD10B5040000682C
:1046C000002801D000F056F900232360A360636046
:1046D00010BD70B504000D000068013100F00EFA45
:1046E000031E01D0012028C470BD036810B504006A
:1046F000002B04D043688B4201D3012010BD200061
:10470000FFF7E7FF0028F9D0A368002BF5D1226856
:104710001370F2E770B50E00110004001500FFF7EA
:10472000E4FF002804D12000FFF7C7FF200070BD80
:10473000A5603100206800F007FAF7E7002370B5A4
:1047400004000D00036043608360994207D00800B5
:1047500000F002FA290002002000FFF7DBFF200032
:1047600070BD70B5050008000C0000F0F5F92100DF
:1047700002002800FFF7CEFF70BD10B5040000292D
:1047800003D0FFF7EEFF200010BDFFF796FFFAE71A
:10479000026810B50B68002A13D0002B0CD1816879
:1047A0001800002907D0107805E08968100000295A
:1047B00001D01878404210BD1900100000F0BAF97D
:1047C000F9E7002BF1D11800F5E710B5FFF7E0FF8E
:1047D000C00F10BD0B0010B50100180000F098F8D4
:1047E00010BD000002B4714649084900095C490047
:1047F0008E4402BC7047C046002243088B4274D3EB
:1048000003098B425FD3030A8B4244D3030B8B42D1
:1048100028D3030C8B420DD3FF22090212BA030CDA
:104820008B4202D31212090265D0030B8B4219D3BB
:1048300000E0090AC30B8B4201D3CB03C01A5241DB
:10484000830B8B4201D38B03C01A5241430B8B4223
:1048500001D34B03C01A5241030B8B4201D30B030C
:10486000C01A5241C30A8B4201D3CB02C01A524133
:10487000830A8B4201D38B02C01A5241430A8B42F6
:1048800001D34B02C01A5241030A8B4201D30B02DF
:10489000C01A5241CDD2C3098B4201D3CB01C01AF9
:1048A000524183098B4201D38B01C01A5241430903
:1048B0008B4201D34B01C01A524103098B4201D3F1
:1048C0000B01C01A5241C3088B4201D3CB00C01A5E
:1048D000524183088B4201D38B00C01A52414308D6
:1048E0008B4201D34B00C01A5241411A00D20146FB
:1048F000524110467047FFE701B5002000F006F86E
:1049000002BDC0460029F7D076E770477047C04621
:1049100010B5040004481300002804D00A00022047
:10492000210000E000BF10BD0000000070B50026AF
:104930000C4D0D4C641BA410A64209D1002600F0BA
:1049400051F90A4D0A4C641BA410A64205D170BD52
:10495000B300EB5898470136EEE7B300EB589847A1
:104960000136F2E790000020900000209000002027
:10497000D000002010B5034B0100186800F016F8B5
:1049800010BDC0462C000020002310B59A4200D173
:1049900010BDCC5CC4540133F8E7030012189342F5
:1049A00000D1704719700133F9E7000070B50500B8
:1049B000002910D00C1F2368002B00DAE41828000F
:1049C00000F0D1F81D4A1368002B05D16360146014
:1049D000280000F0C9F870BDA34209D92168601809
:1049E0008342F3D118685B6841182160EEE7130039
:1049F0005A68002A01D0A242F9D919685818A04271
:104A00000BD120680918581819608242E0D110684B
:104A10005268411819605A60DAE7A04202D90C23A3
:104A20002B60D5E721686018824203D11068526874
:104A30004118216062605C60CAE7C046CC23002058
:104A4000032370B5CD1C9D43083506000C2D1ED2E6
:104A50000C25A9421DD8300000F085F8254A1468BD
:104A60002100002919D1244C2368002B03D13000E8
:104A700000F04EF820602900300000F049F8431C97
:104A80002BD10C233000336000F06EF803E0002DD2
:104A9000DFDA0C233360002070BD0B685B1B19D478
:104AA0000B2B03D90B60CC18256003E04B688C42BC
:104AB0000DD11360300000F057F8200007220B30B2
:104AC000231D9043C31AE7D05A42E250E4E76360E3
:104AD0000C00EFE70C004968C3E70323C41C9C43A8
:104AE000A042E1D0211A300000F012F8431CDBD1C3
:104AF000C7E7C046CC230020D023002010B5034BCD
:104B00000A000100186800F030F810BD2C000020E9
:104B1000002370B5064C05000800236000F054F82F
:104B2000431C03D12368002B00D02B6070BDC0460E
:104B3000D823002002780B78002A03D001300131FD
:104B40009A42F7D0D01A704703000A7801311A70E0
:104B50000133002AF9D170470023C25C0133002AD7
:104B6000FBD1581E704770477047F8B507000D001D
:104B70001600002905D11100FFF762FF0400200094
:104B8000F8BD002A03D1FFF711FF3400F7E700F06A
:104B900012F82C00B042F2D231003800FFF750FF7B
:104BA000041EECD029003200FFF7EEFE2900380089
:104BB000FFF7FCFEE3E70B1F1B68181F002B01DA51
:104BC0000B58C01870470000044A1368002B00D12E
:104BD000034B1818106018007047C046D4230020FB
:104BE000DC230020F8B5C046F8BC08BC9E467047E0
:104BF000F8B5C046F8BC08BC9E46704700000000EF
:104C0000963007772C610EEEBA51099919C46D07D9
:104C10008FF46A7035A563E9A395649E3288DB0E34
:104C2000A4B8DC791EE9D5E088D9D2972B4CB60917
:104C3000BD7CB17E072DB8E7911DBF906410B71DF4
:104C4000F220B06A4871B9F3DE41BE847DD4DA1A2D
:104C5000EBE4DD6D51B5D4F4C785D38356986C135E
:104C6000C0A86B647AF962FDECC9658A4F5C0114D7
:104C7000D96C0663633D0FFAF50D088DC8206E3BB5
:104C80005E10694CE44160D5727167A2D1E4033CC7
:104C900047D4044BFD850DD26BB50AA5FAA8B535EE
:104CA0006C98B242D6C9BBDB40F9BCACE36CD832DD
:104CB000755CDF45CF0DD6DC593DD1ABAC30D92684
:104CC0003A00DE518051D7C81661D0BFB5F4B42187
:104CD00023C4B3569995BACF0FA5BDB89EB8022884
:104CE0000888055FB2D90CC624E90BB1877C6F2F09
:104CF000114C6858AB1D61C13D2D66B69041DC7604
:104D00000671DB01BC20D2982A10D5EF8985B171DC
:104D10001FB5B606A5E4BF9F33D4B8E8A2C907788B
:104D200034F9000F8EA8099618980EE1BB0D6A7F22
:104D30002D3D6D08976C6491015C63E6F4516B6BDB
:104D400062616C1CD83065854E0062F2ED95066C90
:104D50007BA5011BC1F4088257C40FF5C6D9B06505
:104D600050E9B712EAB8BE8B7C88B9FCDF1DDD6262
:104D7000492DDA15F37CD38C654CD4FB5861B24DC8
:104D8000CE51B53A7400BCA3E230BBD441A5DF4A92
:104D9000D795D83D6DC4D1A4FBF4D6D36AE9694355
:104DA000FCD96E34468867ADD0B860DA732D044400
:104DB000E51D03335F4C0AAAC97C0DDD3C7105502B
:104DC000AA41022710100BBE86200CC925B56857D2
:104DD000B3856F2009D466B99FE461CE0EF9DE5E1B
:104DE00098C9D9292298D0B0B4A8D7C7173DB359CC
:104DF000810DB42E3B5CBDB7AD6CBAC02083B8ED5D
:104E0000B6B3BF9A0CE2B6039AD2B1743947D5EA69
:104E1000AF77D29D1526DB048316DC73120B63E398
:104E2000843B64943E6A6D0DA85A6A7A0BCF0EE4F7
:104E30009DFF099327AE000AB19E077D44930FF0B2
:104E4000D2A3088768F2011EFEC206695D5762F7A9
:104E5000CB67658071366C19E7066B6E761BD4FEE6
:104E6000E02BD3895A7ADA10CC4ADD676FDFB9F9C3
:104E7000F9EFBE8E43BEB717D58EB060E8A3D6D685
:104E80007E93D1A1C4C2D83852F2DF4FF167BBD1B3
:104E90006757BCA6DD06B53F4B36B248DA2B0DD8B6
:104EA0004C1B0AAFF64A0336607A0441C3EF60DF59
:104EB00055DF67A8EF8E6E3179BE69468CB361CB42
:104EC0001A8366BCA0D26F2536E2685295770CCC67
:104ED00003470BBBB91602222F260555BE3BBAC5A8
:104EE000280BBDB2925AB42B046AB35CA7FFD7C299
:104EF00031CFD0B58B9ED92C1DAEDE5BB0C2649B8A
:104F000026F263EC9CA36A750A936D02A906099CBC
:104F10003F360EEB8567077213570005824ABF952F
:104F2000147AB8E2AE2BB17B381BB60C9B8ED292B2
:104F30000DBED5E5B7EFDC7C21DFDB0BD4D2D38609
:104F400042E2D4F1F8B3DD686E83DA1FCD16BE817C
:104F50005B26B9F6E177B06F7747B718E65A08884D
:104F6000706A0FFFCA3B06665C0B0111FF9E658FDE
:104F700069AE62F8D3FF6B6145CF6C1678E20AA088
:104F8000EED20DD75483044EC2B30339612667A70E
:104F9000F71660D04D476949DB776E3E4A6AD1AE5D
:104FA000DC5AD6D9660BDF40F03BD83753AEBCA9EC
:104FB000C59EBBDE7FCFB247E9FFB5301CF2BDBD59
:104FC0008AC2BACA3093B353A6A3B4240536D0BA62
:104FD0009306D7CD2957DE54BF67D9232E7A66B3FF
:104FE000B84A61C4021B685D942B6F2A37BE0BB4AC
:104FF000A18E0CC31BDF055A8DEF022D312E342EEE
:1050000031002F66732F5550444154452E42494E6E
:105010002E4C5A5353002F66732F5550444154451C
:105020002E42494E00000000000000000000000079
:105030000000000000000000000000000000000070
:105040000000000000000000000000000000000060
:105050000000000000000000000000000000000050
:105060000000000000000000000000000000000040
:105070000000000000000000000000000000000030
:105080000000000000000000000000000000000020
:105090000000000000000000000000000000000010
:1050A0000000000000000000000000000000000000
:1050B00000000000000000000000000000000000F0
:1050C00000000000000000000000000000000000E0
:1050D00000000000000000000000000000000000D0
:1050E00000000000000000000000000000000000C0
:1050F00000000000000000000000000000000000B0
:10510000000000000000000000000000000000009F
:10511000000000000000000000000000000000008F
:10512000000000000000000000000000000000007F
:10513000000000000000000000000000000000006F
:10514000000000000000000000000000000000005F
:10515000000000000000000000000000000000004F
:10516000000000000000000000000000000000003F
:10517000000000000000000000000000000000002F
:10518000000000000000000000000000000000001F
:10519000000000000000000000000000000000000F
:1051A00000000000000000000000000000000000FF
:1051B00000000000000000000000000000000000EF
:1051C00000000000000000000000000000000000DF
:1051D00000000000000000000000000000000000CF
:1051E00000000000000000000000000000000000BF
:1051F00000000000000000000000000000000000AF
:10520000000000000000000000000000000000009E
:10521000000000000000000000000000000000008E
:10522000000000000000000000000000000000007E
:10523000000000000000000000000000000000006E
:10524000000000000000000000000000000000005E
:10525000000000000000000000000000000000004E
:10526000000000000000000000000000000000003E
:10527000000000000000000000000000000000002E
:10528000000000000000000000000000000000001E
:10529000000000000000000000000000000000000E
:1052A00000000000000000000000000000000000FE
:1052B00000000000000000000000000000000000EE
:1052C00000000000000000000000000000000000DE
:1052D00000000000000000000000000000000000CE
:1052E00000000000000000000000000000000000BE
:1052F00000000000000000000000000000000000AE
:10530000000000000000000000000000000000009D
:10531000000000000000000000000000000000008D
:10532000000000000000000000000000000000007D
:10533000000000000000000000000000000000006D
:10534000000000000000000000000000000000005D
:10535000000000000000000000000000000000004D
:10536000000000000000000000000000000000003D
:10537000000000000000000000000000000000002D
:10538000000000000000000000000000000000001D
:10539000000000000000000000000000000000000D
:1053A00000000000000000000000000000000000FD
:1053B00000000000000000000000000000000000ED
:1053C00000000000000000000000000000000000DD
:1053D00000000000000000000000000000000000CD
:1053E00000000000000000000000000000000000BD
:1053F00000000000000000000000000000000000AD
:10540000000000000000000000000000000000009C
:10541000000000000000000000000000000000008C
:10542000000000000000000000000000000000007C
:10543000000000000000000000000000000000006C
:10544000000000000000000000000000000000005C
:10545000000000000000000000000000000000004C
:10546000000000000000000000000000000000003C
:10547000000000000000000000000000000000002C
:10548000000000000000000000000000000000001C
:10549000000000000000000000000000000000000C
:1054A00000000000000000000000000000000000FC
:1054B00000000000000000000000000000000000EC
:1054C00000000000000000000000000000000000DC
:1054D00000000000000000000000000000000000CC
:1054E00000000000000000000000000000000000BC
:1054F00000000000000000000000000000000000AC
:10550000000000000000000000000000000000009B
:10551000000000000000000000000000000000008B
:10552000000000000000000000000000000000007B
:10553000000000000000000000000000000000006B
:10554000000000000000000000000000000000005B
:10555000000000000000000000000000000000004B
:10556000000000000000000000000000000000003B
:10557000000000000000000000000000000000002B
:10558000000000000000000000000000000000001B
:10559000000000000000000000000000000000000B
:1055A00000000000000000000000000000000000FB
:1055B00000000000000000000000000000000000EB
:1055C00000000000000000000000000000000000DB
:1055D00000000000000000000000000000000000CB
:1055E00000000000000000000000000000000000BB
:1055F00000000000000000000000000000000000AB
:105600000800000010000000200000004000000022
:105610008000000000010000000200000004000003
:10562000010000001700000003000000040000005B
:10563000FF00FFFFFFFFFF00010000001600000059
:105640000300000004000000FF00FFFFFFFFFF0059
:10565000010000000A000000080000001C0000001B
:10566000FF00000500050A00010000000B0000001B
:10567000080000001C000000FF00010501050B00F0
:105680000000000007000000080000000400000007
:105690000700FFFFFFFFFF00000000000500000003
:1056A000080000001C000000050001000100FF00D0
:1056B0000000000004000000080000001C000000C2
:1056C000040000000000FF000000000006000000D1
:1056D00008000000040000000600FFFFFFFFFF00BD
:1056E000000000001200000008000000040000009C
:1056F000FF00FFFFFFFFFF0000000000140000009C
:10570000080000002C000000FF000200020004005E
:105710000000000015000000080000002C00000040
:10572000FF0003000300050000000000100000005F
:10573000020000001C000000FF0000020002000048
:105740000000000013000000020000001C00000028
:10575000FF0001030103FF00000000001100000032
:105760000200000004000000FF00FFFFFFFF010037
:105770000000000002000000010000000600000020
:105780000000FFFFFFFFFF0001000000020000001B
:1057900001000000040000000A00FFFFFFFF0200FC
:1057A000000000000B000000010000001C000000D1
:1057B000130001010101FF00000000000A000000C9
:1057C000010000001C000000120000010001FF00A9
:1057D00001000000080000000300000006000000B7
:1057E0000200FFFFFFFFFF000100000009000000B2
:1057F0000300000018000000030001040104090078
:10580000000000000900000001000000040000008A
:105810001100FFFFFFFFFF00010000000300000078
:1058200001000000040000000B00FFFFFFFF030069
:10583000000000000C00000002000000000000005A
:10584000FF00FFFFFFFFFF00000000000D00000051
:105850000200000000000000FF00FFFFFFFFFF004C
:10586000000000000E000000080000000000000022
:10587000FF00FFFFFFFFFF00000000000F0000001F
:105880000200000000000000FF00FFFFFFFFFF001C
:10589000000000001B0000000800000000000000E5
:1058A000FF00FFFFFFFF0F000000000008000000E6
:1058B0000800000004000000FF00FFFFFFFFFF00E2
:1058C000000000001C0000000800000004000000B0
:1058D000FF00FFFFFFFFFF000000000016000000B8
:1058E000020000001C000000FF000004000406008D
:1058F0000000000017000000020000001C00000073
:10590000FF0001040104070000000000180000006F
:105910000600000000000000FF00FFFFFFFFFF0087
:105920000000000019000000060000000000000058
:10593000FF00FFFFFFFFFF0000000000000000006D
:10594000553500000000000000000000973A0000FC
:10595000CD3C0000933A0000B13C0000913C0000B7
:10596000093D0000ED3C0000BF3C0000AD3A0000E6
:10597000133A0000D93B00003D3A0000913A000084
:10598000F0FFFFFF00000000813C0000C93B000069
:105990002F3D00002D3D0000813A00000000000076
:1059A00000000000AD450000B5350000D344000004
:1059B0008F440000A944000061460000E941000056
:1059C000D94100006D42000003420000D5410000B3
:1059D00000000000000000000000000000000000C7
:1059E00000000000000000000000000000000000B7
:1059F00000000000000000000000000000000000A7
:105A00000000000000000000000000000000000096
:105A10000000000000000000000000000000000086
:105A20000000000000000000000000000000000076
:105A300000000000000000001650000002500000AE
:105A40004000000007050A0040420F00FFFFFFFF73
:105A5000FFFFFFFF00C2010000000800FFFFFFFF83
:105A60003000002000000000F0590000105A000033
:105A7000D0590000000000000000000000000000FD
:105A80000000000000000000000000000000000016
:105A90000000000000000000000000000000000006
:105AA00000000000000000000000000000000000F6
:105AB00000000000000000000000000000000000E6
:105AC00000000000DD200000252400004526000025
:105AD0006D26000091260000A9260000C1260000C6
:105AE000212700003927000095270000A92B00007E
:105AF000C12B0000FD2D0000992E0000853D000007
:105B0000C5410000B52000000000000000000000BA
:105B10000000000000000000000000000000000085
:105B20000000000000000000000000000000000075
:105B30000000000000000000000000000000000065
:105B40000000000000000000000000000000000055
:105B50000000000000000000000000000000000045
:105B60000000000000000000000000000000000035
:105B70000000000000000000000000000000000025
:105B80000000000000000000000000000000000015
:105B90000000000000000000000000000000000005
:105BA00000000000000000000000000000000000F5
:105BB00000000000000000000000000000000000E5
:105BC00000000000000000000000000000000000D5
:105BD00000000000000000000000000000000000C5
:105BE00000000000000000000000000000000000B5
:105BF00000000000000000000000000000000000A5
:105C00000000000000000000000000000000000094
:105C10000000000000000000000000000000000084
:105C20000000000000000000000000000000000074
:105C30000000000000000000000000000000000064
:105C40000000000000000000000000000000000054
:105C50000000000000000000000000000000000044
:105C60000000000000000000000000000000000034
:105C70000000000000000000000000000000000024
:105C80000000000000000000000000000000000014
:105C90000000000000000000000000000000000004
:105CA00000000000000000000000000000000000F4
:105CB00000000000000000000000000000000000E4
:105CC00000000000000000000000000000000000D4
:105CD00000000000000000000000000000000000C4
:105CE00000000000000000000000000000000000B4
:105CF00000000000000000000000000000000000A4
:105D00000000000000000000000000000000000093
:105D10000000000000000000000000000000000083
:105D20000000000000000000000000000000000073
:105D30000000000000000000000000000000000063
:105D40000000000000000000000000000000000053
:105D50000000000000000000000000000000000043
:105D60000000000000000000000000000000000033
:105D70000000000000000000000000000000000023
:105D80000000000000000000000000000000000013
:105D90000000000000000000000000000000000003
:105DA00000000000000000000000000000000000F3
:105DB00000000000000000000000000000000000E3
:105DC00000000000000000000000000000000000D3
:105DD00000000000000000000000000000000000C3
:105DE00000000000000000000000000000000000B3
:105DF00000000000000000000000000000000000A3
:105E00000000000000000000000000000000000092
:105E10000000000000000000000000000000000082
:105E20000000000000000000000000000000000072
:105E30000000000000000000000000000000000062
:105E40000000000000000000000000000000000052
:105E50000000000000000000000000000000000042
:105E60000000000000000000000000000000000032
:105E70000000000000000000000000000000000022
:105E80000000000000000000000000000000000012
:105E90000000000000000000000000000000000002
:105EA00000000000000000000000000000000000F2
:105EB00000000000000000000000000000000000E2
:105EC00000000000000000000000000000000000D2
:105ED00000000000000000000000000000000000C2
:105EE00000000000000000000000000000000000B2
:105EF00000000000000000000000000000000000A2
:105F00000000000000000000000000000000000091
:105F10000000000000000000000000000000000081
:105F20000000000000000000000000000000000071
:105F30000000000000000000000000000000000061
:105F40000000000000000000000000000000000051
:105F50000000000000000000000000000000000041
:105F60000000000000000000000000000000000031
:105F70000000000000000000000000000000000021
:105F80000000000000000000000000000000000011
:105F90000000000000000000000000000000000001
:105FA00000000000000000000000000000000000F1
:105FB00000000000000000000000000000000000E1
:105FC00000000000000000000000000000000000D1
:105FD00000000000000000000000000000000000C1
:105FE00000000000000000000000000000000000B1
:105FF00000000000000000000000000000000000A1
:1060000000800020E10F0200CB0F0200CB0F020046
:106010000000000000000000000000000000000080
:10602000000000000000000000000000CB0F020094
:106030000000000000000000CB0F0200351002003D
:10604000CB0F0200CB0F020051DB0100EDD80100A5
:1060500075050200CB0F0200CB0F0200CD0F02002E
:10606000CB0F0200CB0F0200CB0F020099E501001D
:1060700089E50100FD6F010079E50100CB0F020009
:10608000CB0F0200CB0F0200CB0F0200CB0F0200A0
:1060900000000000CB0F0200CB0F0200CB0F02006C
:1060A000CB0F0200CB0F0200CB0F0200CB0F020080
:1060B0000000000010B5064C2378002B07D1054BDB
:1060C000002B02D0044800E000BF0123237010BD64
:1060D0006829002000000000D0D60200044B10B553
:1060E000002B03D00349044800E000BF10BDC046A8
:1060F000000000006C290020D0D6020040697047E3
:10610000807C704781747047002070470020704782
:106110000300593058331B7800785840704703000B
:1061200059331B78583003707047030058331B787D
:1061300059300370704770B5051D0400E96F006F9A
:106140001CF0B4F8002817D00435E96F606F1CF01C
:10615000ADF8002810D023000C33D96FA06F1CF0CD
:10616000A5F8002808D0230070348033187B237BE7
:10617000C01A43425841C0B20123584070BD026F5B
:10618000031DDA67426F0433DA67826F0433DA671C
:106190007030027B74331A73704713B56B46DA1D87
:1061A000036811701C69C1680123A04716BD10B5B2
:1061B0001300026814690A00C168A04710BD0020DE
:1061C00070477047704701207047036F032B01D160
:1061D00000230367006F704701237430037070471A
:1061E0000123703003707047704710B58368040056
:1061F000002B02D0032201009847200010BD7047F9
:1062000070477047704770477047704770477047D6
:10621000704770477047704701207047C8204000A2
:106220007047000010B50121040003201BF0FEF9A7
:1062300080231B01E361014B236210BD90000060CD
:1062400010B5040004F0ACFE236800219B69200017
:10625000984710BD10B50400064818F061FE0028EC
:1062600006D000200122236F013B9A424041C0B278
:1062700010BDC0468C50002008B4024B9C46043828
:1062800008BC60475562000010B504300CF040FABD
:1062900010BD10B504300CF03BFA10BD70B5040011
:1062A00004300CF0C9F8236805009B69200098476A
:1062B000002801D101232367280070BD70B50400B8
:1062C00004300CF0B9F8236805009B69200098475A
:1062D000002801D101232367280070BD10B50430C8
:1062E0000BF09CFF10BD10B504300BF097FF10BDF4
:1062F000036F10B50400032B0DD003685B6A984749
:10630000002803D0236820005B699847201D0CF00B
:10631000DDFA03232367206F10BD37B56B46DA1D06
:106320000223051D13700321013B040028000CF01B
:1063300019F828000CF0CAFA0CF05EFF00210CF0EE
:106340008EFF0023236737BD70B5036F0400032B56
:1063500018D0002B02D003685B6998470A4B1D6870
:106360002B6828009B6D98472B682800DB689847AE
:10637000201D0CF0ABFA0CF03FFF00210CF06FFF7A
:1063800003232367206F70BD54C7020010B580300F
:106390000122024911F0DFF810BDC04652D10200BF
:1063A00008B4024B9C46043808BC60478D6300006B
:1063B00070B5012210490500803011F0CCF81AF0B8
:1063C00047FE0E4B06001C6823682000DB699847D7
:1063D000236820001B6998471AF03AFE801BC728E3
:1063E000F6D9281D0CF072FA0CF006FF01210CF012
:1063F00036FF00232B6770BD52D1020054C7020044
:1064000010B504008C3011F0BFF8002806D0002031
:106410000122236F013B9A424041C0B210BD08B433
:10642000024B9C46043808BC6047C046016400002B
:1064300010B58C30012311F07EF810BD08B4024B6A
:106440009C46043808BC604731640000F8B507007A
:1064500080370400380011F050F8AC3405003800E3
:10646000266811F058F80023864203D223685A1C8C
:106470002260EB5C1800F8BD08B4024B9C4604385F
:1064800008BC60474D64000010B5803011F043F83F
:1064900010BD08B4024B9C46043808BC6047C04697
:1064A0008964000010B50400803011F064F8002801
:1064B00002D00023AC34236010BD08B4024B9C46CC
:1064C000043808BC6047C046A56400001FB504003E
:1064D000064901A81AF096FB210001AA59312000B3
:1064E00008F090FA01A81AF03EFB1FBD52D102003D
:1064F0007FB5030004000E0058331D78084901A839
:106500001AF080FB330001AA2900200008F010F9DE
:10651000040001A81AF027FB200004B070BDC0469B
:1065200052D102001FB504001A4901A81AF06AFBF3
:10653000210001AA8C31200008F064FA01A81AF0A9
:1065400012FB154901A81AF05DFB210001AA803158
:10655000200008F0B1FA01A81AF005FB0F4901A8C4
:106560001AF050FB210001AA8431200008F0A4FA9F
:1065700001A81AF0F8FA0A4901A81AF043FB210011
:1065800001AA8831200008F097FA01A81AF0EBFA66
:106590001FBDC0461CA1020020A1020024A10200D0
:1065A00028A102000300F0B505000F007C3385B080
:1065B0001C78284901A81AF025FB21003B0001AAFC
:1065C000280008F0B5F88026040001A81AF0CBFADC
:1065D0003606B44203D1204C200005B0F0BD002C9B
:1065E000FAD12C6F1D4901A81AF00CFB211C3B00AD
:1065F00001AA280008F004F9040001A81AF0B3FA6F
:10660000B442E8D0002CE7D16C6F154901A81AF00C
:10661000F9FA211C3B0001AA280008F0F1F8040057
:1066200001A81AF0A0FAB442D5D0002CD4D1AC6F96
:106630000C4901A81AF0E6FA211C3B0001AA280027
:1066400008F0DEF8040001A81AF08DFAB442C3D1B4
:10665000C1E7C0461CA102000203000020A1020005
:1066600024A1020028A10200F8B5036804005B6AB7
:106670000F0041699847E37C0500002B06D0236892
:1066800062695E6861683B002000B04723682900AA
:106690009B6A20009847F8BDF8B50400006F0328F6
:1066A0002ED0244B261D186803681B699847224D7D
:1066B0002F68012F25D0022F09D1236F012B06D07F
:1066C000012323670CF098FD39000CF0C8FD00276A
:1066D0002F60256F012D0FD130000CF06BF8431C9B
:1066E00020D0022824D0831C05D120002A00134981
:1066F000803010F030FF256730000BF094FD206FE4
:10670000F8BD20003A000D49803010F024FF300021
:106710000CF0DCF80CF070FD39000CF0A0FD00234B
:106720002367D4E7236820005B6998473D00E2E7D0
:106730000500E0E754C70200B829002052D102004A
:106740007047031DDA6F0433DB6F02674367030092
:106750000C33DB6F836703008030027B70331A7366
:106760007047000010B50400024B036004F0F0FB1A
:10677000200010BD8099020010B50400FFF7F2FF61
:1067800020001AF05FFD200010BD000010B50400CD
:10679000024B0360FFF7E6FF200010BDBC9902002A
:1067A00010B50400FFF7F2FF20001AF04BFD2000A7
:1067B00010BD000010B50400024B0360FFF7E6FFB8
:1067C000200010BDF899020010B50400FFF7F2FF99
:1067D00020001AF037FD200010BD000010B50400A5
:1067E000024B08C01AF0BFF9200010BDA4970200A8
:1067F00010B50400FFF7F2FF20001AF023FD20007F
:1068000010BD000010B50400024B0360FFF7E6FF67
:10681000200010BD1C98020010B50400FFF7F2FF25
:1068200020001AF00FFD200010BD000010B504007C
:10683000024B08C01AF097F9200010BDA49702007F
:1068400010B50400FFF7F2FF20001AF0FBFC200057
:1068500010BD000010B50400024B0360FFF7E6FF17
:10686000200010BDF497020010B50400FFF7F2FFFE
:1068700020001AF0E7FC200010BD70B51600C268B9
:1068800004009D188268002095420AD85818824258
:1068900005D3626850181A0031001EF0A0FF0120D5
:1068A000E56070BD10B5017804F0D0FA10BD0000AD
:1068B000F0B587B0070001918068654902920393A3
:1068C0001BF078FF6249041C78681BF073FF011C01
:1068D000201C1CF047F9041C38681EF081FA0022C5
:1068E0005C4B1CF0FBFF00225B4B1BF01BF91EF006
:1068F000C9FA051C1EF074FA80230022DB051BF088
:1069000011F90022554B1DF065FE490002004B08AD
:10691000002052491DF05EFE04900591201C1EF0DF
:106920005FFA02000B00049805991DF0E1FB1EF0D0
:10693000A9FA47490490061CB8681BF03BFF211CCC
:106940001CF042FA0021071C281C1BF0D3FC002875
:1069500006D0FE21281C89051BF0AEFC002844D17E
:10696000FE21281C89051BF0C5FC002806D08021CB
:10697000281CC9051BF0A0FC002838D18021281C48
:10698000C9051BF0B7FC002805D03549281C1BF0B1
:1069900093FC00284FD13249281C1BF0ABFC002887
:1069A00006D08121281CC9051BF086FC002845D192
:1069B0008121281CC9051BF09DFC002805D0294910
:1069C000281C1BF079FC00283BD12649281C1BF011
:1069D00091FC002837D02449281C1BF06DFC0028AE
:1069E00031D0351C261C002402E0261C049C002506
:1069F000391C301C1BF044FD1C491CF0B3F81BF083
:106A000055F8019B391C1870201C1BF039FD1749E3
:106A10001CF0A8F81BF04AF8029B391C1870281CBF
:106A20001BF02EFD11491CF09DF81BF03FF8039B55
:106A3000187007B0F0BD351C0026D9E7251C341CA2
:106A4000FAE7251CCFE70024251C261CD0E7C0460A
:106A50000000C84200004E40000018400000F03F17
:106A6000000040400000A0400000C04000007F4304
:106A7000F0B52F4D89B0A86F1CF06AFB10240021DF
:106A80002C4F2D4E3B683060DA0F9C424A41D2B207
:106A90008A4245D00B22C30F82424B41DBB28B426C
:106AA0003ED004AC220070350BCD0BC22B68200009
:106AB00013606B466A465D1C023203332900FFF700
:106AC000F7FE64223B68366853436A469E19D278C3
:106AD0002B789A4226D2194BF6181AF0B9FA184BAD
:106AE0001B68012B02D0174B834219D2164901A80B
:106AF0001AF088F80A22310020001AF0A2F82100CA
:106B000001A81AF060F9010010481AF0D3F820002B
:106B10001AF029F801A81AF026F801220C4B1A7075
:106B200009B0F0BD6A4692789A42D6D97642D4E747
:106B3000042E0020DC290020D82900201027000086
:106B4000A0350020C8AF0000259C0200942E002034
:106B5000A02E0020F0B589B004AC2200284B703381
:106B600023CB23C21B68200013606B469E1C5D1C58
:106B7000320003332900FFF79BFE2A783378101C7C
:106B80009A4200D2181C6B46DB78C2B29A4200D2FD
:106B9000181CC0B21CF0FCFA1EF022F9194A1A4B5C
:106BA0001CF09CFE1AF0C2FE012206000F00174BDB
:106BB000174920001A701AF025F8390030001EF02D
:106BC0006DF80A22010001A81AF03BF801A9200083
:106BD0001AF0F9F801000F481AF06CF801A819F042
:106BE000C2FF200019F0BFFF6B462978DA780A4B04
:106BF000914203D300221A7009B0F0BD0122FAE7D6
:106C0000E83300206666666666660440A02E0020B3
:106C1000289C0200942E0020A82E002010B504000D
:106C200007F040FC0D4A0023226022000021703250
:106C3000A365E36523666366A366E366236763670C
:106C4000A3671173221DD3670432D3670432D3675D
:106C5000230080332000197310BDC046F497020052
:106C600030B50400174D85B02900174A684698349E
:106C70001FF0A0FF154A290002A81FF09BFF14492E
:106C800020001AF037F8134D200029001AF089F877
:106C9000694620001AF085F8290020001AF081F8D2
:106CA00002A920001AF07DF80B4B21681D682B68A3
:106CB00028009B6C98472B682168DB6B280098475D
:106CC00005B030BDEF9F0200412300005780000057
:106CD000F49F0200CBD6020054C70200F7B50400AF
:106CE000006F03280DD1414B1D682B6828009B685D
:106CF0009847011E06D13E483E4B3F4A08F087FCAC
:106D00000420FEBD2000FFF7ABFF002805D1394B62
:106D10003A4A0121364808F07AFC062200216846EA
:106D20001EF079FD364B6946186803681B6A984760
:106D30002100344BA4310B806B465A792300A633D3
:106D40001A706B461A792300A7331A706B46DA78EB
:106D50002300A8331A706B469A782300A9331A705F
:106D60006B465A782300AA331A706B461A782300B0
:106D7000AB331A702B6808225B6B280098470028F9
:106D800005D11C4B204A0121194808F040FC26007F
:106D900027002B687436DB6A3100280098472B687F
:106DA0001A4A88331B68012128008C379847184AF3
:106DB0000021380010F0F3FB3900300010F0ECFD3A
:106DC00021003000803110F0E7FD2B6831001B6D91
:106DD000280098472B6828005B6D98470CF00CFA48
:106DE00001210CF03CFA002020678AE754C702001A
:106DF000E43D00202CA1020055A0020097A0020053
:106E0000BCCA0200A3090000C0A0020059AD0000E6
:106E100029AD0000F0B5414D89B0414928000AF084
:106E200009FB404928000AF005FB28003E490AF00A
:106E3000F5FA3E4C0026A56001253D4905A819F04C
:106E4000E1FE3C4F3C4B6D4205AA01933B490323B5
:106E5000200003970296009504F022FD05A819F082
:106E600082FE374905A819F0CDFE364B05AA0193DD
:106E700035490323200003970296009504F037FD5F
:106E800005A819F070FE314905A819F0BBFE304B7A
:106E900005AA01932F49032320000397029600952A
:106EA00004F025FD05A819F05EFE2B4905A819F090
:106EB000A9FE2A4B05AA0193294903232000039721
:106EC0000296009504F013FD05A819F04CFE254923
:106ED00005A819F097FE244B05AA01932349032323
:106EE000200003970296009504F001FD05A819F013
:106EF0003AFE1F4905A819F085FE1E4B05AA01930D
:106F00001D490323200003970296009504F0EFFC2F
:106F100005A819F028FE09B0F0BDC046682B002076
:106F2000B42A0020002C0020C02E0020F8370020BA
:106F3000E99B0200DBE80000E9610000B02E0020C0
:106F4000F89B0200716A0000042E0020FF9B0200E3
:106F5000556B0000E8330020079C020009A30000E5
:106F60007C340020159C0200857300001035002041
:106F7000199C020041670000A435002010B50400F0
:106F8000002909D0FA2189001BF05AF8FA2189005A
:106F90001BF03CF9002904DCFA21200089001BF0D9
:106FA00035F9080010BD0000F8B50400C81C150034
:106FB0001CF0EEF8FC2189051BF0D4FD071CE81C31
:106FC0001CF0E6F8FC2189051BF0CCFD061C681EB0
:106FD0001CF0DEF8FC2189051BF0C4FD391C051CE2
:106FE000381C1BF0BFFD311C071C301C1BF0BAFD08
:106FF000011C381C1BF044FA061C2000022C00DA8D
:1070000002201CF0C5F8011C301C1BF0ABFD291C34
:10701000041C281C1BF0A6FD06491BF0A3FD011C47
:10702000201C1BF02DFA04491BF0CEFE1CF090F83A
:10703000F8BDC0460000F04100007042431E012B25
:1070400005D9031F012200209A42404170470120C8
:107050004042FBE7012807D0042806D0022803D0CD
:10706000053843425841400070470120FCE70129A0
:1070700008DD032203685A43D30F9B185B10643367
:10708000036070470129FCD10522036802315A438D
:10709000D3170B409B189B103233F1E72E4BF7B5FB
:1070A0001A685023013A53432C4A07009B18019356
:1070B00013230E000093009B019A9B00D458002CD0
:1070C00032D0E317E4185C40254B9C4201DD254B90
:1070D000E418200064211BF099F8601A0D00642167
:1070E0001AF0AEFF29000400142D03DD142128003E
:1070F0001BF08CF8BC4217D1B14215D10122142DDE
:1071000000DC00220C235C43174B6418D2B2A400AD
:107110001100E058FFF732FF0A211AF091FF0A210F
:107120001BF074F80800FEBD009B5A1E0092C2D2EC
:107130007B1E00210F2BF5D8731E0A2BF2D80C23CF
:10714000FA215F43084BBE19B600F05889001BF0C6
:107150005DF80800E0E7C046F02B0020E4050020C1
:1071600010270000F0D8FFFFA89C02009622074BD2
:10717000D2009918002210B51A705A709A70033311
:107180008B42F9D10248FFF78DFB10BDCC2E0020B9
:1071900038360020F7B519F05BFF050019F058FFED
:1071A00019491AF049FFFF20484317491AF0BEFE5B
:1071B000164B174A1F0099180022C4B21A705A7051
:1071C0009A7003338B42F9D1124B1A68AA4202D249
:1071D000F535FF351D60104D0026B300E958032337
:1071E00001A85943FC334370C82379180136047051
:1071F000837003F044FF0F2EEFD1084B11342C3570
:10720000E4B29D42E8D1F7BD88130000CC2E0020E7
:10721000DE030000783400209401002028040020C0
:1072200030B5C7246400A0420BD88C3CFF3C104D05
:107230004443002A06D0FF222B195A709A7000236B
:107240002B5530BD002904D0FF2329194A708B70BB
:10725000F6E7002B05D096222B195A709970FF2360
:10726000EEE7FF222B195A70CD3A9A706423E7E7B4
:10727000CC2E0020F0B505AC25780B2401386043F6
:107280004C1E0E4F0419A4000239E6590C4C082973
:107290000CD840188000C159701E8E4200DA701C54
:1072A00003214143625461184B708D7003214E439A
:1072B000A255A419A5706370F0BDC04694010020CA
:1072C000CC2E002073B50124012500222900009254
:1072D000130020000135FFF7CDFF0C2DF5D101344F
:1072E000072CF1D1FF260125FF23290000961A0063
:1072F00020000135FFF7BEFF0C2DF5D10134102C15
:10730000F1D10448FFF7CEFA0349044819F064FBB1
:1073100073BDC04638360020989C02008C50002077
:10732000F0B50125144B8DB003930124039AA300FB
:10733000D0580A211AF06AFF04AF0E001E220F492E
:1073400038001EF04CFA03235E43B9194B78897854
:10735000F25D2800009121000134FFF78BFF0C2C17
:10736000E4D1039B013530330393102DDDD1044864
:10737000FFF798FA0DB0F0BDD89C02002C9A0200DD
:107380003836002010B50A4CA06F1BF0E1FE094B07
:10739000186063280AD1084B2000A36707F08CFA15
:1073A0000649074819F018FBFFF7BAFF10BDC046A1
:1073B00010350020DC2900200000C842DC9B0200C0
:1073C0008C500020F0B585B01E000AAB1F7803007A
:1073D00015000B22013B5A43130003924A1E9B18CF
:1073E000624A9B009B58029001930C003B003200C4
:1073F00029000198FFF714FF029B0F2B12DC023CBF
:10740000082C2ED8039B019A1C19584BA400E35852
:10741000501E9A4200DA02303B0032002900FFF78A
:10742000FFFE1EE0631E002B01D00B2C1BD100229F
:107430007D253C2628274D499300CB5803214B43FB
:107440004B48195C002909D1C1184C78002C05D192
:107450008C78002C02D11D544E708F7001320B2A93
:10746000E9D105B0F0BD022C1BD1012203253D2638
:107470001E272C2353433D493D48CB586B43195C91
:1074800000290AD1C1184C78002C06D18C78002C28
:1074900003D11E5414234F708B7001320E2AE8D191
:1074A000DFE7042C05D13B0032002900A920400071
:1074B000B5E7052C04D13B0032002900A820F6E7EF
:1074C000062C22D1032196260A270324274A8B0063
:1074D000D258274B5443E05C002812D11819457844
:1074E000002D0ED18578002D0BD1FA35E55446706C
:1074F00087700320FA25013A4243D5549B185E70E9
:107500009F7001310829E0D1ABE7072C04D13B0083
:1075100032002900A620CAE7082C04D13B00320023
:107520002900A520C3E70A2C9BD10D2203253D2667
:107530001E272C23A4215B42534389005B180B496F
:107540000B48CB586B43195C00290AD1C1184C7801
:10755000002C06D18C78002C03D11E5414234F70BC
:107560008B70013A002AE4D17BE7C04694010020E9
:10757000CC2E0020F8B519F06BFDFA211C4B8900C8
:1075800018601C4BFA241D781AF056FD64008C42DA
:10759000A4416442AC421BD1174D184F184E002C29
:1075A0001CD001210D201AF08DF8164B1B78002BF2
:1075B0000FD00023EB55AB556433134AAB5413483B
:1075C000FFF770F90B4B1A7801235340094A1370E7
:1075D000F8BD3C235022EB55AA55EEE721000D20C3
:1075E0001AF070F8084BEC55AC55EC54E7E7C04680
:1075F00008360020E4330020CC2E0020AD0400002B
:10760000AE040000002E0020AF0400003836002039
:10761000F8B5154C1549200019F0DEF9144E0A2270
:107620003168200019F041FA1249200019F0F0F9F0
:107630000025142233681049013B53435B199B001A
:107640000A3A5958200019F030FA6F1C132D06D051
:107650000A49200019F0C0F93D00142FE9D108496A
:10766000200019F0D5F9F8BD8C500020759B020060
:10767000F02B0020909C0200E4050020929C020068
:1076800052D1020070B5050019F0E2FC044C2060F4
:1076900019F0DEFC2368EB189842F9D370BDC046A0
:1076A00028360020F0B5002587B00593274B0492BB
:1076B0001A6850232F00013A5343254A01909B1822
:1076C00002910393039AAB00D0582249C317C01804
:1076D00058401AF09BFD0E00642130001AF096FD10
:1076E0000C00142900DD143C301B64211AF0A8FCA6
:1076F00000281CD010281DD1062C00D11338029B65
:107700000C9A9B18A3420FDC029B0D9A9B18A34274
:107710000ADB019B049A9B18834205DC019B059AB6
:107720009B18834200DB01370135142DCAD1380084
:1077300007B0F0BD0128E2D1012C03D00B2CDED123
:107740000338DCE702204042D9E7C046F02B002096
:10775000E405002010270000002370B504000D0090
:10776000036043608360037343738373994234D02F
:1077700002DA013303734D42194B9D4203DD0123AD
:107780006373184BED18280064211AF03FFD681A46
:107790000E0064211AF054FC00210500142E05DDB2
:1077A000300014311AF032FD0E0001210C236B431E
:1077B0000D4A9B199B00985866602560FFF7DEFB19
:1077C0000A211AF023FD013EA1600A2E05D8002DE2
:1077D00003D0102D01DC0123A373200070BDC0462F
:1077E00010270000F0D8FFFFA89C020010B504008D
:1077F0000068002801D019F029FD200010BD37B520
:10780000040008000D0019F019FD002301936368BE
:107810006060002B02D0180019F018FD01A8FFF7D6
:10782000E5FFA56037BD000070B500250400114ECE
:1078300045608560C5600561456106600521FFF70B
:10784000DEFF052320002361E56125626562A562F4
:10785000E562A6616563A563E563256465642663E7
:1078600030300421FFF7CBFF0423A56420002364FC
:1078700070BDC0466098020070B505000C2604007B
:107880000B4B320008C5002128001DF0C4FF6560C5
:10789000A560250010353200002128001DF0BBFF37
:1078A0002000256165611C30FFF7BEFF200070BD20
:1078B0007C98020010B50400024B08C0FFF796FF49
:1078C000200010BD4498020010B504003030FFF7CE
:1078D000F1FF20001830FFF7EDFF2000FFF7EAFF6F
:1078E000200010BD70B50400124B03601C30FFF780
:1078F000EBFF2569230010339D420AD02800AB68B6
:107900002E681B6808309847280019F09BFC35004A
:10791000F0E76568231D9D420AD02800AB682E68F9
:107920001B6808309847280019F08CFC3500F1E7F7
:10793000200070BD7C98020010B50400054B036068
:10794000054B43607830FFF7BFFF201DFFF7CAFFEC
:10795000200010BD109902005C99020010B50400CF
:10796000FFF7EAFF200019F06DFC200010BD10B5F4
:107970000400FFF79FFF200019F064FC200010BDF9
:1079800010B5040019F05EFC200010BD10B5040015
:1079900019F058FC200010BD10B5040019F052FC7D
:1079A000200010BD10B5040019F04CFC200010BDE3
:1079B00010B5040019F046FC200010BD10B50400FD
:1079C00019F040FC200010BD10B5040019F03AFC7D
:1079D000200010BD10B5040019F034FC200010BDCB
:1079E00010B5040019F02EFC200010BD10B50400E5
:1079F00019F028FC200010BD10B5040019F022FC7D
:107A0000200010BD10B5040019F01CFC200010BDB2
:107A100010B5040019F016FC200010BDF0B585B0BB
:107A200002910A9903938B68019001338B60CB68B4
:107A30000133CB600B6901330B6100269446039B35
:107A4000350034003000019A029F664634780D7884
:107A50002D06240601D16D40C046641900D3E443CD
:107A600000D324068E68240E74430D78CE78751BDF
:107A70000D702004624600969446009E019A029F73
:107A80009760C046C046C0460426013EFDD1400076
:107A900000D25760C0460426013EFDD15760C04663
:107AA000C046C0460926013EFDD19760C046C0468B
:107AB000C0460426013EFDD1400000D25760C046BA
:107AC000664674780326013EFDD15760C046C04625
:107AD000C0460926013EFDD19760C046C046C0465B
:107AE0000426013EFDD1400000D25760C0464D78CB
:107AF0002D06240601D16D40C046C046C046012671
:107B0000013EFDD15760C046C046C0460926013E31
:107B1000FDD19760C046C046C0460426013EFDD157
:107B2000400000D25760C046641900D3E44300D33C
:107B30002406C0460226013EFDD15760C046C0461D
:107B4000C0460926013EFDD19760C046C046C046EA
:107B50000426013EFDD1400000D25760C046CE68E9
:107B6000240E7443C046C0460226013EFDD1576034
:107B7000C046C046C0460926013EFDD19760C046BA
:107B8000C046C0460426013EFDD1400000D25760E9
:107B9000C0464D780E79751B4D70C046C046012613
:107BA000013EFDD15760C046C046C0460926013E91
:107BB000FDD19760C046C046C0460426013EFDD1B7
:107BC000400000D25760C0460426013EFDD15760F8
:107BD000C046C046C0460926013EFDD19760C0465A
:107BE000C046C0460426013EFDD1400000D2576089
:107BF000C0462004C046C0460326013EFDD1576062
:107C0000C046C046C0460926013EFDD19760C04629
:107C1000C046C0460426013EFDD1400000D2576058
:107C2000C0460426013EFDD15760C046C046C0464E
:107C30000926013EFDD19760C046C046C0460426D5
:107C4000013EFDD1400000D25760C0466646B47880
:107C50000326013EFDD15760C046C046C0460926F6
:107C6000013EFDD19760C046C046C0460426013E95
:107C7000FDD1400000D25760C0468D782D06240605
:107C800001D16D40C046C046C0460126013EFDD12F
:107C90005760C046C046C0460926013EFDD19760E8
:107CA000C046C046C0460426013EFDD1400000D279
:107CB0005760C046641900D3E44300D32406C0468D
:107CC0000226013EFDD15760C046C046C046092687
:107CD000013EFDD19760C046C046C0460426013E25
:107CE000FDD1400000D25760C0460E69240E744397
:107CF000C046C0460226013EFDD15760C046C04680
:107D0000C0460926013EFDD19760C046C046C04628
:107D10000426013EFDD1400000D25760C0468D7858
:107D20004E79751B8D70C046C0460126013EFDD1BF
:107D30005760C046C046C0460926013EFDD1976047
:107D4000C046C046C0460426013EFDD1400000D2D8
:107D50005760C0468E79B4440326013EFDD157607A
:107D6000C046C046C0460926013EFDD19760C046C8
:107D7000C046C0460426013EFDD1400000D25760F7
:107D8000C0462004C046C0460326013EFDD15760D0
:107D9000C046C046C0460926013EFDD19760C04698
:107DA000C046C0460426013EFDD1400000D25760C7
:107DB000C0460426013EFDD15760C046C046C046BD
:107DC0000926013EFDD19760C046C046C046042644
:107DD000013EFDD1400000D25760C046664634786F
:107DE0000326013EFDD15760C046C046C046092665
:107DF000013EFDD19760C046C046C0460426013E04
:107E0000FDD1400000D25760C0460D782D062406F3
:107E100001D16D40C046C046C0460126013EFDD19D
:107E20005760C046C046C0460926013EFDD1976056
:107E3000C046C046C0460426013EFDD1400000D2E7
:107E40005760C046641900D3E44300D32406C046FB
:107E50000226013EFDD15760C046C046C0460926F5
:107E6000013EFDD19760C046C046C0460426013E93
:107E7000FDD1400000D25760C0468E68240E744386
:107E8000C046C0460226013EFDD15760C046C046EE
:107E9000C0460926013EFDD19760C046C046C04697
:107EA0000426013EFDD1400000D25760C0460D7847
:107EB000CE78751B0D70C046C0460126013EFDD12F
:107EC0005760C046C046C0460926013EFDD19760B6
:107ED000C046C046C0460426013EFDD1400000D247
:107EE0005760C0460426013EFDD15760C046C046DB
:107EF000C0460926013EFDD19760C046C046C04637
:107F00000426013EFDD1400000D25760C046200447
:107F1000C046C0460326013EFDD15760C046082634
:107F2000013EFDD10D4F00966246BE6862B6013B30
:107F300072B6BF68BC46BE4201D2094FF619674609
:107F4000F61B87273F01BE4205D8002B00D093E5E2
:107F5000039805B0F0BD0020FBE7C04610E000E04C
:107F600080BB000000B54368020089B00120002BEF
:107F70001BD0107B03A90870507B4870907B8870E1
:107F8000107E0590507E0690907E0790D07BC87042
:107F9000107C0871507C4871907C88710091802120
:107FA000126809010248FFF739FD09B000BDC0465B
:107FB00090000060F0B505000C008BB019F04EF891
:107FC000AB8CC01A80B23128F8D972B62700237B57
:107FD00002AA1373637B18375373A37B08AE9373A2
:107FE000E37B1000D373237C1374637C5374236886
:107FF0000293A3690893BB88B380BB79B371A37C58
:10800000937463680393049363690793FFF7AAFF6C
:10801000002824D162B6323019F072F872B6237B90
:1080200002AA1373637B10005373A37B9373E37BE8
:10803000D373237C1374637C537423680293A36902
:108040000893BB88B380BB79B371A37C93746368D6
:1080500003930493636901930793FFF783FF62B669
:1080600018F0FCFFA8840BB0F0BD00000721F8B5A4
:108070000124194A137801330B401C4013708C40C3
:108080009A0701D5402214430422134201D0202331
:108090001C43050080270F3006001034E4B20C3575
:1080A0007F00297B002904D0380019F0C9FF013076
:1080B000C1B24B1C63431B12E970DAB2002B08D12A
:1080C0002B70002901D00139E9700135AE42E8D1A9
:1080D000F8BD013A2A70F4E784290020F0B51700B2
:1080E00005008FB01A000191010002A802F06AFF9A
:1080F000FB17FE185E40AB7C072202A904A8009380
:108100001DF06DFB019B06AC072204A90CA8069389
:108110006660A6601DF063FB009B012B11D120005F
:10812000FFF7A4FF0323A374002363619F4201DAD6
:10813000FD33A3742B6821001B6B280098470FB0F8
:10814000F0BD002309932382ECE7F0B5050016008B
:108150008FB01A000191010002A802F033FF07223C
:1081600002A904A8AF7C1DF03AFB019B06AC0722D4
:1081700004A90CA806936660A6601DF030FB012FD1
:108180000CD12000FFF772FF0023A37463612B68FA
:1081900021001B6B280098470FB0F0BD0023099306
:1081A0002382F1E70121F0B5D44A9BB013680B405C
:1081B00006D1D34811608360D24AD34919F074FBC9
:1081C00080239022D14D9B0000935202002328006F
:1081D0000BF0CEFBCB4CCE4B2200CE4928002B60BF
:1081E00019F062FBCC4DCD4BCD4A00932800002303
:1081F0000BF0BEFBCB4B2200CB4928002B6019F0C3
:1082000053FBCA4DCA4BCB4A0093280000230BF006
:10821000AFFBC94B2200C94928002B6019F044FB71
:10822000C74DC84BC84A0093280000230BF0A0FBA1
:10823000C64B2200C64928002B6019F035FBC54DFE
:10824000C54BC64A0093280000230BF091FBC44B9A
:108250002200C44928002B6019F026FBC24DC34BF5
:10826000C34A0093280000230BF082FBC14B22007D
:10827000C14928002B6019F017FB8123BF4D9B00DB
:108280000093BF4A002328000BF072FBBD4B220075
:10829000BD4928002B6019F007FBBC4DBC4BBD4A03
:1082A0000093280000230BF063FBBB4B2200BB496B
:1082B00028002B6019F0F8FA8223B94D9B00009337
:1082C000B84A002328000BF02FFAB74B2200B74919
:1082D00028002B6019F0E8FAB54DB64BB64A00936A
:1082E000280000230BF020FAB44B2200B4492800E8
:1082F0002B6019F0D9FAB34DB34BB44A0093280060
:1083000000230BF011FAB24B2200B24928002B6077
:1083100019F0CAFAB04DB14E2900300018F072FCC5
:108320002200AF49300019F0BFFAAE4F3800FEF717
:1083300075FCAD4E22003100380019F0B5FAAB4F94
:108340003800FEF76BFC22003100380019F0ACFA5F
:10835000A74F3800FEF762FC22003100380019F008
:10836000A3FAA44F3800FEF759FC22003100380070
:1083700019F09AFAA04E300006F094F89F4F03A827
:10838000376006F08FF80397002719AB1F7065233D
:1083900003A86B441F70FEF721FA994B22009949FC
:1083A0003000336019F080FA9748984B2200036040
:1083B000974B9849436019F077FA974E974B984836
:1083C0003360FFF759FA974B97493360974B9848BA
:1083D0007360032333670FF0BDFA802300975B00BF
:1083E0000822944994480FF06FF840232022009708
:1083F000924993480FF068F82900924818F002FC5F
:108400003200AC32904917603000220019F04CFA6B
:108410008E4E824A8E483260FFF72EFA8D4B8E4880
:1084200033608E4B736003233367330074331F70E4
:10843000FFF7FAF922008A49300019F035FA894E1F
:10844000300007F03FF822008749300019F02CFA7D
:108450003100864808F044FF854E2900300018F0AE
:10846000D1FB22005E49300019F01EFA814E29002E
:10847000300018F0C7FB22005949300019F014FAF7
:108480007D4E2900300018F0BDFB22005449300019
:1084900019F00AFA794E2900300018F0B3FB2200D7
:1084A0004F49300019F000FA754E2900300018F0DD
:1084B000A9FB22004A49300019F0F6F9714E290053
:1084C000300018F09FFB22004549300019F0ECF90C
:1084D0006D4E2900300018F095FB22004049300015
:1084E00019F0E2F9694E2900300018F08BFB2200E8
:1084F0003B49300019F0D8F91BB0F0BD88290020A5
:10850000C829002000000020EB610000F02C0020B2
:1085100058BD0200FF610000802D00200102000014
:108520000120010094BD020001620000B02D002076
:108530000202000010200100BCBD02000362000026
:10854000D82C0020060200001120010044BD0200CA
:1085500005620000682D00200702000017200100BE
:1085600080BD020007620000502D002003020000C1
:10857000132001006CBD020009620000C82D00201C
:1085800015200100D0BD02000B620000982D0020D4
:108590000502000016200100A8BD02000D620000C7
:1085A000202D0020022001001CBD02000F620000EF
:1085B000082D0020090200000320010008BD020070
:1085C00011620000382D00200A0200000420010082
:1085D00030BD02001362000052D10200B02E002014
:1085E000670B0200042E002055680000E8330020CD
:1085F0007C34002010350020A4350020CC970200E8
:108600001C98020005680000C02E0020E0C4020093
:10861000D89F020015620000B42A00207097020063
:10862000B82A0020A0980200049B0200EC980200E7
:10863000282B0020299B0200342B00204E9B020097
:10864000402B00204C2B0020D9AC0000002C002037
:10865000042C002010990200782C00205C99020064
:1086600039790000E029002017620000682B002003
:10867000F42B0020942E0020C82C0020E42B002096
:10868000C02B0020CC2B0020D82B00202C36002023
:10869000F0B5012787B001210D2018F0C7FF2F4E3C
:1086A0002F4C35683D400BD1200002F053FC2D4B80
:1086B000A5842D4A2D4920002360376019F0F4F875
:1086C000C822002352002A49200002F06FFBFEF767
:1086D0004DFDFA204000FEF7D5FF18F0B9FCFA2353
:1086E0009B00C018234B012118600D2018F09EFF3D
:1086F000E1212148490216F0C3FA6420FEF7C2FFC7
:10870000E1211E48490217F02BFC6420FEF7BAFF56
:10871000FA20400018F0D2FCFEF77CFB184903A8B1
:1087200018F070FA00240123164D22001649019317
:10873000009403AB280003F071FC03A818F013FAAF
:10874000200006F0ABFF280003F036FA200018F0F6
:10875000FFFE17F02DFF07B0F0BDC0468C290020AA
:1087600090290020F899020000000020B567000061
:10877000CC2E00200C3600208C5000209049002088
:10878000E09F0200F8370020E029002010B50248E1
:1087900016F078FB10BDC0468C50002008B4024B88
:1087A0009C46043808BC60478D87000010B503481C
:1087B00016F068FBC317181AC00F10BD8C500020AC
:1087C00008B4024B9C46043808BC6047AD870000E3
:1087D000F8B51F4C1F49200018F0FEF81E4B0A2266
:1087E0001968200018F061F91C49200018F010F9F0
:1087F00000251422184F1A4E3B68013B53435B1966
:108800009B009B59002B17D01649200018F0E4F864
:108810000A222900200018F048F91349200018F016
:10882000DBF814223B682000013B53435B199B009B
:108830000A3A995918F039F90135142DD9D10B4953
:10884000200018F0E5F80A4816F02CFBF8BDC046E9
:1088500090490020759B0200F02B0020909C0200A4
:10886000E4050020969C0200B69B020052D1020053
:108870008C500020F0B5CE4D97B02B6804905A1E56
:10888000622A00D938E10022CA4B96211A60CA4BED
:10889000C9001F0059181A705A709A7003338B421E
:1088A000F9D10023039314222B68013B5343039A0D
:1088B0009B18C24A9B009C58002C38D0002306937A
:1088C0009C4202DA0133644206930022BC4B0592BB
:1088D0009C4203DDBB4BE418012305936421200077
:1088E00019F094FC02910B00142900DCFDE0180043
:1088F000142119F08BFC01230E000793B24B1B7857
:10890000002B01D00C239E1B731E0A2B0FD8029B39
:108910006421E01A19F094FB102808DC002806D026
:10892000079B059A00933100069BFEF74BFD039BC6
:1089300001330393142BB6D1A34BA4481B78A4494D
:10894000A44A002B00D1D3E000233B547B54643372
:10895000BB542B6811A85B0041330370FF239E4971
:108960004370837002F08BFB9C48FDF79BFF2868E7
:108970001AF00EFC9A4CA067200005F09DFF049BA6
:10898000002B00D1AFE000232A6896499800405898
:10899000904200D0BAE014225A43934B11A99B187D
:1089A0000022985C50540132142AFAD18F490EA843
:1089B00018F028F90A2229680BA818F042F90BA927
:1089C0000EA818F000FA8A4C0100200018F016F8E2
:1089D0000BA818F0C8F80EA818F0C5F8200017F07A
:1089E000F0FA642018F06AFB049B82490EA8002B61
:1089F00000D192E018F006F911A90BA818F002F9BD
:108A00000BA90EA818F0DFF90100200017F0F6FFFF
:108A10000BA818F0A8F80EA818F0A5F8744C2000C0
:108A200017F0CFFA642018F049FB73490EA818F02C
:108A3000E9F82B68714A013B9B0099580BA818F084
:108A4000E1F80BA90EA818F0BEF90100200017F0FC
:108A5000D5FF0BA818F087F80EA818F084F82000AE
:108A600017F0AFFA642018F029FB2B68072B5CD1B4
:108A7000634F0EA8390018F0C5F8624E31000EA8F9
:108A800018F0A1F90100200017F0B8FF0EA818F0A7
:108A90006AF839000EA818F0B5F831000EA818F0E1
:108AA00092F90100584817F0A9FF0EA818F05BF8DA
:108AB000200017F086FA544C5449200017F08CFF20
:108AC0000A222968200017F0F0FF5149200017F012
:108AD00083FF3D4B0A221978200017F0EAFFFEF7CA
:108AE00097FDFFF775FE17B0F0BD029E002304E767
:108AF00064247B543C542BE7642B00D03FE70122D5
:108B00002C4B37481A60434B836736E70133042BFD
:108B100000D03BE70023049348E718F073F82B6874
:108B20003D4A013B9B00995867E7112B06D1344F12
:108B30000EA8390018F066F8384E9FE7252B06D1AD
:108B40002F4F0EA8390018F05DF8354E96E74D2BE3
:108B500006D12B4F0EA8390018F054F8314E8DE78E
:108B6000642B20D130490BA818F04CF82F4908A8E5
:108B700018F048F808A90BA818F025F906002C49A8
:108B80000EA818F03FF80EA9300018F01CF90100EB
:108B9000200017F033FF0EA817F0E5FF08A817F024
:108BA000E2FF0BA882E72349200017F031FF7FE79F
:108BB000F02B0020C82E0020CC2E0020E405002041
:108BC00010270000F0D8FFFFA82E0020AA04000004
:108BD000AB040000AC0400007333002038360020E2
:108BE000E8330020D433002084330020739B02003C
:108BF000904900207F9B0200829B0200040000201D
:108C0000859B0200E42B00208C500020B89B0200C2
:108C1000C99B02000000C84254040020C02B002061
:108C2000CC2B0020D82B0020899B02008C9B0200BB
:108C3000989B0200A19B0200F0B55025234B85B004
:108C40001C680600631E5D430193214B0120ED1853
:108C500000231C0019009A00AF58B74201D104004C
:108C6000A9500133142BF6D1002C26D1F317F0189C
:108C70005840184919F0CAFA27000291BB00EB5876
:108C80001449DA1798185040039319F0BFFA029B61
:108C9000994202D10124BB00EE500137142FEDD1CF
:108CA000002C0AD1A300EB58002B0BD1019A1433EE
:108CB00053431C19064BA4001E510020FFF7DAFD98
:108CC00005B0F0BD0134142CECD1F6E7F02B0020F8
:108CD000E4050020102700000023F0B5190006006D
:108CE00097B09A0002A801331150142BF9D1002437
:108CF000270025000194B3689C4238D2210030003F
:108D000018F018F903782D2B2ED02100300018F020
:108D100011F903782F2B11D92100300018F00AF92E
:108D20000378392B0AD80A23210030005D4318F05C
:108D300001F90378303B5D190134DCE72100300094
:108D400018F0F8F803782C2B03D0B368013BA3424A
:108D5000F2D1019B002B00D06D42BB0002AAD5507E
:108D6000002501370195E7E701230193E4E750224D
:108D700000201D491D4C0B68013B5A431219850008
:108D80005559002D2BD101301428F8D150225343CE
:108D90000022E31802A88058985004320190502A0B
:108DA000F8D100230A68124998004458002C01D0D9
:108DB000944210D10A5014225A430E4B0E489B186D
:108DC0000022115C99540132142AFAD10120FFF7D4
:108DD00051FD17B0F0BD0133042BE5D1F6E7622356
:108DE0000B60013BD2E7C046F02B0020E4050020D9
:108DF000D43300208433002010360020F0B5C64C58
:108E0000A5441B93C54B18921CAA9B181B680B907A
:108E10005A1801230D912293209220AB002A00DCE6
:108E200022AB0B2226921A680B2A00DD26AB1B68A8
:108E3000BB491693AD23DB006B441B680D9A086891
:108E4000D218229222AB824200DD0B000122269230
:108E50001A68002A00DC26AB189A1B689446179300
:108E60000B9B63441293002B01DC01231293AD4A48
:108E7000AD4B6A440B9912681B688C189C4200DD4C
:108E80001C000C23FA210B9A890053430D9A9B185E
:108E9000A64A9B009D58280019F0B8F908006421E3
:108EA00019F0CEF80E90012811D0FA21280089007F
:108EB00019F0C6F8FA21890019F0A8F90800642110
:108EC00019F0BEF8013843425841C3B20E93002353
:108ED0006425169926A8179A91420CDC129AD71A83
:108EE000FA18944205DB6A439E005218325001334F
:108EF000F6E70131EFE7E121013B0A938C4B1CAA15
:108F00009B181868890019F09BF8894B1CAA9B18BC
:108F10001B6819905B001A93002310930133099387
:108F2000844B2093844B2193099B463B5A425341E7
:108F30007C4A6A441168CB1813600A9B002B27DA1D
:108F4000130012680B9901321A60764A764B6A4414
:108F500012681B688818984200DD180000231699D3
:108F600026AC179A914211DC129AD61AF218824254
:108F70000ADC64277A439D0052182A510133F5E731
:108F80000A9B013B0A93CBE70131EAE7013B0A93D5
:108F90000A9B0020591C17F01CFB26AD8600745953
:108FA00007006421200019F031F90391601A64214F
:108FB00019F046F80A9B0490BB4202DD9B005B5906
:108FC00073510C23FA21049A89005343039A9B1886
:108FD000564A9B009B581800149319F031F8FA2157
:108FE000890019F013F9002965DC00231393139904
:108FF0001498FDF7C3FF0A21040019F007F92000B7
:1090000008910A2119F01CF80A2119F0FFF801272C
:109010000C00032915D103260225022306227642DD
:109020006D42019300953300524203990498FEF774
:1090300039FB002860DC552220AB5A700123002741
:1090400010930D990B98FEF729F806002000FDF704
:10905000F5FF05903000FDF7F1FF05002000FDF75A
:10906000F9FF04003000FDF7F5FF0B9A049B9B1AF3
:109070000C930D9A039B9B1A0793059B002B00D121
:109080008AE200230F93059BAB4203D10F948442E5
:1090900000DD0F90059B002B50DB079B002B00DBB6
:1090A000DBE22300002D53DB002D02D0079A002ABB
:1090B0004EDC00204CE00A21012017F08AFA1BF058
:1090C00023FE040019980D001BF01EFE02000B0089
:1090D000200029001AF0E6F81BF0E0FD052884DDE9
:1090E000AC23DB006B441B68072B00DC7DE74822C8
:1090F00020AB1A70012379E70522019400962B001A
:1091000052420D990B98FEF7CDFA002893DD5522B7
:1091100020AB5A70109794E7B4FAFFFF04050000E3
:10912000302500206405000034250020A89C0200A2
:10913000FC0400002020202020202000079A23008B
:10914000002A00DC0023002DAEDA079AD217104067
:109150001190984200DA1193059B002B00DB1EE270
:1091600001235B420193033B0093023306220399E0
:1091700052420498FEF796FAC317181A0023C00F3C
:109180000593984200D10594032350240C9A64253A
:1091900052435343079A5B1052439B181593DC4B81
:1091A000049A1B685543013B5C43DA4B039AE4186D
:1091B0000023AD180693002F0CD0069BD6499B00C8
:1091C000E058C317C018584019F020F8491B4B1E2F
:1091D0009941CFB2069B9B00E358002B06D0069B1B
:1091E00001330693142BE6D100230693AC23DB0056
:1091F0006B44089A1B689A4203DD099B222B00DC12
:10920000D7E1AC23DB006B441B68089A023393421E
:1092100003DA099B772B00DCCBE10B235B42009345
:109220000B25002301951A0003990498FEF73AFADA
:109230000C9B0400002B11D1002F0FD0290001201E
:1092400017F0C7F9631E03245C4305340127A042CD
:1092500003DC6B4630229B181F78FFB2189BDA178D
:109260009B185340AD4A6A441268D11750184840C1
:10927000984200DA180001301BF046FD04001598F2
:109280000D001BF041FD22001C901D912B002000C1
:1092900029001AF02DFF02000B001C981D9918F0F0
:1092A000E5FF002800D186E10B21012017F091F99C
:1092B000082800DC00279A4A1CA95218994B12680A
:1092C0009A4200DC8EE10621012017F082F90A2182
:1092D0000400149818F09AFF0B2364001C1BA14291
:1092E00000DA0027042404260223082264425B4299
:1092F00001960094524203990498FEF7D3F90E9B0D
:10930000002B00D183E10025A8420DDD07222B00B0
:1093100001960094524203990498FEF7C3F901257F
:10932000022800DC0025EDB2089A1B991598FDF77C
:109330003BFE069B04001F90022B51DDFA23784A66
:109340001CA9521812685B009A4249DD704B069ABC
:109350001E681423013E7343023A9B186D4A9B001A
:10936000995822A8FEF7F8F90320049B229A9A1A2A
:10937000239B524314931499039B50435B1A5B4302
:109380004010C018089A2499FDF70EFE844200DDB3
:109390000400069B1F94032B22D014235E43069BDC
:1093A0005C4A033BF3189B00995822A8FEF7D4F9B6
:1093B0000320229B0693069A049B9A1A239B5243EE
:1093C00006930699039B50435B1A5B434010C018F9
:1093D000089A2499FDF7E8FD844200DD04001F94FB
:1093E0000F9B002B06DD19001FA8FDF740FE53223E
:1093F00020AB9A70119B002B06DD19001FA8FDF70A
:1094000036FE472220ABDA70059B002B06DD1900E3
:109410001FA8FDF72CFE462220AB1A71002D02D1A9
:109420001F9B5B001F93109B002B05D01F9B0321EC
:10943000980018F005FE1F90A0231CAADB009B18C3
:109440001B68079A5343002B00DCF6E01F9AD30FEA
:109450009B185B109B18582264331F9320AB5A71E2
:10946000002F19D02E4A1CA952181F9B1268934234
:1094700005DCA122D20052181268934203DA099A3D
:10948000452A00DCE5E01A9A934205DD099B012795
:10949000A92B00DC0027FFB2099B01330993089B2D
:1094A000002B00DC6CE5002F00D169E51E4A1F99F6
:1094B00013688B4200DA0B001C4C136009990A22D6
:1094C000200017F0F2FA1A4D2000290017F084FA54
:1094D0006421049B0A225943039B2000C91817F0FA
:1094E000E4FA2900200017F077FA0A220C992000EC
:1094F00017F0DBFA2900200017F06EFA0A2207990C
:10950000200017F0D2FA2900200017F065FA11E0C8
:10951000F02B0020E4050020102700006405000067
:10952000FC04000034080000243600208C50002089
:10953000A49C02000A221F99200017F0B6FA290005
:10954000200017F049FA0A220899200017F0ADFA16
:109550004549200017F040FAAC23DB006B44196842
:109560000A22200017F0A1FA2900200017F034FA8F
:1095700020A9200017F04CFA200015F093FC139A54
:109580003A4B002A67D0039A14321A60384B049A77
:109590001A60384B9D44F0BD059B0F93D3E5059BA6
:1095A000002B00D1F0E504230193033B0093033B20
:1095B000DCE5002731E6159B022B00DD7BE6C823A6
:1095C0002D4A1CA9521812685B009A4202DC049BC7
:1095D0000B2B07DC0B21012016F0FBFF052800DC1C
:1095E00068E668E6FA23244A1CA9521812689B0010
:1095F0009A4200DC76E60721032016F0EAFF0B23EF
:109600004000181A089B984200DD6AE66AE60E9D43
:10961000002800DC88E607222B00019600945242C5
:1096200003990498FEF73EF80125032800DD7AE649
:109630006B4638229B181D7875E6079B002B00D0DF
:109640000EE70C9B022B00DC0AE71F9B64331F9381
:1096500006E7002720E7039A97E70023002D00DBA9
:1096600022E50020030073E599AB0200AC2E002038
:10967000BC2E00204C050000FC040000F0B53F4B60
:10968000B3B011AC1A002100203261CA61C161CAB5
:1096900061C161CA61C121CA21C11CA81A000100AF
:1096A0004C3261CA61C161CA61C161CA61C121CA6A
:1096B00021C1783327AA23CB23C223CB23C223CBB8
:1096C00023C203CB03C2002203202D4F2D4B3D6844
:1096D0001A6068430A2118F0B3FC2B4BC21C1A60B5
:1096E0007C222A4BAD0004301860294E2B59294C9E
:1096F000336008AB9B185B59274920000B9317F088
:109700006BF90A223968200017F0CFF923492000AD
:1097100017F062F90A223168200017F0CAF92049CF
:10972000200017F075F90321012016F052FF1D4D9E
:109730001D4C2B680A905A1E5023534300221100DF
:109740001B190C920C9A920099500C9A01320C92AF
:10975000142AF7D10D21012016F03BFF2B680928B0
:1097600024DC5A1E50230A9953436522012900DD47
:109770006F220026E250002726E0C0462C9A020005
:10978000A42E0020243600202C250020282500208F
:10979000803300208C5000204C9C0200549C02001E
:1097A000619C0200F02B0020E40500205022013BC8
:1097B00053430A2800D07DE13A68022A00DC79E1AF
:1097C00000260127CF4AE2500B21012016F001FFAD
:1097D000082800DC74E150232A680A99013A5343AF
:1097E000E418012900DD69E1C74B6360012302250C
:1097F0000D93002E00D167E10921042016F0E9FE47
:109800000122002352420592962206930493BF4BF5
:1098100001001B689200934200DD130003930123B3
:10982000029301930B9B01220093022005235242D5
:10983000FFF7E4FAB64B1421186818F0E7FCB54BB3
:1098400008911B6800200993B34B09991A681423E7
:10985000013A5343642252424A4308995B19521A0F
:10986000AE499B005A50FFF705F80A2017F026FC76
:109870000C23099A0A215343089A6F1C9B18A84A83
:109880009B00985818F0C2FC01200E91652116F03B
:10989000A0FEA44B04001968F020013118F0D0FBA1
:1098A0001438A04232DD0222002352420592AF2238
:1098B00006930493954B92001B68934200DD1300BE
:1098C0000393022309220293013B0193009208991A
:1098D0000A3A0998FFF792FA14218F4B1C688D4BB6
:1098E000013C4C43E41964271B687F425F43884B6B
:1098F000A400186818F08AFC884B7F1A0020E750F3
:10990000FEF7B8FF0A2017F0D9FBAF1C854BF020FB
:109910001D680024290018F093FB142804DD0400BE
:10992000792800DD7924153C099B022B15DDC82020
:109930002900400018F084FB0023132804DD782858
:1099400000DD78200300143B9C4200DA1C00032D4C
:1099500003DC0D9B002B00D164246521012016F04F
:1099600038FE099B012B34DD844232DB674B0A9AB7
:1099700019686D4B1B685B42012A00DDFCE0002E7C
:1099800000D006E105930391092303210093069675
:10999000049602910196083B32001800FFF72EFA58
:1099A0005D4B14211C685B4B013C1D6864235D43C7
:1099B000574B4C43186818F029FCE419574B6D18A5
:1099C0000020A400E550FEF755FF0A2017F076FBB3
:1099D0000137002E0BD14D4A544B12689A4206DCD7
:1099E000092308930A9B012B01DC0323089300251C
:1099F0000F95012D00DCD9E0C8210020890016F068
:109A0000E8FD424C2368984200DCCFE0AF21002003
:109A1000890016F0DEFD2368984200DCC6E0099B51
:109A2000032B00DCC2E0112F00DDBFE0FA239B0016
:109A300006933D4B00221B6801265B420593E12300
:109A4000DB00039302230025029307330492019263
:109A50000093013A083B08990998FFF7CFF92D4B7D
:109A60001C680F210D2016F0B4FD2B4B2B4AA04291
:109A700006DA0E990B98814202DC002E00D148E1F3
:109A8000132F00D145E11968142301394B43642198
:109A90001F4861430468DB199B006418D450002000
:109AA0000137FEF7E7FE0A2017F008FB132FA0DDB1
:109AB00033B0F0BD1E4A0126E2505CE61D4B94E631
:109AC000002301250D9394E602246442002F33D035
:109AD0000B21022016F07DFD96220C4B0696059474
:109AE00004961B6801009200934200DD130003936B
:109AF0000223012002930B9B019000930022052377
:109B000096E6C04641060000420600008033002071
:109B1000AC2E0020BC2E0020F02B0020E4050020FD
:109B2000A89C0200A42E002028250020AF040000DD
:109B3000460600004A0600000A9B012B19DC05219D
:109B4000022016F046FD96227A4B0696059404965E
:109B50001B6801009200934200DD13000393012370
:109B60000220012201930B9B029000935242032397
:109B70005EE60B210820E4E7002E0AD1059303914D
:109B80000323092102930696049601960091023B55
:109B900002E7059303230022029306330391009307
:109BA000069204920192083B0621F6E6099B063BC9
:109BB000082B51D80523062201930A3B00935242F9
:109BC000002308990998FDF76DFD042307220193EE
:109BD000083B050000935242002308990998FDF7BD
:109BE00061FD854200DA0500012D35DC089B591D19
:109BF0000C2900DD0C21089B581F002800DC0120E7
:109C000016F0E7FC099B0600981F002800D10130E0
:109C1000099B6424591E16F0DCFC474B44431A6828
:109C20001423013A5343A419444E454ADB199B00BF
:109C3000444930009C5016F0CFFE0A222900300023
:109C400016F033FF4049300016F0C6FE0A2221000C
:109C50003000013716F02DFF0D9A364B002A05D043
:109C60000A9A012A04DC089A052A04DD1C6808E027
:109C7000089A062AFADD1C680321200018F0E0F992
:109C80000419324B1CA91A68314B09981B689B00B8
:109C90005B5803940693534205930F9B02920493DF
:109CA0002C4B00221B68089901930B9B00930E9B81
:109CB000FFF7A4F8284B14211B6818000E9318F026
:109CC000A5FA089B0E00CB1A0F93244B244A1C685C
:109CD000099BE51A0E9B142B15DD0C2363435B18BF
:109CE000FA219B00D058890018F0AAF9FA218900BE
:109CF00018F08CFA08000A2118F088FA08960E91DC
:109D000009940026ADE60C2363435B189B00D058F2
:109D1000F1E71968142301394B4364214C4311497D
:109D2000DB1964180C499B0009680C9F6418D45017
:109D3000B5E6C04680330020F02B00208C50002078
:109D4000E4050020899C0200969C02002825002042
:109D5000A42E00202C250020AC2E0020BC2E00209C
:109D6000A89C020010270000F0B591B017F070F920
:109D7000C34BC4491D68C44B451B9D4201DCC34A0B
:109D80000A60C34F3A68632A00D101E1FA2008242F
:109D9000000109909D425FDCBE4B187800285BD023
:109DA000BA48561E08600020187050235343BA4921
:109DB000B4465B1814218E0076420139985100296F
:109DC000F9D16046503141436520CC26B24B404228
:109DD000C85059184E60632A2ED16921AF4A4942B2
:109DE000A2189200D150AE4A0239A2189200D15066
:109DF000AC4AAD49A2189200D150AC4AAC49A21865
:109E00009200D150AB4AAC49A2189200D150F62230
:109E1000D200AA49A2189200D150A94AA949A21871
:109E20009200D1506F21A84A4942A2189200D05006
:109E3000A64AA2189200D15001260422A44B300059
:109E40001E60A44B1A600223A34A1360A34A136046
:109E5000FEF710FDA24B1E608A4A1368AB4200DB7E
:109E600094E009998C4E5B1813600122894B9B4941
:109E70001A700B68A34200DB8DE09B180B600B6827
:109E80000993A3420EDB50253B689649013B5D4395
:109E900075196B68DA179818504018F0B7F9914B9C
:109EA000C9186960099B013CA3420DDB50243B6843
:109EB0008C49013B5C433359DA179818504018F02D
:109EC000A5F9884BC9183151834B874A1868844BD0
:109ED0001B689C467F4B1968844B1E68734209932C
:109EE000032868DD032563461D4062D1684B1B686B
:109EF000012B5ED104277F421760644C7C4A1460BA
:109F00007C4A0495069272420592072203940092BD
:109F100002960C3A0197FEF771FF14215C4B643DE9
:109F20001C686E4B013C4C431B68E418724BA40048
:109F30001B685D43714B186818F068F9564B6D1A31
:109F4000E5500020FEF796FCC82017F0B7F86C49E2
:109F50000DA816F057FE624C0A2221680AA816F0D6
:109F600070FE0AA90DA816F02EFF664D010028000C
:109F700016F044FD0AA816F0F6FD0DA816F0F3FD44
:109F8000280016F01EF823680133236011B0F0BDDD
:109F900004245D48FDE698003B685A1E5023534355
:109FA0000022F3189D186D689D5004329042F9D13B
:109FB00065E70A2842DC03231360012264464C4B08
:109FC0000E2C43DC9624A4001C6005256423069314
:109FD0007342059300230493454B3D4C1B68029646
:109FE0000393414B1B68009501932368FEF706FF1E
:109FF000424B14211E68300018F008F93E4B434ACA
:10A000001D68344B1960344B1D600C236B435B1887
:10A010009B00D058132E28DC0A2118F0F7F81423DF
:10A020003A682160013A53432C4A12689B18642213
:10A030005543194A9B00AE199E5082E701230B2815
:10A0400000D10323136003225242B7E71D2C06DC24
:10A05000E124A4001C6046230725FF33B7E7FA2458
:10A06000E4001C6009252A4BB1E7FA21890017F0AA
:10A07000E7FFFA21890018F0C9F80800CCE7C046CC
:10A0800004360020F82D00206F1700007017000024
:10A09000F02B002025250020E4050020AB07000060
:10A0A000AC070000AD0700006AFEFFFFAE0700002E
:10A0B00043FDFFFFAF07000039FDFFFF78FCFFFF06
:10A0C000B107000074FCFFFFB2070000B3070000F7
:10A0D000F02D0020EC2D0020FC2D0020F42D002080
:10A0E000E82D0020102700002C2500202825002026
:10A0F0008033002036100000BC2E0020AC2E002043
:10A10000D39B020090490020B80B0000A89C0200DD
:10A110007E040000F0B56E4F89B03D680A2128002A
:10A1200018F074F800266B4C072900D0A9E04D23E5
:10A130003C2D02DC282D4BDD252323600A2128003D
:10A1400017F07EFF644E654D013030606449280091
:10A1500016F0D0FD634F6449380016F059FC380002
:10A1600014F0A0FEFFF78AFA00230193380014F0E0
:10A1700089FE002831D0390005A816F0D5FC05A9C4
:10A18000280016F0B1FD05A816F0EDFC2368072B9A
:10A1900038D10A22316802A816F053FD02A905A899
:10A1A00016F098FD514905A816F01AFE290016F080
:10A1B0000AFE01004E4816F07DFD05A816F0D3FCFE
:10A1C00002A816F0D0FC0120FEF754FB09B0F0BD48
:10A1D0001123142DB1DC2160B0E7142016F06EFFBE
:10A1E0002C23019AFF339A4203D14249380016F0DA
:10A1F0000FFC019B013301931A0096235B009A42E6
:10A20000B4D1C3E7112B12D10A22316802A816F08B
:10A2100018FD02A905A816F05DFD344905A816F041
:10A22000DFFD290016F0CFFD01003348C3E7252BE1
:10A2300012D10A22316802A816F003FD02A905A86E
:10A2400016F048FD294905A816F0CAFD290016F0A8
:10A25000BAFD01002948AEE74D2BB4D10A2231687E
:10A2600002A816F0EEFC02A905A816F033FD1F495E
:10A2700005A816F0B5FD290016F0A5FD010020483F
:10A2800099E70A25396808000F38002800DC01200A
:10A290000F31632900DD642116F09BF95023206003
:10A2A00001385843174BC358002B02D1013D002DF4
:10A2B000E8D10020032E00D10120FEF7DBFAFA20BE
:10A2C00001364000FDF7DEF9042EDAD17EE7C04604
:10A2D0000C350020F02B0020A42E00202C3600206E
:10A2E0002B9C02008C500020399C0200909C0200A4
:10A2F000E42B00203D9C0200C02B0020CC2B002032
:10A30000D82B0020E4050020074B10B5986F18F0FB
:10A310001FFF064B064A1860FA2312685B009A4238
:10A3200001D9FFF7F7FE10BD7C3400200C3500206A
:10A330007C330020F0B5B64999B0342224310BA803
:10A340001BF04DFA16F084FEB24B1B68C31A029341
:10A35000029AB14B9A4200DDAAE0B04B1A78002A6B
:10A3600000D1A5E001210024AD4A1C701160AD4B65
:10A37000AD4AAE4D1A60286818F00AFFAC4EB067BF
:10A38000300004F099FA9622AA4BD2009A181C7059
:10A390005C709C7003339A42F9D1A74908A816F063
:10A3A00031FC0A22296805A816F04BFC05A908A86B
:10A3B00016F009FDA14C0100200016F01FFB05A8B6
:10A3C00016F0D1FB08A816F0CEFB200015F0F9FD21
:10A3D000642016F073FE9A4908A816F013FC2B6847
:10A3E000984A013B9B00995805A816F00BFC05A95B
:10A3F00008A816F0E8FC0100200016F0FFFA05A8F6
:10A4000016F0B1FB08A816F0AEFB200015F0D9FD40
:10A41000642016F053FE8C4908A816F0F3FB2B6855
:10A420008A4A013B9B00995805A816F0EBFB05A949
:10A4300008A816F0C8FC0100200016F0DFFA05A8F5
:10A4400016F091FB08A816F08EFB200015F0B9FD60
:10A450007F4C8049200016F0BFFA0A2229682000AC
:10A4600016F023FB200014F01DFD0026B2000BABFC
:10A47000D4586421200017F0C9FE0D00601A002492
:10A48000642117F0DDFD230022002900009407005D
:10A49000FCF798FF0C230094591B2200230038007E
:10A4A0000136FCF78FFF0D2EE0D16B48FCF7FAF96F
:10A4B0005C4A029913688B4200DBA6E001205749F1
:10A4C000087059495B18136096225A4BD2009918AC
:10A4D00000221A705A709A7003338B42F9D1F62316
:10A4E00002AA5B421383F633FF3393765B4908A8D5
:10A4F00000F0C5FD0026242102AAB3005218D4584A
:10A500004031200017F082FE0D00601A0024642103
:10A5100017F096FD23002200290000940700FCF7A5
:10A5200051FF0C230094591B2200230038000136F0
:10A53000FCF748FF0D2EDED1394D2B680293029FA8
:10A5400004330393039B9F423ED02821380017F029
:10A550005DFE0BAB00292FD00B290CDC01318900EB
:10A560005E586421300017F051FE0C00701A64210F
:10A5700017F066FD10E016291ADC1822511A89001E
:10A580005E586421300017F041FE0C00701A6421FF
:10A5900017F056FD0C231C1B029B00219F4210D07C
:10A5A00001230A0000912100FCF70CFF0137C9E7E5
:10A5B000212902DC1539E2E72C2121220D39511A1B
:10A5C000CDE70B000122EDE7254908A816F01AFB9C
:10A5D0000A22296805A816F034FB05A908A816F078
:10A5E000F2FB164C0100200016F008FA05A816F040
:10A5F000BAFA08A816F0B7FA200015F0E2FC1648DF
:10A60000FCF750F92B6801332B6019B0F0BDC04640
:10A61000AC9A020004360020C30900002425002063
:10A62000E02D0020E42D0020C4090000F02B0020C4
:10A63000E8330020CC2E0020739B020090490020BC
:10A640007F9B020054040020829B02000400002033
:10A650008C500020B89B0200383600207333002055
:10A66000D39B0200F0B587B016F0F2FCCA4BCB4D7D
:10A67000984215D9CA4C2378002B11D1C94928001A
:10A6800016F0C6F9C849280016F0A6F9C7492800EF
:10A6900016F0A2F9C649280016F0BAF90123237072
:10A6A000C44B1B78002B02D0C34802F0C1F828002D
:10A6B00014F0E8FBC14E00281BD0290003A816F0B7
:10A6C00033FABF4C03A9200016F00EFB03A816F0C6
:10A6D0004AFABC4903A816F095FA200003A916F01F
:10A6E0001CFC040003A816F03EFA002C01D0012344
:10A6F0003370B54C200015F03BFC00281BD0210026
:10A7000003A816F011FAAE4C03A9200016F0ECFADB
:10A7100003A816F028FAAB4903A816F073FA200034
:10A7200003A916F0FAFB040003A816F01CFA002C8B
:10A7300001D0012333703378002B2AD0A34903A81A
:10A7400016F060FA9E4C03A9200016F0E6FB070005
:10A7500003A816F008FA002F52D0A36802222100A5
:10A7600003A816F00BFC9A4C03A9200016F0BCFAC3
:10A7700003A816F0F8F9200016F01EFC954B18609F
:10A78000431E012B01D9632836D116F061FC924B90
:10A790001860924B1B68012B04D1FCF7FBFC90481E
:10A7A000FCF780F88B4C2368012B01D0632B01D17F
:10A7B000FFF7DAFA2368022B01D1FFF7BBFD002374
:10A7C000884A3370136801331360FCF7D3FE16F028
:10A7D0003FFC854B984202D90122844B1A60844C7D
:10A7E000257816F035FC834B834203D2002D01D02F
:10A7F0000023237007B0F0BD0120FEF73BF8C8E747
:10A800007D4903A816F0FEF903A9200016F085FB88
:10A81000070003A816F0A7F9002F05D00120774AFA
:10A82000137843401370E8E7754903A816F0EAF976
:10A8300003A9200016F071FB070003A816F093F996
:10A84000002F15D0A3680222210003A816F096FB62
:10A850006C4C03A9200016F047FA03A816F083F900
:10A86000200016F0A9FB684B1860FEF7E5F990E7A9
:10A87000664903A816F0C6F903A9200016F04DFB9F
:10A88000070003A816F06FF9002F02D0FDF7A0FF14
:10A890007FE75F4903A816F0B5F903A9200016F079
:10A8A0003CFB070003A816F05EF9002F18D0A36840
:10A8B0000222210003A816F061FB524C03A92000DC
:10A8C00016F012FA03A816F04EF9210003A816F0AC
:10A8D00001FA03A8FEF700FA03A816F044F958E7B6
:10A8E0004C4903A816F08EF903A9200016F015FBB9
:10A8F000019003A816F037F9019B002B27D0A3681D
:10A900002100022203A816F039FB3E4C03A92000C7
:10A9100016F0EAF903A816F026F9A3689F4212D2AE
:10A920003900200016F006FB3B4A0378D355013767
:10A93000142FF2D13949280016F04EF821002800D2
:10A9400016F05CF825E72022334BDA55EFE734495F
:10A9500003A816F057F903A9200016F0DEFA070045
:10A9600003A816F000F9002F5ED0A3680222210090
:10A9700003A816F003FB234C03A9200016F0B4F93A
:10A9800003A816F0F0F8200016F016FB254B18600F
:10A99000FFF7C0FBFDE6C046983A00008C5000204F
:10A9A000003600203DA102008C9B0200B69B0200F5
:10A9B000989B0200002E0020F8370020A02E0020D7
:10A9C000942E0020909C020090490020289C0200B8
:10A9D000F42B0020F02B002004360020C82E00208D
:10A9E000383600207C33002000286BEEA035002094
:10A9F00026250020409C000057A10200A82E002020
:10AA0000259C0200C82C0020642B00205AA10200C3
:10AA10005DA1020060A102001036002063A10200C7
:10AA20006CA102000C350020404903A816F0EAF89A
:10AA300003A9200016F071FA070003A816F093F896
:10AA4000002F10D03A49280015F0C6FF39492800D8
:10AA500015F0C2FF3849280015F0BEFF374928001D
:10AA600015F0D6FF95E6364903A816F0CBF803A9F2
:10AA7000200016F052FA070003A816F074F8002F11
:10AA800009D0304B30491A78012353402D4A1370B6
:10AA9000E5D12E49E3E72E4903A816F0B3F803A940
:10AAA000200016F03AFA070003A816F05CF8002F11
:10AAB00005D06322274B1A60FCF732FC69E6264971
:10AAC00003A816F09FF803A9200016F026FA070045
:10AAD00003A816F048F8002F02D0FCF7F3FB58E665
:10AAE0001E4903A816F08EF8200003A916F015FAE7
:10AAF000040003A816F037F8002C00D149E61849E5
:10AB0000280015F085FF642016F0D8FA16F0A0FA98
:10AB1000144B984200D83CE6BFF34F8F124B134AB8
:10AB2000DA60BFF34F8FC046FDE7C0466FA1020059
:10AB300072A102008C9B0200B69B0200989B02004F
:10AB400075A10200002E002078A1020081A1020060
:10AB50008BA10200DC2900208EA1020091A102003D
:10AB600094A102001027000000ED00E00400FA05A7
:10AB700010B5054C200014F085F9002803D0200002
:10AB800014F0BCF9F5E710BD8C50002008B4024B5E
:10AB90009C46043808BC604771AB000010B5024801
:10ABA00014F0ACF9C0B210BD8C50002008B4024BB8
:10ABB0009C46043808BC60479DAB0000F7B5204DAB
:10ABC000036F04002800019314F0AAF9002834D080
:10ABD000280014F057F900282FD02800270014F07F
:10ABE0008DF9184E7837C2B23900300008F066F996
:10ABF000032815D12300C4331B68032B0BD123007A
:10AC00009C331B68012B06D1230094331B681B78EF
:10AC1000012B00D101933900300008F057F8D7E735
:10AC20000428D5D1084B094A0321094804F0EFFC58
:10AC3000236820001B6C9847CAE70198FEBDC046F8
:10AC40008C500020BC29002032A10200F0A002009C
:10AC5000E43D002070B5056F0400061D002D17D0DF
:10AC600001DB022D18DD230074331A78002A0AD084
:10AC7000002530001D7007F029FE08F0BDFA2900FC
:10AC800008F0EDFA2567300007F0CDFA206F70BDAF
:10AC9000FFF794FF2067E6E7300007F08BFD431CC9
:10ACA00003D0022806D02567DDE7300007F00EFE4E
:10ACB0000025F8E70500F6E710B5024814F000F9A2
:10ACC00010BDC0468C50002008B4024B9C4604388E
:10ACD00008BC6047B9AC000010B504000B4B036022
:10ACE0000B4B4360983015F03EFF20008C300CF089
:10ACF00099FB200080300CF095FB200074300CF0A4
:10AD0000E9FD201DFCF7EEFD200010BDA09802001B
:10AD1000EC98020010B50400FFF7DEFF200016F0EB
:10AD200091FA200010BD00001FB50224074B01005E
:10AD300001A81C600CF088FC019B054A2100054815
:10AD400004F065FC01A815F00EFF1FBDB829002016
:10AD5000FC9F0200E43D00201FB50122084B0100CA
:10AD600001A81A600CF070FC019B064A02210648FB
:10AD700004F04DFC01A815F0F6FE05B000BDC0467C
:10AD8000B829002027A00200E43D002010B500F003
:10AD900065FA00F082FB10BDFF230122037000233F
:10ADA00052424380C360826043607047F7B504003D
:10ADB000019115001F001600002B01DC1700002672
:10ADC000236820001B69984703237343019A676136
:10ADD000D318636023682000DB6A9847011E08D0FF
:10ADE000084817F02DF9084F7B68834200D2030012
:10ADF0007B6000F033FAAA1B210000F06BFB2000FF
:10AE0000FEBDC04640420F003836002070B50D4CE4
:10AE1000060023685A1C22608B4212DB16F018F9D8
:10AE2000094D2B68C11A00D10131FA202368800036
:10AE3000584317F07BF800237080236016F008F960
:10AE4000286070BD5437002058370020F7B5050042
:10AE5000009100F003FA00F0E6FA6B68344C002B26
:10AE600006D016F0FBF82368C01A6B689842F4D33A
:10AE700016F0F4F8EB682060002B03D0A968009866
:10AE80009847009000262B4F3C68002C1FD0402E86
:10AE90001DD0E37CB2000192002B14D02368200067
:10AEA0005A6ADB6901929847019B0100200098478C
:10AEB000214BB20098506B880136632B01D80023D8
:10AEC000A374A468E1E71C4AB1005350F3E740269D
:10AED0003C68002C0DD0E37C002B06D0236862690F
:10AEE0005F686168009B2000B847013EA468002E9F
:10AEF000EFD100260F4B1C68002C0ED0402E0CD03A
:10AF0000E37C002B06D022680B49B300926AC95833
:10AF1000200090470136A468EEE719212800FFF7CA
:10AF200075FFFFF733FF00F099F900F099FAF7BDCC
:10AF3000483700204C3700204836002010B5024822
:10AF4000FFF72AFF10BDC0463836002001207047A9
:10AF5000704700000E4B01220833036000230D49A7
:10AF6000436101830321C37643608360013BC36077
:10AF70000382094BC27482741A688176002A00D158
:10AF80001860064B1A68002A00D09060186070475D
:10AF9000B4A50200701700004C3700205037002085
:10AFA00010B50300406800280BD05B69002900DA67
:10AFB0001900994200DD190003224A4300211AF0CA
:10AFC0002AFC10BDF0B50F0087B001920C370F318D
:10AFD00005000C000A000198390000F02CF8032647
:10AFE000020405AB120E18705A701B88000204A9E7
:10AFF000000E0B808870320028001AF0F0FB22004F
:10B000003900FF2000F017F8020403AB120E18708D
:10B010005A701B8802AA138013000002000E907061
:10B020001900A81932001AF0DAFB6B4628001B79C8
:10B03000AB7107B0F0BD37B500236C462380A37019
:10B0400098420FD0CC5C002C09D0D55C002D06D0E6
:10B05000013501346C436D464443240CEC540133F8
:10B06000032BEFD16B461A8899781000FF23120A40
:10B07000184012020B401B04104318433EBDF0B5AC
:10B0800002784478D500EBB29C4686785623604619
:10B090002027434340201740104052B21B0A002A89
:10B0A00058DB002842D1002F05D1D843C0B21A0086
:10B0B00003003D0003E05533DAB2AB230500FF2C5B
:10B0C0001AD0002C00D16CE0E443E4B264432412B3
:10B0D0000134E0B2C443E4B2013463431B12DFB273
:10B0E00062431212D2B265432D12EDB23F1812180C
:10B0F0002D18FBB2D2B2EDB21400FF2E12D03000E8
:10B100007043741EA64100123618F4B2002C4CD0C5
:10B11000601C43431B12DBB242431212D4B24543BC
:10B120002D12EDB28D700B704C70F0BD002F0BD155
:10B130006246AB25554355222D125242551B563BB4
:10B14000EDB2DAB22B00B4E70020DA431D00D2B230
:10B150000300B4E7002811D1002F0BD1AB256346C3
:10B1600055225D4352422D0A521BD2B25535EDB2E3
:10B170003B00A4E7DD430200EDB2A0E7002F09D1B8
:10B180001A005532D2B255256D42ED1AEDB21300B8
:10B190003A0094E71F00563FFFB200225525ED1AF2
:10B1A000E5E7FF252A002B00A6E725002300B9E7E5
:10B1B00070B5051E09D0C40020001AF0DBFA051E88
:10B1C00003D0220000211AF026FB280070BDF7B53D
:10B1D000050000240E00046001926960A960A1428C
:10B1E0000DD00800FFF7E4FF2860002803D003001B
:10B1F000019A82CA82C301340830A642F5D12800E0
:10B20000FEBD0000F7B501270E4E0F4D34683C40DF
:10B2100015D1802221002C700C481AF0FCFA2B006A
:10B2200008336A462100DC67094800940194FFF75F
:10B23000CEFF084A08492800376016F035FB280081
:10B24000FEBDC0465C370020603700206437002018
:10B25000E837002000000020C5B2000010B5FFF75D
:10B26000D1FF10BD0322031DDB6F02409200DB0003
:10B270009B18C0187047037810B5002B05D0883094
:10B2800083680068DA00801810BD0430FFF7EAFF19
:10B29000FAE70430C36F002B02D0013BC367F9E724
:10B2A000704703000022903310B5083B9A600400F9
:10B2B0001868904201D01AF067FA201DFFF7E9FFE5
:10B2C000200010BD10B50400FFF7EBFF200010BDFB
:10B2D00030B5041DE26F0F2A0BD8032303409B00F7
:10B2E000D5005B19C018002801D028C928C0013238
:10B2F000E26730BDF7B5426805008A4220D20323D9
:10B3000053430C005B08994200D21C002000FFF759
:10B310004FFF002203000190A9682868914209D9D3
:10B32000D100002B03D040181900C0C8C0C10132A1
:10B330000833F1E7002801D01AF026FA019B18C55E
:10B34000F7BD436810B58B4201D2FFF7D3FF10BDA4
:10B3500070B5040083680D00591CFFF7CBFFA2688D
:10B3600063689A4208D22168D300CB18002B01D021
:10B3700003CD03C30132A26070BDF0B50026050005
:10B38000031D87B00C000670802231001800029364
:10B390002F001AF040FA2B0088370833DE6704AA22
:10B3A0003100380004960596FFF711FF23780193CA
:10B3B000B3421DD0230088339F4214D099681C6883
:10B3C000C900631801932B0090331E60C910380028
:10B3D000FFF7B7FF019BA34205D021003800FFF71C
:10B3E000B7FF0834F6E7012328002B7007B0F0BD43
:10B3F000261D2B1DB34214D0032333409B00083479
:10B40000281DE76F0393FFF744FF019CA74208D074
:10B41000039BE100F318C9180298FFF759FF0134A4
:10B42000F4E70023E0E730B5A7B001006846FFF776
:10B43000A4FF6B461B7801AC002B00D0229C684611
:10B44000FFF719FF0500A54205D0206808340368FE
:10B450009B689847F7E76846FFF723FF27B030BDA2
:10B4600030B5A7B001006846FFF787FF6B461B7831
:10B4700001AC002B00D0229C6846FFF7FCFE0500C3
:10B48000A54205D0206808340368DB689847F7E7D1
:10B490006846FFF706FF27B030BD30B5A7B0010002
:10B4A0006846FFF76AFF6B461B7801AC002B00D0A3
:10B4B000229C6846FFF7DFFE0500A54205D0206804
:10B4C000083403681B699847F7E76846FFF7E9FE09
:10B4D00027B030BDF0B5A7B00D00010068461600DA
:10B4E000FFF74BFF6B461B7801AC002B00D0229C72
:10B4F0006846FFF7C0FE0700A74207D02068320069
:10B50000036829005B6998470834F5E76846FFF748
:10B51000C8FE27B0F0BD836DC26D1B6870B5040016
:10B52000002093420DD0981AC317C018584017F046
:10B530002FFE2169012516F0DDFE002800D1051C33
:10B54000E8B270BDC26D836D1A607047836D1B6871
:10B55000C365704701207047836D006E1B68181A21
:10B56000431E9841C0B27047826D70B5C16D1468BA
:10B57000050000208C4215D02B005C3318008C4253
:10B5800000D3100000688C4200D813001B6801240F
:10B59000C01A17F047FE296916F0ACFE002800D14A
:10B5A000041CE0B270BDC26D836D1A607047836D7C
:10B5B0001B68C365704701207047836D006E1B6870
:10B5C000181A431E9841C0B2704701207047704757
:10B5D0001FB50400064901A815F014FB210001AABB
:10B5E0005C31200003F02CFA01A815F0BCFA1FBD55
:10B5F00052D102007FB504000E00836D08491D681A
:10B6000001A815F0FFFA330001AA2900200003F079
:10B61000B3F8040001A815F0A6FA200004B070BD2C
:10B6200052D102001FB50400064901A815F0EAFA3C
:10B63000210001AA5C31200003F020FA01A815F0D6
:10B6400092FA1FBD52D102007FB504000E00836D37
:10B6500008491D6801A815F0D5FA330001AA290090
:10B66000200003F0ABF8040001A815F07CFA2000DC
:10B6700004B070BD52D10200010010B56831806D78
:10B6800015F0F3FB030001205840C0B210BD0000CC
:10B690001FB50400064901A815F0B4FA210001AA5B
:10B6A0005C31200003F026FA01A815F05CFA1FBDFA
:10B6B00052D1020030B504000D0087B0816D68469C
:10B6C00015F008FB094903A815F09CFA2B0003AA02
:10B6D0006946200003F0B6F8040003A815F043FA09
:10B6E000684615F040FA200007B030BD52D1020084
:10B6F000030010B55C30996D15F0DCFA10BD010047
:10B7000010B55C31806D15F0D5FA10BD010010B593
:10B710005C31806D15F0A9FB030001205840C0B2D8
:10B7200010BD000010B50400024B08C015F01BFA54
:10B73000200010BDA497020010B50400FFF7F2FF2F
:10B74000200015F07FFD200010BD000010B50400A2
:10B75000024B08C015F007FA200010BDA4970200A4
:10B7600010B50400FFF7F2FF200015F06BFD20007C
:10B7700010BD000010B50400074B0360683015F0E1
:10B78000F2F920005C3015F0EEF92000034B08C000
:10B7900015F0E9F9200010BD4CA60200A4970200A4
:10B7A00010B50400FFF7E6FF200015F04BFD200068
:10B7B00010BD000070B504000D0002F073FE200003
:10B7C000064B29002360A5655C3015F083FA200044
:10B7D0002900683015F07EFA200070BD4CA60200EA
:10B7E00070B5002504000E4B0E4E03600E4B4560F5
:10B7F000C36085603100103015F004FA20000B4959
:10B800001C3015F0FFF920003100283015F0FAF94E
:10B81000200029000C22343019F0FDFF200070BDFB
:10B8200078A6020094A60200BC3D0020B9A6020042
:10B83000F0B585B01E000AAB1B78039115000024FB
:10B84000012B04D0023B1C00631E9C4101340368A1
:10B850000B9A9B69114F013214D198472A00039922
:10B8600001970096230003F033FAFA220D99520053
:10B8700002F052FE0C9902F04BFE0E9902F04AFEC5
:10B8800005B0F0BD984703990197009623002A0060
:10B8900003F01EFA0B9902F044FEEBE7EDBC00004A
:10B8A000F0B505008DB00F0074201600079315F059
:10B8B000C1FC39000400FFF77DFF310009A815F035
:10B8C00009FA0123159A5B420492149A210003920B
:10B8D000139A28000292129A0192079A009209AADA
:10B8E000FFF7A6FF09A815F03EF90DB0F0BD70B541
:10B8F0008AB004000D0007A811001E0015F0EAF937
:10B900000123119A5B420492109A290003920F9A24
:10B91000200002920E9A0096019207AAFFF788FF74
:10B9200007A815F020F90AB070BD0C318900411844
:10B930004B6810B5002B00D0984710BD0121064A76
:10B9400010B513680B4006D1044811608360044AA7
:10B95000044915F0A9FF10BD88290020C82900203E
:10B9600000000020EB61000010B5036800211B6897
:10B97000984710BD8068431E98417047FA22110015
:10B9800010B51030D201C90008F041FF10BD000011
:10B9900010B5002805D1054B054A3021054819F09E
:10B9A000FFFB03681B68984710BDC046D0A6020085
:10B9B00060A70200E2A6020070B504000E4B002250
:10B9C00008330360250001232435836041601100A2
:10B9D000103008F012FF28000C22002119F01BFF84
:10B9E0002200002344326562A562A3632364200021
:10B9F0001370537070BDC04648A70200FA221100B0
:10BA000010B50400D2011030C90008F000FF220078
:10BA100000234432453413700220237010BD00000F
:10BA200070B5A4B005A90A000400204B61CB61C227
:10BA30001B6813606068FFF7ABFFA36B002B10D08F
:10BA4000682200210AA819F0E6FE08232000FF332F
:10BA500009930AA93030E36B984709A96068FFF79A
:10BA600097FF03F029FE010002A815F0CBF8C023D0
:10BA70009B000093029B694660680193FFF788FF73
:10BA8000282200210AA819F0C6FE022309A9FF33C3
:10BA900060680993FFF77CFF2000103008F0D8FEA3
:10BAA00002A815F060F8032024B070BDC0A6020003
:10BAB00070B5060010360400300008F0E0FE0025E6
:10BAC0000A2805D8230044331B78AB4202D0032553
:10BAD000280070BD300008F0C7FE0028F7D04534BC
:10BAE00023780225002BF3D0024A0349300008F0E6
:10BAF000A9FEEDE700881300204E000070B5122566
:10BB0000FF350400C560002901D00B68C360A3683D
:10BB1000022B12D0032B14D0012B03D12000FFF7EE
:10BB20006DFF0300E268501FFF3807281AD816F08F
:10BB3000DFF91C0C1319191919182000FFF770FFF1
:10BB4000EFE72000FFF7B4FFEBE7230001224433C7
:10BB50001A705A70032305E02300002244331A7040
:10BB60005A700123E560A36070BD230001224533B4
:10BB70001A70EFE7002070479030704710B50068EA
:10BB800003685B6B984710BD012A03D0022A03D0DB
:10BB9000002070470160FBE70B680360F8E707B51A
:10BBA000C26803000191002A01D115F090FE043013
:10BBB0001B6901A9984707BD37B504000F4D104B0D
:10BBC0002800104A022103F022FD2800A36A0E4A31
:10BBD000022103F01CFD2300FE346289FC33009235
:10BBE00028001B68094A022103F011FD2800084BB8
:10BBF000084A022103F00BFD37BDC046E43D00209A
:10BC0000B9A60200A6A90200C9A90200D7A902008C
:10BC1000EAA90200F0A90200F8B51F000D00160005
:10BC200007F0A6FC036832001C6829003B00A0470F
:10BC3000F8BDF8B51F000D00160007F099FD036868
:10BC400032001C6829003B00A047F8BD70B5050014
:10BC5000022A07D0032A0ED0012A01D10B68036003
:10BC6000002070BD0C200C6815F0E4FA030046CCEF
:10BC700046C32860F4E7006815F0E4FAF0E710B571
:10BC8000036809685A689C68501020181B68D2071E
:10BC900001D50268D358984710BD10B583680400D9
:10BCA000002B02D0032201009847200010BD0000A5
:10BCB00010B50400074B0360283014F054FF200037
:10BCC0001C3014F050FF2000103014F04CFF200006
:10BCD00010BDC04678A6020010B50400FFF7E8FFCB
:10BCE000200015F0AFFA200010BD000010B5024B87
:10BCF000D86803F09DF910BDF8370020F0B50400B6
:10BD000087B00025FFF76CFD2000454B2A00083363
:10BD1000236029002564443008F06FFD0C20049551
:10BD200015F088FA3F4B4560036084600290200064
:10BD30003D4B022205933D4B02A904933C4B6566A3
:10BD4000A3655C30FFF782FF059B2700A366049B79
:10BD500002A863660193FFF7A0FF2000583739005F
:10BD60006C3000F019FF20003900B030FFF724FEDE
:10BD70002000304EFC30310014F044FF20008022BF
:10BD80000B3029005200FF3019F045FD83239B0042
:10BD9000E5500433E5540433E0180AF0BFFB862372
:10BDA0009B00E01809F09CFFC9239B00E554043375
:10BDB000E01803F08BFFCA231F4A9B00E2501833A0
:10BDC000E018290009F07AF81C4B3100E01814F053
:10BDD00019FF8323DB00E018310014F013FF184B28
:10BDE0003100E01814F00EFF8623DB003100E0186C
:10BDF00014F008FF134BE01803F068FF124A114BD0
:10BE00003900E250114BE01802F088F89223DB0071
:10BE1000E55001F03CFF01F087FD200007B0F0BDC8
:10BE200020AC020059C900007FBC00004DBC0000DE
:10BE30009CA7020052D10200A8A702000C04000037
:10BE4000240400003C04000014A802005404000074
:10BE5000F0B504008FB01E0014AB1D78604B0027B6
:10BE6000C1541100FC3014F025FF2300FE335E8125
:10BE700026005C4B5C49E5541733FF33E218283346
:10BE80002764E250103BE518280009F065F8280007
:10BE9000564909F078F82800554909F076F8280045
:10BEA000A16A0AAD09F06AF828365249280014F050
:10BEB000A9FE3100280014F086FF4F4914F090FFCE
:10BEC000010006A814F006FF280014F04CFE4B4BAE
:10BED00006A9E01814F008FF06A814F044FE45492E
:10BEE000280014F08FFE3100280014F06CFF444944
:10BEF00014F076FF010006A814F0ECFE280014F000
:10BF000032FE8323DB00E01806A914F0EDFE06A83C
:10BF100014F029FE20006C3000F0E6FD2000B03067
:10BF2000FFF72CFD636802220693364B06A909939E
:10BF3000354BAF6028000893FFF726FE099B04AE3F
:10BF40000293089B082229003000039319F047FC54
:10BF50002300E0339C4619002A0009C909C2634640
:10BF600006CE06C31A6828000C92039A1A605A6813
:10BF70000D92029A5A60FFF790FE06A8FFF78DFE19
:10BF800003F09AFB010006A814F03CFE1F492800AC
:10BF900014F038FE290006A814F030FF060028002F
:10BFA00014F0E1FD06A814F0DEFDBE420CDA03F049
:10BFB00083FB174B0090174A3900174803F027FB03
:10BFC0003D0028000FB0F0BDA06801250028F8D082
:10BFD0003A00390005F024FAA06805F0B5F9F0E759
:10BFE00011020000120200004DC700003075000071
:10BFF000DC05000095AB02009BAB02000C040000C6
:10C00000A1AB02007DBB000089BB0000A7AB020012
:10C010009DAC0200ADAB0200E43D0020F0B58BB05A
:10C02000049210AA168811AA127804000592020040
:10C03000FC32416019001000039214F03BFE230013
:10C040000122F8331A6085239B00E0580AF0D6FCE1
:10C05000051E08D1234B244A2900244803F0D7FAAF
:10C0600028000BB0F0BD852321009B00E7180C22AF
:10C07000283138000AF00AFB051E02D1194B1C4A70
:10C08000EAE7C9239B00E35C002B0BD186218900E2
:10C090000A22611838000AF073FA051E02D1114B0A
:10C0A000144AD9E7002E00D1134E25002000FA22B1
:10C0B000FA21FE356E81D2014430890008F0A7FBD9
:10C0C000039907A814F006FE059A6B89049900925B
:10C0D000200007AAFFF7BCFE050007A814F043FDE7
:10C0E000BEE7C04697AC0200EEAA0200E43D002085
:10C0F0002AAB02005BAB0200B522000010B50400C1
:10C1000080680223002808D005F032FD00230428AF
:10C1100003D1A06805F089F90223180010BD10B5FD
:10C120000400806805F024FD0123042803D1A068E1
:10C1300005F07BF90723180010BD00000300CA2298
:10C1400010B50400F8339200801861681A6802F094
:10C15000DFFD0A4B6168E01802F0DBFD6168E06812
:10C1600002F06CFE064BE35C002B05D002F09CFF56
:10C170006368986802F0A8FF032010BD3C0400002B
:10C180001102000010B50400406803689B689847DE
:10C19000022801D0032010BD4434200008F05FFBCA
:10C1A000002809D0200008F05AFB0028F2D0200017
:10C1B00008F05AFB0028EDD00420ECE710B5C06869
:10C1C00002F006FF01000520002905D10348044BB9
:10C1D000044A03F01CFA032010BDC046E43D0020D1
:10C1E0005CAC020009AA0200F0B50600103604009B
:10C1F00089B0300014F05EFD8623DB00E518A369EA
:10C20000002B39D13B4902A814F0FCFC02A92800FC
:10C2100014F06AFD02A814F0A6FC374BE718A369D6
:10C22000002B3CD1334902A814F0ECFC02A93800E1
:10C2300014F05AFD02A814F096FCD0239B002900AC
:10C240000022E01809F0C0FA2C4D071E3AD18623CF
:10C25000DB00E35801000093294A2A4B280003F031
:10C26000D6F939002800284A03F0D1F927493000CF
:10C2700014F040FD09B0F0BD254905A814F0C2FC3A
:10C28000310005A814F09FFD224914F0A9FD01001A
:10C2900002A814F01FFD05A814F065FCB6E71C49C0
:10C2A00005A814F0AFFC310005A814F08CFD1A4964
:10C2B00014F096FD010002A814F00CFD05A814F07E
:10C2C00052FCB3E72000062305A9FF33B0300593E5
:10C2D000FFF714FC2800114A022103F098F9280006
:10C2E00023690F4A022103F092F901212000FFF790
:10C2F0001CFBBFE752D1020024040000E43D0020F3
:10C3000094A8020044AC0200C5A8020094A6020052
:10C3100084A802008AA802008FA802000FA90200C8
:10C320002EA90200862330B5DB00C118F03B85B092
:10C330000400C01809F0A7FA124D011E0AD1862385
:10C34000DB00E358104A00932800104B03F05FF91C
:10C3500005B030BD2000832303A95B00B0300393F8
:10C36000FFF7CCFB20000A49103014F0C3FC280072
:10C37000084A022103F04BF902212000FFF7D5FA09
:10C38000E6E7C046E43D00203BA9020050AC0200B5
:10C3900094A6020070A9020070B5040000688442EF
:10C3A00004D0056814F04EFF2800F8E770BD0000C7
:10C3B00001210B4A70B513680A4D0B4006D10A489B
:10C3C000116083602A00094915F06EFA084C2000BC
:10C3D000FFF794FC2A000749200015F065FA70BDAC
:10C3E0008829002000000020C8290020EB610000FF
:10C3F000F8370020E9C9000003001A6C10B50020CE
:10C40000032A04DDD0229200981808F022FE10BD05
:10C4100010B5036C0400032B09DDD0239B00C0186A
:10C4200009F082FB0022024BE2540723236410BD73
:10C4300012020000D0239B0073B5C6180400300020
:10C4400008F007FE184D011E29D1184B184A280084
:10C4500003F0DDF80C232000FF3301A96C300193B9
:10C4600000F00CFC200001A9B030FFF747FB114A97
:10C470000221280003F0CBF820000221FFF755FA33
:10C480000D4B0820E35C002B08D02000FA22FA2193
:10C490004430D201890008F0BAF9032076BD30009B
:10C4A00009F042FBD6E7C046E43D00206CAC020038
:10C4B00048AA020070A9020012020000D0239B00CB
:10C4C000F0B5C51803000700FE3387B00593FC37AD
:10C4D00004005A893968280009F008FB061E21D09B
:10C4E00083232800C925DB00E1180022AD0009F0F4
:10C4F0006BF9635D002B02D1062007B0F0BD8623E7
:10C500009B00E118043B0A22E0180AF015F8002805
:10C51000F2D00F4B0F4A02210F4803F078F80023A6
:10C520006355E9E72000443008F092F9059B2800A4
:10C530003C685F8908F02BFD019702900094064843
:10C54000034B064A310003F062F80320D5E7C046EA
:10C550007EAC02007BAA0200E43D0020B2AA0200E9
:10C56000D023F0B59B00E3B000AFC3180D003B60D3
:10C5700019000823FA180400D01808F0EFFC6A46E6
:10C58000EB1DDB08DB00D31A9D466E467B607B68A3
:10C59000F31A9D4205DD386808F044FC307001361E
:10C5A000F5E70823FA18D1188623DB00E01814F009
:10C5B0005CFC002806D0200000232A007968903017
:10C5C00000F01AFF0823FA18D1188323DB00E018C3
:10C5D00014F04BFC00283FD0594B0820BB602C21A5
:10C5E0000C23FD603D18FB187A6869182800FFF7D6
:10C5F00013FB022830D07B6BD81EFF380E282BD8B7
:10C6000015F076FC08592A2A2A2A2A7D2A2A2A2A5B
:10C61000952A740008223023B918C918BA181C3B8F
:10C62000D01814F0EFFA7B6A002B1DD12000454989
:10C63000103014F05FFB8223082220005B00BB62F5
:10C64000BA18E43BB030D118FFF758FA0822142387
:10C65000BA18D01814F087FA0823FA18D01814F072
:10C6600082FABD4663B0F0BD2500F4352B78002B6F
:10C670000FD0082214232000BA18D118103014F05B
:10C68000F4FB002802D12000FFF74CFE2B78002B92
:10C69000DCD1082620251423BA19D118501914F01A
:10C6A00019FBBB1959192000FFF79EFDBB1958193A
:10C6B00014F059FACAE72300F4331B78002B11D089
:10C6C000082630232025BA19D118501914F09AFAE7
:10C6D0002000BB195919103014F0C7FBBB195819A9
:10C6E00014F041FA2000FFF71DFEB5E708222000F4
:10C6F0002C23BA186C30D11800F0C0FAACE7200037
:10C70000FA6BB96B9030012300F076FE2500082209
:10C710002C23BA186C35D118280000F0AFFA20008D
:10C720000021FFF702F9B86B19F02EF894E7064BD9
:10C730000822E0182C23BA18D11801F0C3FC8BE7AB
:10C7400080A8020094A602005404000010B5010065
:10C750000148FFF705FF10BDF837002073B51D0035
:10C76000D0239B00C41800231600019300932A00D5
:10C77000200008F07FFD002801D1002076BD2A00AE
:10C780003100200008F0ACFC0028F6D0200009F0B1
:10C79000DEF9431E9841F1E7D023F0B59B00C7189E
:10C7A00085B00400380008F054FC002803D10724A9
:10C7B000200005B0F0BD25006C35280000F07BF9A5
:10C7C0000028F4D02600B0363000FFF7D3F8002858
:10C7D000EDD0380008F0F2FD84239B00E35C002BD1
:10C7E00018D08327BF00E159002913DD0F4901A8A4
:10C7F000611814F06FFA22000B32E359FF3201A9DD
:10C800002000FFF7ABFF01A814F0ADF9842200234C
:10C810009200A354F4343000FFF7A6F823780624DE
:10C82000002BC5D0280000F040F9C1E72404000027
:10C8300070B5040002F034FC206C072808D815F00D
:10C8400057FB0433373B3F43474B2000FFF756FC71
:10C85000206402F025FCA068002808D0236C022B7D
:10C8600005DD05F085F9052801D101232364236C3A
:10C87000032B18DD1E4D625B012A31D91D4B0021AF
:10C88000E01801F01FFC9223DB00E358002B0AD0D4
:10C89000625F032A07D19847002804D00223164A72
:10C8A000A15A0B43A35270BD2000FFF738FCCFE71D
:10C8B0002000FFF743FCCBE72000FFF763FCC7E74E
:10C8C0002000FFF77BFCC3E72000FFF7F7FDBFE781
:10C8D0002000FFF761FFBBE72000FFF7ABFDB7E7E4
:10C8E000D0239B00E01808F0B4FB0028C6D1CAE7AB
:10C8F0007E040000540400005C040000F0B5040055
:10C9000010000022C7B00292019201320F00009382
:10C91000FF3202AB06A900F0DDFE002819D1029A11
:10C92000002A16DD250083260B35B600FF35A251FF
:10C9300006A9280018F053FF390003A814F0CAF91B
:10C94000A3592A0003A92000FFF708FF03A814F049
:10C950000AF947B0F0BD0000802330B55B00C7B0D6
:10C9600001931C4B0A680293852304000D005B00B1
:10C970009A4211D1184BC11806A814F0ABF9230044
:10C98000220020009C33903206A9FFF7B7FF06A8CB
:10C9900014F0E9F847B030BD01AB06AA02A8FFF7D2
:10C9A00048F900280FD1019B002B0CD00B4B03A89A
:10C9B000E11814F08FF9019B06AA03A92000FFF7E4
:10C9C000CDFE03A8E4E72B68054A0021054802F0E4
:10C9D0001EFEDFE790A70200240400000C04000004
:10C9E00094A90200E43D0020234B10B50833234AEC
:10C9F0000360234B0400C250C01801F011FC8623D1
:10CA0000DB00E01814F0AFF81E4BE01814F0ABF8A0
:10CA10008323DB00E01814F0A6F81B4BE01814F099
:10CA2000A2F8D0239B00E01808F00EFA86239B00A2
:10CA3000E01809F031F92000FC3014F094F82300DC
:10CA40002000124AB0331A60E030FFF726F92000C8
:10CA5000D430FFF7A1FC20000D4B9030E366FFF7C8
:10CA60009BFC20000B4B5C30A365FFF716F9200000
:10CA7000FFF71EF9200010BD20AC02002CAE020012
:10CA800054040000240400000C04000050A702001D
:10CA9000C4AC02009CA7020010B50400FFF7A4FF7D
:10CAA000200014F0CFFB200010BD10B5036800215A
:10CAB0001B68984710BD8368D817C01AC00F70470D
:10CAC00010B5002805D1054B054A3021054818F05E
:10CAD00067FB03681B68984710BDC046D0A60200DC
:10CAE000D4AC0200E2A60200F0B5040087B06420D6
:10CAF00014F0A0FB050001F0D5FC224B22492B606D
:10CB000023003433AB65636B03A8EB652B6614F02D
:10CB100079F8260001231D4F24365B4203AA290021
:10CB2000009301970333300002F0D2F8A06303A80A
:10CB300014F019F8A06B01F0FBFC642014F07AFBF0
:10CB4000050001F0AFFC2200114B3C322B60E36B7F
:10CB5000AA65EB652B660F4903A814F053F801236F
:10CB60005B4203AA2900009301970333300002F0CF
:10CB7000AFF8206403A813F0F6FF206C01F0D8FC96
:10CB800007B0F0BDF4A50200A3AC0200EDBC0000AC
:10CB900020A60200ADAC020070B504000D4B0022CF
:10CBA00008330360250001232435836041601100B0
:10CBB000103007F022FE28000C22002118F02BFE76
:10CBC00000236562A562200023636363A363E363BC
:10CBD000236470BDBCAC020037B5040010340500FE
:10CBE000200007F03CFE002810D1200007F047FE8F
:10CBF00000230A2810D8200007F02AFE842301A968
:10CC00005B0068680193FFF75BFF04E0200007F01A
:10CC10002BFE0028E9D1022318003EBD13B5040005
:10CC2000243001F0E5FFA06B03689B68984700285B
:10CC30001BD0A06B0368DB689847206C0368DB6837
:10CC40009847E26B616B0C4802F05EF9852301A9FD
:10CC50005B0060680193FFF733FFFFF747F800239D
:10CC6000E26B82425B41981C16BD206C03689B6896
:10CC700098470028DDD1E9E7BC3D002070B51226B9
:10CC8000FF360400C660002909D088220B685200D4
:10CC9000C360934203D14B6843638B68C363A56849
:10CCA000022D1AD0032D1DD0012D05D120001449CD
:10CCB000103007F0A5FD01350C22E368FF329342E6
:10CCC00014D00532934215D00A22FF3293420ED17E
:10CCD000A368022B0BD1032509E02000FFF77CFF9E
:10CCE0000500E9E72000FFF799FFF9E70125E66075
:10CCF000A56070BDE26B616B024802F005F9F6E7D2
:10CD000030750000BC3D002070B5C37B04000D00F1
:10CD1000DB0709D507F0C8F92860E37B9B0701D53D
:10CD2000C0432860002070BD8089F5E710B504007D
:10CD3000783013F018FF2000443013F014FF200067
:10CD4000283013F010FF2000083013F00CFF2000F3
:10CD500010BD10B5837BA02B01D00D2010BD07F0B6
:10CD6000F3F90028F9D10130F8E713B50400A368FE
:10CD70000B20002B0BD0A37B0230002B07D101A985
:10CD800020000193FFF7C0FF002801D00D2016BD41
:10CD9000200007F09BFA0028F8D1019B0630002BF9
:10CDA000F5D003385A1CF2D001309A1CEFD0013074
:10CDB000DA1CECD00230022BE9D00130032BE6D094
:10CDC0000130042BE3D00130062BE0D00838DEE739
:10CDD00010B507F07BFA0D23002800D10C3B18009A
:10CDE00010BD73B5837B05000E000D20002B07D10D
:10CDF00001A928000193FFF787FF002801D00D202B
:10CE000076BD0124019B34713360280007F05EFA7F
:10CE10000028F4D12000F3E730B5837B87B00D0004
:10CE20000D24602B1AD1002302AA0193029301A9B9
:10CE3000030007F08FFA002810D1019903A813F01E
:10CE4000E1FE280003A908300C3C13F033FF2C75D9
:10CE500003A813F088FE019818F096FC200007B094
:10CE600030BD0000F0B5837B8FB007000C0001924D
:10CE7000602B48D1002304AA0393049303A9030061
:10CE800007F068FA0D2500283AD12500039905A876
:10CE900013F0B8FE2835039818F076FC05A9280091
:10CEA00013F008FF01232E492B730BA813F0AAFEE1
:10CEB0000BA905A814F05CF805000BA813F053FEAD
:10CEC000284908A813F09EFE6B1C0CD06A1C079B17
:10CED00005A90BA814F052F80BA908A813F004FF39
:10CEE0000BA813F040FE0125443408A9200013F0DC
:10CEF000E1FE257308A813F036FE05A813F033FEF3
:10CF000028000FB0F0BD0D25002BF9D108A908931A
:10CF1000FFF7FAFE0028F3D12300012640331E70EC
:10CF20005E70089B089ADBB2A363230038331E713E
:10CF3000089B01991B126365230054331E710BA8D3
:10CF4000283401F097FE0BA9200013F0B3FE2673DE
:10CF5000380007F0BBF9002800D135000BA8CDE759
:10CF6000909C020052D1020030B5837B87B00D0047
:10CF70000D24602B1AD1002302AA0193029301A968
:10CF8000030007F0E7F9002810D10199783503A8CC
:10CF900013F038FE0C3C03A9280013F08BFE2C7311
:10CFA00003A813F0E0FD019818F0EEFB200007B095
:10CFB00030BD838910B55A1E9341012488310B700E
:10CFC0004C7007F083F90D23002800D123001800CE
:10CFD00010BD0000420470B504008005D20E800D23
:10CFE000002A0CD117F090FE1822524214F072FC65
:10CFF00024B2002C02DA80231B06C91870BD1F2A38
:10D0000008D08023193A1500DB00C01817F07CFE09
:10D010002A00EBE7002801D10249E9E70020024994
:10D02000E6E7C0460000F07F0000F87FF7B5837B9D
:10D0300004000D00002B13D1C17B013319400DD02A
:10D0400007F032F8E37B9B0701D5C043C94315F0D5
:10D05000E5F90126286069603000FEBD8089F1E7AE
:10D06000FB2B02D107F020F8F3E7FA2B04D107F0ED
:10D070001BF817F0B5FEECE70026F92BECD16B4658
:10D080009F1D3900DE8007F03FF9B042E4D13888B7
:10D09000FFF7A0FF013628606960DDE737B50023A0
:10D0A00000220C006946050000920193FFF7BEFFC5
:10D0B000002801D10D203EBD009A019BA261E361D1
:10D0C000631C01242800DC7707F000F90028F1D167
:10D0D0002000F0E737B5002300220C006946050068
:10D0E00000920193FFF7A2FF002801D10D203EBD61
:10D0F000009A019BA266E3662300012468331C7238
:10D10000280007F0E3F80028F0D12000EFE737B55A
:10D11000002300220C006946050000920193FFF7EE
:10D1200085FF002801D10D203EBD2100009B019C00
:10D1300090310B604C60012428000C7207F0C6F897
:10D140000028F0D12000EFE710B50449040013F0E7
:10D1500059FD00232000237310BDC04652D10200A8
:10D16000F7B50600A8200C0014F064F80700083793
:10D17000050008222100380018F031FB210038009A
:10D180000831083013F0A6FD28002100237D10226D
:10D19000183120302B77270018F021FB2B0028377F
:10D1A000303339001800019313F094FD280021005A
:10D1B0003B7B019A383113734030082218F00FFB83
:10D1C0002B00A21CD28F48331A801C37043339003D
:10D1D0001800019313F07EFD3B7B019A34371373E3
:10D1E0002B0022005C33543203CA03C303CA03C3B7
:10D1F0002800210010226831703018F0F0FA2B005E
:10D20000803339001800019313F064FD3B7B019AD1
:10D210002800137322002B002100883212889033DB
:10D220001A8090311022983018F0D9FA3100280075
:10D2300014F041FBB3680133B360F7BD70B505006E
:10D240000468A54209D0200026680830FFF76EFD6B
:10D25000200013F0F7FF3400F3E770BDF0B593B092
:10D2600005931BAB1B7804900693130034331B7893
:10D27000079115001A9F1C9C002B00D187E02E00FF
:10D280005B49283609A813F0BDFC31000CA813F047
:10D2900021FD58490FA813F0B5FC0FA90CA813F0F5
:10D2A00067FE02900FA813F05EFC0CA813F05BFC65
:10D2B000029B3100013300D190E00CA813F00AFD6D
:10D2C000029B00220CA90FA813F058FE0FA909A871
:10D2D00013F00AFD0FA813F046FC0CA813F043FC52
:10D2E0004349189813F0CFFD002822D1189909A8B6
:10D2F00013F0BBFD061E1CD118990FA813F0EAFC11
:10D300003968199B8C461B680FA9029363441A0065
:10D310000598069B009401F087FC0FA813F023FCEE
:10D320002000FFF78BFF199B24606460A6601E60DD
:10D330003E606B1CDB7F002B05D0A869E96915F006
:10D3400031F8199B18602B0098331B78002B13D0F1
:10D350002B00386890331A685B680292039317F0C9
:10D360000DFD029A039B14F06DFF002804D0029873
:10D37000039915F017F8386029002000FFF7F0FE38
:10D3800009A9189813F096FC09A813F0ECFB07996B
:10D39000049806F029FF0D2500281CD1049B0500E8
:10D3A0009B68002B17D118990FA813F093FC199BB9
:10D3B0000FA91A683B680598D2180094069B01F0E3
:10D3C00033FC0FA813F0CFFB2000FFF737FFA56059
:10D3D000246064600C35280013B0F0BD0FA813F072
:10D3E00079FC0FA909A813F065FC0FA876E7C046E1
:10D3F00052D10200909C0200F0B50024C9B0069002
:10D4000020AD22A80791089209932C71FFF79CFE8A
:10D41000712304AA9B18DC772AA8FFF795FE2FAB8F
:10D420001C70B12304AA9B181C7031A8FFF78CFE56
:10D4300036AB1C7038AB1C703CAB1C703EA8FFF7C1
:10D4400083FEF92304AA9B181C7011AF46AB0EAEE5
:10D450001C703F493800B4600E96766013F0D2FB22
:10D4600014AB009322000CAB089907980A940B9414
:10D4700006F05CFEA0420CD14E2204AB9B181B7838
:10D48000802B06D118A914A806F05EFE0D23A04239
:10D4900011D0380013F067FB3000FFF7CFFE2800F3
:10D4A000FFF744FC49B0F0BD180004E01CA918A81F
:10D4B000FFF74FFC03000C28EBD00D28F4D814F034
:10D4C0000DFDF5070B0F141923292E331E38F3E831
:10D4D0001CA8FFF74AFCEDE71CA8FFF779FCE9E779
:10D4E00029001CA8FFF77DFCE4E729001CA8FFF732
:10D4F00093FCDFE729001CA8FFF7D0FDDAE729003D
:10D500001CA8FFF704FED5E7069A29001CA8FFF720
:10D51000A9FCCFE729001CA8FFF7DCFDCAE729001A
:10D520001CA8FFF721FDC5E729001CA8FFF741FD56
:10D53000C0E7099B049603930BAB02930AAB0193DC
:10D540000097069B2A001CA918A8FFF787FEB1E7E1
:10D5500052D10200002905DD01390AD303681B6896
:10D560000360F9E70131012903D003685B680360B8
:10D57000F8E7704770B50500002304001835836094
:10D58000C360280006F0CAFA2100012228002831D1
:10D59000524206F073FB022070BD0000F7B503682D
:10D5A00004001B680D000193436801A81968FFF788
:10D5B000D1FF0226019B2268934201D10620FEBDC5
:10D5C0009F68380000F0B7FF00280DD0BB69B34357
:10D5D0000AD121002A782831380001F001F8031E11
:10D5E00006D1A3680133A360E3680133E36000233D
:10D5F000A26821698A4202DB227D002A05D1002B24
:10D6000010D1019B1B680193D4E7802203201206EE
:10D610009342D4D0002BD1D0054A05209342CED0DE
:10D620000018CCE78022032012069342C7D0F3E70C
:10D63000020300004268016813680A200133136086
:10D6400089688B4289410B401360704701238268CF
:10D65000037502611800002A00DC093070470100E0
:10D6600010B52831183006F01FFB434258410730EF
:10D6700010BD83685A1E0123026103751800002A39
:10D6800000DC0930704737B50025036805751B6855
:10D6900004000193436801A81968FFF75BFF216844
:10D6A000019AE3688A4209D090689D4206DA00F048
:10D6B0007AFF019B01351B680193F0E762681068EF
:10D6C0001B181360896809208B4289410B40136045
:10D6D0003EBD0000F0B591B01C00169B0D000393F9
:10D6E0001600002304270290092B3AD00A2BFBD8FE
:10D6F000180014F0F3FB060E151A22262A2E32F912
:10D700004100002302AA0493059306931375013385
:10D71000EEE73200290002A8FFF72CFF0300E3E741
:10D7200017A902A8FFF73AFFF8E7049B0193019AB3
:10D730000623002ADCDC3B00DAE702A8FFF77AFFC9
:10D74000ECE702A8FFF782FFE8E702A8FFF787FFF0
:10D75000E4E702A8FFF78DFFE0E702A8FFF793FFD9
:10D76000DCE70020049B834204DD089B5D1B2560F1
:10D7700011B0F0BD2060FBE70048F9E7FFFFFF7F35
:10D780007047704770477047704710B5040013F03A
:10D7900059FD200010BD10B5040013F053FD20000A
:10D7A00010BD10B5040013F04DFD200010BD10B5E4
:10D7B000040013F047FD200010BD10B5040013F065
:10D7C00041FD200010BD37B58B7B080015000224F9
:10D7D000402B09D1111D002301AA06F0BBFD002832
:10D7E00002D10400019BAB6020003EBD252307B59C
:10D7F00001938B7B0800602B01D002200EBD111D10
:10D80000002301AA06F014FD0028F7D0F5E770B553
:10D810008B7B0C001500002B01D0022070BDCB7B50
:10D82000DB0718D5080006F03FFCE37B9B0700D51B
:10D83000C0436860200006F049FD0028EDD1A37BBD
:10D84000002BEAD1E37BDB0707D5200006F02CFC98
:10D85000A8600020E2E78889E7E7A089F8E72523A8
:10D8600007B501938B7B0800602B01D002200EBD11
:10D87000111D002301AA06F0DBFC0028F7D0F5E714
:10D8800010B5837B402B01D0022010BD002306F091
:10D89000CFFC0028F8D10130F7E7F7B50C001023D2
:10D8A0001500111D200001AA0193FFF7E9FF0228CE
:10D8B00038D0200006F00AFD031E33D1802252002A
:10D8C0000192A27B602A2DD1290001AA14312000E7
:10D8D00006F0AEFC002825D1200006F0F7FC002859
:10D8E00020D129002023153101AAFF312000019306
:10D8F000FFF7C6FF022815D0019F202F12D120006C
:10D9000006F0E4FC061E0DD129003531FF3101AAD5
:10D9100020000197FFF7B4FF022803D0019B3000DD
:10D92000202B00D00220FEBD70470000872337B5B2
:10D930002C4D5B0000932C4A0023280005F0F4FED8
:10D940002A4C2B4B220008332A4928002B6013F065
:10D95000ABFF81238222284D5B00009352020023FB
:10D96000280005F0E1FE254B220008332449280059
:10D970002B6013F099FF04238822224DFF3300937C
:10D9800052020023280005F0CFFE1F4B220008336F
:10D990001E4928002B6013F087FF0A2383221C4DA9
:10D9A000FF33009352020023280005F0BDFE194BFF
:10D9B00022000833184928002B6013F075FF8823D4
:10D9C000164D5B0000932800154A002305F0ACFEBD
:10D9D000144B28000833220013492B6013F064FF16
:10D9E00037BDC046903C002000010100000000202F
:10D9F000FCAC020089D70000C03C002024AD02002E
:10DA000087D70000A83C002010AD020085D7000099
:10DA1000F03C00204CAD020083D70000D83C002031
:10DA20000009010038AD020081D70000704770473F
:10DA30007047704770477047704730B50D0085B02C
:10DA4000140069460122280006F018F9002802D0C7
:10DA5000022005B030BD211D2022684606F0E6F800
:10DA60000028F5D16946280006F01EF90028F0D0FC
:10DA7000EEE71FB50C0000226946200006F0FEF814
:10DA8000002802D0022004B010BD6946200006F034
:10DA90000BF90028F7D0F5E730B50D0085B014007C
:10DAA00069460422280006F0E9F8002802D0022086
:10DAB00005B030BD210010220831684606F0B6F8E6
:10DAC0000028F4D1217E684606F051F80028EED1F6
:10DAD000E369E269DB17684606F036F80028E6D10C
:10DAE000226A636A684606F020F80028DFD169469A
:10DAF000280006F0D9F80028DAD0D8E710B50400DD
:10DB000013F0A0FB200010BD10B5040013F09AFB29
:10DB1000200010BD10B5040013F094FB200010BDD0
:10DB200010B5040013F08EFB200010BD10B50400EA
:10DB300013F088FB200010BD10B5040013F082FB29
:10DB4000200010BD10B5040013F07CFB200010BDB8
:10DB500070B5050008000C0019F0F2F82100020071
:10DB6000280006F077F870BD30B50D0085B01400C0
:10DB700069460122280006F081F8002802D0022020
:10DB800005B030BD211D6846FFF7E2FF0028F6D141
:10DB90006946280006F088F80028F1D0EFE730B594
:10DBA0000D0085B0140069460122280006F066F8D1
:10DBB000002802D0022005B030BD211D6846FFF7C5
:10DBC000C7FF0028F6D16946280006F06DF8002846
:10DBD000F1D0EFE7481E00B506281CD814F088F9EC
:10DBE0000415110D0813190001211170197003E0BB
:10DBF0000221117001221A7000BD0321117002224E
:10DC0000F9E70421FAE70521F8E70621117004225B
:10DC1000F1E70721F2E70021E7E710B5080011005E
:10DC2000FFF796FF431E9841400010BDF0B587B046
:10DC30006B4614006A460D00DF1D3B00063261682A
:10DC40000600FFF7C7FF3A7802A90132280006F064
:10DC500015F8031E02D0022007B0F0BD6A4602A8E4
:10DC6000927905F062FF0028F5D16368012B07D196
:10DC7000220002A908323000FFF7CFFF0028EAD1C6
:10DC800002A9280006F010F80028E5D0E3E7704765
:10DC9000862337B580223D4D5B000093520200235E
:10DCA000280005F065FE3A4C3A4B220008333A4909
:10DCB00028002B6013F0F8FD0223384DFF3300934A
:10DCC000374A0023280005F053FE364B2200083364
:10DCD000354928002B6013F0E7FD8423334D5B00AA
:10DCE0000093334A0023280005F042FE314B220006
:10DCF0000833314928002B6013F0D6FD80232F4DC7
:10DD00005B0000932E4A0023280005F031FE2D4BC6
:10DD1000220008332C4928002B6013F0C5FD0E2388
:10DD200081222A4DFF33009352020023280005F080
:10DD30001FFE274B22000833264928002B6013F0D2
:10DD4000B3FD10238422244DFF330093520200239D
:10DD5000280005F00DFE214B220008332049280041
:10DD60002B6013F0A1FD08231E4DFF330093280004
:10DD70001D4A002305F0FCFD1C4B2800083322003F
:10DD80001B492B6013F090FD37BDC046083D0020B5
:10DD90000000002060AD020039DA0000203D0020C4
:10DDA0000003010074AD020037DA0000983D002046
:10DDB00000050100D8AD020035DA0000503D00201A
:10DDC000000701009CAD020033DA0000803D002016
:10DDD000C4AD020031DA0000383D002088AD0200F9
:10DDE0002FDA0000683D002000110100B0AD0200F4
:10DDF0002DDA000010B5036800211B68984710BD9C
:10DE000001207047012070470120704710B503685A
:10DE10009B6B9847052010BD07207047BFF34F8FBD
:10DE2000034B044ADA60BFF34F8FC046FDE7C0469C
:10DE300000ED00E00400FA050048704700200000F3
:10DE4000054B0648064AC01A064B80109B1A9B10C9
:10DE5000C01880007047C04600200000DCD60200D9
:10DE6000000000206829002010B5836B1C69200089
:10DE700018F066FF0023802807D8C1B2200002F006
:10DE800045FFC3B20620002B05D0013BDBB2032BBC
:10DE900002D8034AD05610BD0C204042FBE7C046D2
:10DEA000ECAD020010B501F007FC034918F036FF95
:10DEB000C043C00F10BDC046F0AD020010B5040055
:10DEC000034B0833036000F0ABF9200010BDC046DF
:10DED00024AE020010B50400FFF7F0FF200013F09D
:10DEE000B1F9200010BD13B5040018F029FF00237C
:10DEF000C2B2019300932100622002F043FF01208F
:10DF000016BD000010B50348FFF7EDFF0248FFF70C
:10DF1000EAFF10BDF6AD02000AAE020010B5040023
:10DF200000F078F8024B20000833236010BDC04693
:10DF300024AE02000389DA0702D50322990703D52C
:10DF400002229343038192181000704770B5036852
:10DF500004005B6C0D009847002815D0280006F0DF
:10DF60005BFB23682000DB6B9847236806001B6C73
:10DF700020009847002302003100280006F076FBBD
:10DF8000236820009B6C984770BD000010B50028E6
:10DF900005D1054B054A3021054817F001F9036802
:10DFA0001B68984710BDC046D0A60200B4AF02005F
:10DFB0007CAE020030B50368B7B01B690400984717
:10DFC000092300281CD02022002102A817F023FCDE
:10DFD000862325005B00019323680AA9DB6C2000DF
:10DFE0000A35984729000AA806F0A8FB2022290034
:10DFF00002A817F0F4FB01A96068FFF7C7FF02232E
:10E00000180037B030BD2A22835E8B4201D0838551
:10E0100041857047054B416008330360002303814D
:10E020004385838503634363836370475CAF02006A
:10E03000F0B5836B8DB004000191002B35D0FDF756
:10E0400055FE24220021050003A817F0E4FB0E234F
:10E050001022FF33A16B04A8029317F0C0FB2A2201
:10E06000A35E002B00DA082302AA1376280016F01C
:10E0700085FE134B002216F03BF8236B06000F00C1
:10E080009D4214D1636B581C606316F077FE32001A
:10E090003B0015F007F914F0A3F90A900B91019BCE
:10E0A00002A960680993FFF771FF0DB0F0BD14F08D
:10E0B00097F900230A900B9163632563EFE7C0464D
:10E0C00080842E4170B52A22835E04009AB20D002E
:10E0D000022A0BD92C21425E9A4207D0191C002B30
:10E0E00000DD002109B22000FFF7A2FF2A23E05E35
:10E0F000A085092827D813F0FBFE050F14171A1D59
:10E100002023260E23685B69290020009847010020
:10E110002000FFF778FF70BD23689B6920009847B7
:10E12000F5E72368DB69EFE723681B6AF6E72368F6
:10E130005B6AF3E723689B6AF0E72368DB6AEDE735
:10E1400023681B6BEAE723685B6BE7E7F7B504001E
:10E1500010001F001600019118F0F2FD013017F0B9
:10E1600009FB0500206110220199200017F037FB00
:10E170003100280018F0DCFD202520002A0039009D
:10E18000143017F02CFB20002A000899343017F0C7
:10E1900026FB2000FEBD000073B505000C1E20D03C
:10E1A00087230A685B0002209A4219D1AB6B002BCF
:10E1B00005D00D4B0D4A97210D4816F0F1FF542064
:10E1C00013F038F823002200211D35341533FF34B5
:10E1D0000600FF3314320094FFF7B8FF0320AE634C
:10E1E00076BD0220FCE7C046DFAE0200D9AF0200D8
:10E1F000F2AE020010B50400006917F0C5FA200065
:10E2000010BD70B5846B0500002C07D02000FFF70F
:10E21000F1FF200013F016F80023AB6370BD00007F
:10E2200010B50400034B08330360FFF7EAFF20003A
:10E2300010BDC0465CAF020010B5040003689B6BC4
:10E2400098472000FFF7DDFF022010BD012A03D010
:10E25000022A03D0002070470160FBE70B780370AF
:10E26000F8E7012A03D0022A03D00020704701609A
:10E27000FBE70B680360F8E7012A03D0022A03D00A
:10E28000002070470160FBE70B680360F8E7012A94
:10E2900003D0022A03D0002070470160FBE70B681F
:10E2A0000360F8E7F8B50B0089331D780400002DF2
:10E2B00004D088310A7803681A7010E00B007033BC
:10E2C0001B78002B0BD08E6ECF6E00220023300007
:10E2D000390013F0B1FF002802D023681D70F8BD8B
:10E2E0000022054B3000390013F0A6FF0028F6D0BD
:10E2F00023680122E0E7C0460000F03F012A03D076
:10E30000022A03D0002070470160FBE70B6803601E
:10E31000F8E710B50468886EC96E16F0BFFC20607F
:10E3200010BD012A03D0022A03D0002070470160EB
:10E33000FBE70B680360F8E710B50468886EC96EE8
:10E3400014F030F8206010BD012A03D0022A03D057
:10E35000002070470160FBE70B680360F8E710B529
:10E360000468886EC96E16F08DFD206010BD012A0C
:10E3700003D0022A03D0002070470160FBE70B683E
:10E380000360F8E7012A03D0022A03D00020704777
:10E390000160FBE70B680360F8E71FB5046878319C
:10E3A00001A812F097FC01A9200012F083FC01A83B
:10E3B00012F0D9FB1FBD70B5022205000023080032
:10E3C0000C0005F0C1FB002804D12A682000D317F7
:10E3D00005F0BAFB70BD70B50222050000230800ED
:10E3E0000C0005F0B1FB002804D103002A682000CE
:10E3F00005F0AAFB70BD70B50422050000230800DB
:10E400000C0005F0A1FB002805D12978200014316B
:10E41000C9B205F0ACFB70BD37B500230500022280
:10E4200008000C0005F090FB002806D12B6801AA1B
:10E43000FA212000019305F0AFFB3EBD70B504004A
:10E44000022A07D0032A0FD0012A01D10B680360EA
:10E45000002070BD0C200E6812F0ECFE05003100AB
:10E4600012F038FC2560F3E70468002CF0D020009F
:10E4700012F079FB200012F0E5FEE9E770B5032207
:10E480000568002308000C0005F05EFB002808D199
:10E490002D68280018F054FC29000200200005F027
:10E4A000D9FB70BD134B10B51349040008C012F01E
:10E4B000A9FB00232361FA2322005B006361002390
:10E4C0003032A361E36123626362A362E36293700B
:10E4D0005370137001326363A363E3632364A36423
:10E4E000E36401329377D3771E329370D3702000A8
:10E4F000636510BDA497020052D1020070B50400FC
:10E5000016001D00043012F0D5FBA661256270BD17
:10E5100041627047816270470023C36201614261BA
:10E5200070470123C362FA239B00594381637047FC
:10E530000123C3617047030070B530331B780500B9
:10E540000124002B1CD0030032331C78002C17D17F
:10E55000013B1C78002C13D122331C78002C0FD1E6
:10E56000C36A002B0ED103689B689847002807D028
:10E5700012F06EFD6B6BC01A6B6998426441E4B295
:10E58000200070BD012B05D112F062FD6B6BC01A2B
:10E59000AB6BF2E7022BF3D151352C78F0E7012376
:10E5A00053300370704732300378002B01D00023C2
:10E5B00003707047436A10B50400002B00D09847E1
:10E5C000236820009B689847002802D0012331343B
:10E5D000237010BD836A10B5002B00D0984710BD82
:10E5E0000300503370B51A700023C364036804003D
:10E5F0005B699847051E10D1236820001B69984766
:10E60000220001233032137055702132157095703D
:10E610001F3A137012F01CFD6063280070BD0000EB
:10E62000F0B50F008DB005003F493800160001938A
:10E6300012F029FC002802D1EB6C0133EB642B00B3
:10E6400052331A7808A9531E9A410198023205F0F4
:10E650001BFB041E15D10022002308A805F074FA44
:10E66000041E0ED12B0050331B78002B0CD0EB6C0A
:10E6700008A81A02AB6CD218D31705F065FA041E6D
:10E680002DD020000DB0F0BD291D02A812F022FBF4
:10E690002549380012F0F7FB00280ED1234905A8C0
:10E6A00012F0B0FA390005A812F08DFB010002A8A3
:10E6B00012F065FB05A812F056FA029C200018F033
:10E6C0003FFB2100020008A805F0C4FA040002A8DC
:10E6D000002C02D012F047FAD3E712F044FAB368E4
:10E6E000002B01D113F0F3F8F36808A93000984724
:10E6F000041EC6D12B0052331B78002B05D108A96C
:10E70000019805F0D1FA0400BBE70622002308A80F
:10E7100005F01AFA041EB4D103006A6D08A805F0CA
:10E7200004FA041EEBD0ACE752D10200909C020028
:10E73000F0B51E0005000F0089B0110001A812F00D
:10E74000C9FA0B4B04AC07930A4B220001A90693AC
:10E75000280033002770FFF763FF05002000FDF756
:10E760009CFA01A812F0FFF9280009B0F0BDC046DC
:10E77000F7E300004DE2000070B51D0004000E003C
:10E7800088B0110001A812F0A5FA0A4B04AA079359
:10E79000094B01A9069320002B000496FFF740FFC8
:10E7A000040004A8FDF779FA01A812F0DCF92000B2
:10E7B00008B070BDB7E3000063E2000070B51D0053
:10E7C00004000E0088B0110001A812F083FA0A4B71
:10E7D00004AA0793094B01A9069320002B00049675
:10E7E000FFF71EFF040004A8FDF757FA01A812F076
:10E7F000BAF9200008B070BDD7E3000079E200004C
:10E8000070B51D00040088B00E1C01A8110012F0A4
:10E8100061FA0A4B04AA0793094B01A90693200049
:10E820002B000496FFF7FCFE040004A8FDF735FA60
:10E8300001A812F098F9200008B070BD19E400009A
:10E840008FE2000070B50C008AB01100050003A82B
:10E850001E0012F03FFA2100684612F03BFA002336
:10E860000C20089312F0E6FC0400694612F070F9DF
:10E870000B4B06AA09930B4B03A9089328003300FE
:10E880000694FFF7CDFE040006A8FDF706FA6846D9
:10E8900012F069F903A812F066F920000AB070BD01
:10E8A0007DE400003DE40000002310B5C36403686C
:10E8B00041649B69984710BD0223826910B59A4351
:10E8C0000400002A04D1036A002B01D09847E063BA
:10E8D00010BD0164704781647047036810B59B6880
:10E8E00004009847002806D023682000DB6898477A
:10E8F0002000FFF75FFE10BD836810B5002B01D12B
:10E9000012F0E5FFC368984710BD0000F0B595B060
:10E91000019106003A490198150012F0B4FA002856
:10E9200002D1F36C0133F364776C019905A83C685C
:10E93000049612F0CFF900230A93AB68002B08D09D
:10E940000222290008A89847EB680B93AB68019353
:10E950000A93A74229D02300250049331B780835A4
:10E96000002B0FD0230048331B78002B0AD0049BC8
:10E97000E26DDB6C9A4203D1290008A8FFF7BCFFC7
:10E980002468E6E721000CA84C3112F0A3F905A990
:10E990000CA812F06AFA002803D0290008A8FFF793
:10E9A000ABFF0CA812F0DFF8EAE7049B05A90DA85D
:10E9B0000C9312F0CDF808A9082202A816F00FFF58
:10E9C00010A9082208A816F00AFF02A9082210A818
:10E9D00016F005FF0A9B139A129300230A930B9BD0
:10E9E00010A80B921393FDF758F90DA812F0BBF87D
:10E9F00008A8FDF752F905A812F0B5F815B0F0BD5A
:10EA000052D1020030B504000D0089B0110001A8F8
:10EA100012F060F9084B04AA0793084B01A92000E3
:10EA200006930495FFF772FF04A8FDF736F901A8D5
:10EA300012F099F809B030BDA5E20000FDE2000037
:10EA400030B504000D0089B0110001A812F042F9A0
:10EA5000084B04AA0793084B01A9200006930495CC
:10EA6000FFF754FF04A8FDF718F901A812F07BF88E
:10EA700009B030BD13E3000023E3000030B504000B
:10EA80000D0089B0110001A812F024F9084B04AA66
:10EA90000793084B01A9200006930495FFF736FF62
:10EAA00004A8FDF7FAF801A812F05DF809B030BD2E
:10EAB00039E3000049E3000030B504000D0089B0DF
:10EAC000110001A812F006F9084B04AA0793084B9D
:10EAD00001A9200006930495FFF718FF04A8FDF78D
:10EAE000DCF801A812F03FF809B030BD5FE3000088
:10EAF0006FE3000030B504000D0089B0110001A8DB
:10EB000012F0E8F8084B04AA0793084B01A920006B
:10EB100006930495FFF7FAFE04A8FDF7BEF801A8D6
:10EB200012F021F809B030BD9BE3000085E300003E
:10EB300010B5054C0549200012F064F8044A054957
:10EB4000200012F0B1FE10BDB03D00202AB002003E
:10EB500000000020670B020070B590B0046805004B
:10EB600001A812F0B7F801A904A812F0B3F804A99B
:10EB70000DA812F0AFF80DA907A812F0ABF80DA878
:10EB800011F0F1FF07A90AA812F0A4F8A54210D0CD
:10EB9000A3680DA8191D12F09DF80AA90DA812F07E
:10EBA00064F906000DA811F0DEFF002E01D12468E3
:10EBB000ECE70AA811F0D7FF07A811F0D4FF04A8CA
:10EBC00011F0D1FF01A811F0CEFF0020A54200D026
:10EBD000A06810B070BD10B50368984205D09A685F
:10EBE000946CA14202D01B68F7E70022100010BD10
:10EBF000F8B5060002270568AE4214D0AC68236859
:10EC00002000DB69984700280BD0236820001B6A8E
:10EC10009847002805D0A369BB4302D12000FFF725
:10EC20004BFE2D68E8E7F8BD70B516001D00FFF734
:10EC300093FF041E0FD08369013B012B0BD83100D9
:10EC4000FFF747FE04992000FFF72EFE002D03D0AA
:10EC50002000FFF7BFFC70BDE369002B03D12368E0
:10EC60002000DB6898472000FFF7A4FC2000FFF796
:10EC700096FCF0E710B5040008001100FF2A00DD43
:10EC8000D1B2FFF7A8FF002805D0011D200012F027
:10EC900021F8200010BD0249200011F0B3FFF8E771
:10ECA00052D1020070B50D0004001100531C01D1B7
:10ECB0008368591C2800FFF70EFE0C2012F0BAFAE8
:10ECC0002100856012F0F7FDA3680133A36070BDD9
:10ECD000F0B50C0085B01100050016001F00FFF70D
:10ECE0003BFF002812D1310001A811F0F3FF0B9B6C
:10ECF0003A0001A92000FFF701FC01A811F033FF41
:10ED000028000A9A2100FFF7CDFF200005B0F0BDD2
:10ED10007047704730B530258DB004002A000021BF
:10ED2000684616F078FD6A46E32313700A4B0B49D8
:10ED300053800B4B7B22039323682000DB6A9847A8
:10ED400023682A0069465B682000984723682000F2
:10ED50001B6B98470DB030BD06ECFFFF2CB00200D6
:10ED6000314E313470B50D000400002012F0F0FB7C
:10ED700011F01EFC2900200011F02BFC70BD0000DA
:10ED800030B503680400C0208DB021490002DD6960
:10ED9000FFF7E8FF81B22000A8472000FFF7BAFF85
:10EDA00012F056F9050012F053F91A4A401B236875
:10EDB000904227D85B6B200098470028F3D0236847
:10EDC000302269469B6B20009847236820005B6ACD
:10EDD000984729236B4419780AAB187811F004FC82
:10EDE0002B236B4419782A236B440400187811F004
:10EDF000FBFB230403430020834201D0064A9818FA
:10EE00000DB030BD20005B6A98470020F8E7C0468F
:10EE1000FFFF0000E70300008081557C0023054AC6
:10EE200003608260044A03714371C36003614261FD
:10EE30008361704780510100005C260510B50160B8
:10EE4000002102480EF012FE10BDC046E03D002039
:10EE5000036810B5181E06D01A68926890470238E9
:10EE600043425841C0B210BD30B5174C91B0216833
:10EE700063680500194323D1242207A816F0CBFCB0
:10EE800004AB05AA0093114903AB280017F0B2FEAA
:10EE90000F4D05A9280017F06BFF0321401B13F04D
:10EEA000CFF8039B0B4A0A93049B0B909B180C937F
:10EEB000012307A85B420F9316F080FD206061607C
:10EEC0002068616811B030BDD83D00203CB0020020
:10EED00030B1020094F8FFFF10B504000848FFF7B6
:10EEE000C3FF0123074A5B428018594101230029CF
:10EEF00002DC02D1A04200D90023D8B210BDC04626
:10EF00008C9B0200213BFFFF104B73B51500CA1804
:10EF10000F4B04000E009A4216D82800FFF7DCFFC2
:10EF2000002811D0A368B34202D1E368AB420BD0F2
:10EF3000084B01950096084A0321084800F067FB3A
:10EF40000123A660E560637173BDC046BFA80000E1
:10EF50009E6D010063B10200D0B00200E43D0020CC
:10EF6000F8B505000024FFF773FFA04226D02868FB
:10EF70008368072B18D1124F124E134A01213B0010
:10EF8000300000F044FB286803685B699847040080
:10EF9000FFF7A2FF051E11D13B000C4A01213000F2
:10EFA00000F035FB2C0009E003681B699847FFF768
:10EFB000E7FE0400FFF790FF0028DCD02000F8BD3A
:10EFC00055B10200E43D002045B0020093B00200BC
:10EFD000002373B5037183690400002B1DD098478B
:10EFE0000500FFF779FF002815D00D4E30000EF018
:10EFF000E7FC401B0B4B0C4A009003210B4801958A
:10F0000000F005FB290030000EF07EFC12F020F825
:10F01000012320612371207976BDFFF7A1FFDFE78F
:10F02000E03D002073B10200FDB00200E43D00208D
:10F0300010B5040012F00CF82379002B04D02369DA
:10F04000C01A6369984202D92000FFF7C1FF236903
:10F05000002B03D003480EF0B3FC10BD0248FFF7AD
:10F0600003FFFAE7E03D00208C9B020010B5034847
:10F070000EF038FC0248FFF7D1FE10BDE03D002045
:10F08000BC3D0020044B10B51B78002B02D0034878
:10F090000EF054FD10BDC046E13D00204449002063
:10F0A00010B5FFF7EFFF10BD0122FA2110B5044B98
:10F0B00089011A70034800220EF084FD10BDC0467D
:10F0C000E13D00204449002010B50249024800F00B
:10F0D00066FB10BDA1F00000F03D002001717047FB
:10F0E00010B50400943403002068042808D81A6876
:10F0F00012F0FEFE03080A0C0E00526C1800904736
:10F10000206010BD926CF9E7D26CF7E7126DF5E75D
:10F11000526DF3E7030094331A68012A03D90122E0
:10F12000027100221A607047002303719430033388
:10F1300003607047012905D0022906D098300029C4
:10F1400001D070479C300260FBE7A030FBE7F8B5C8
:10F15000040011F07DFF25002100943590310B68EB
:10F160002E68C21A33001C339B00E3185B689A4276
:10F170000DD9086023682000DB6B984707008642A2
:10F1800005D0236801001B6C200098472F60286879
:10F19000F8BD0B00010010B50C316822180016F004
:10F1A0001EFB10BD10B5022905D198300368002B55
:10F1B00000D0984710BD042901D19C30F6E70629FC
:10F1C000F8D1A030F2E7030010B594331A68002399
:10F1D0009A4209D10A6894468268944504D10C3059
:10F1E000682216F0FCFA0123180010BD0E4B70B512
:10F1F0000833002503600300040082600B4A457158
:10F200000171743343CA43C343CA43C312681A60CB
:10F2100011F01EFF2300903318605D609D60DD607B
:10F220001D61200070BDC04694B1020078B102009B
:10F23000BC307047A430704710B5024800F07FFA28
:10F2400010BDC046F03D002030B5094B87B000939B
:10F250000A1D01AB31CA31C3126806481A606A46FA
:10F260000B7D69461375802200F06DFA07B030BD42
:10F270004CD10200F03D002010B58022014800F082
:10F2800089FA10BDF03D002010B58022014800F041
:10F2900065FA10BDF03D0020F0B53A4D89B006008A
:10F2A000280000F042FA384C0300384A20000221BE
:10F2B00000F0CCF9280000F038FAFF280CD1344ACD
:10F2C0000021200000F0C2F92000324A002100F0A5
:10F2D000BDF9062009B0F0BD00F0EEF92E4A03009A
:10F2E0000221200000F0B2F900F0E6F9010002A8C6
:10F2F00011F088FC294F05A8390011F083FC05A9FD
:10F3000002A811F07BFD019005A811F02CFC02A8C9
:10F3100011F029FC019B002B0DDA3B00204A002153
:10F32000200000F093F920001E4A002100F08EF921
:10F330001D4811F0C3FE2800370000F0F6F9103721
:10F34000032805D0320039003132280000F02FFAAE
:10F35000280000F0EAF93B0003280CD0134A0021F2
:10F36000200000F073F92000736F114A022100F0B1
:10F370006DF90020AEE720000E4A022100F066F988
:10F380000120A7E7F03D0020E43D0020F4B1020099
:10F3900006B2020052B2020068B2020082B202005B
:10F3A00088B20200A1B2020088130000DBB20200A2
:10F3B000F5B2020014B3020010B5024800F08EF955
:10F3C000042010BDF03D002010B50400044800F0FA
:10F3D00089F900202379834200D1053010BDC04651
:10F3E000F03D0020F8B50600174800F09EF9002413
:10F3F000032820D173790234002B1CD0336880227B
:10F400001D6A124901233000A847114D070003006F
:10F41000104A2100280000F019F9002F0DDA0E4AD9
:10F420000021280000F012F92100B36F0B4A2800D8
:10F4300000F00CF9013C2000F8BD094A2100280029
:10F4400000F004F9F7E7C046F03D00202CB00200C0
:10F45000E43D002057B3020067B30200F5B202009A
:10F460007DB3020070B5124C0600200000F05DF97B
:10F470000225032819D0200000F057F90D4C030095
:10F480000D4A0421200000F0E1F833000B4A10334C
:10F490000021200000F0DAF833796D19002B04D038
:10F4A000074A0221200000F0D1F8280070BDC046B4
:10F4B000F03D0020E43D0020F4B1020026B302003C
:10F4C0003FB30200012210B504001100FFF78EFEC9
:10F4D0002000064BA4300833236000F01FFD2000FD
:10F4E000BC3000F06FFB200010BDC04694B302009A
:10F4F0000023012203708370C37002334360024B08
:10F50000427083607047C0468C500020B3B500AF96
:10F5100013000D007A600A0000210400080018F0B2
:10F5200001F86B46411C0830C008C0001B1A9D46FC
:10F530002A007B68684617F0F5FF63786946A06883
:10F54000002B03D011F064FABD46B3BD11F044FAAC
:10F55000FAE70000F0B5C3788DB00600002B31D07B
:10F5600011F076FDFA218900070012F0DFFCE1219D
:10F5700085B22800090112F05FFD8CB2E12128005C
:10F58000090112F0D3FCFA2185B28900380012F08B
:10F5900053FD200002913C2112F04EFD89B20191F1
:10F5A00020003C2112F0C2FC80B200902B000A4ADD
:10F5B000202104A817F0CCFA04A9B06811F00CFAC5
:10F5C0000DB0F0BD11F044FD044A0300202104A851
:10F5D00017F0BEFAF0E7C046F4B302000DB4020023
:10F5E00010B5042905D8034B8900C958806811F06B
:10F5F000F3F910BD18B402000023042905D84268AD
:10F60000C80FD3178A424341DBB2180070470CB4CD
:10F6100037B504000D00FFF7EFFF002812D0A378E4
:10F62000002B03D029002000FFF7DAFF2378002BFE
:10F6300002D02000FFF78EFF07AA06992000019252
:10F64000FFF764FF37BC08BC02B018470CB430B5F4
:10F6500085B004000D00FFF7CFFF002819D0A37874
:10F66000002B03D029002000FFF7BAFF2378002BDE
:10F6700002D02000FFF76EFF089901A811F056FB99
:10F6800009AA200001990092FFF740FF01A811F09C
:10F690006AFA05B030BC08BC02B01847014B58608C
:10F6A0007047C046E43D002010B50248FFF720FF38
:10F6B00010BDC046E43D002010B501F095FA10BD24
:10F6C000030070B5044A04C30A1D70CA70C31268EF
:10F6D0001A600B7D037570BD4CD1020010B501F0AE
:10F6E000F7F810BD10B501F0AEF810BD70B501F01F
:10F6F0004DF9431C0ED0FA250A24ED00280011F024
:10F70000DDFC01F075F9002803D1013CE4B2002CC6
:10F71000F4D140B270BD10B5080001F093F910BDEE
:10F7200010B5080001F098F910BD10B501F004F90A
:10F7300010BD10B50800110001F04AFA10BD10B557
:10F7400001F07CFA10BD002010B50B00097D81424C
:10F7500000D11869110001F099FA10BD70B50E00C2
:10F760008CB004006846150011F002F869463000BC
:10F7700001F02EFA00280AD0694606A8FFF7A0FF7C
:10F780002A0006A92000FFF7DEFF0CB070BD0320A1
:10F790004042FAE710B50968FFF7E0FF10BD41608D
:10F7A0007047436810B5002B00D0984710BDF8B5DE
:10F7B000050008000E00170017F0C2FA0400380018
:10F7C00017F0BEFAE1B2C3B23A00300001F03CF8E3
:10F7D0000424431C14D011F03BFC0024060011F05B
:10F7E00037FC2B68801B98420AD22800FFF7D9FF0C
:10F7F000642011F063FC01F09FF804000228EED9A8
:10F800002000F8BD0022024B024906C37047C046E3
:10F81000F03D002050C3000013B56B460268D9715B
:10F820000733546819000122A04716BD01757047BF
:10F830007047007CFF38431E9841C0B270470000FB
:10F84000F0B50E008FB0040002A8019210F090FFF6
:10F8500002AA31000B48FFF76CFF002810D0236884
:10F8600003AADE69084B08A9089309ABA1CAA1C382
:10F87000126820001A6002AB1B7D019A0B75B0471D
:10F880000FB0F0BDF03D00204CD1020013B5069C36
:10F89000080011001A0004AB1B880194059C009419
:10F8A00000F014FF16BD10B500F05CFF10BDF8B5F8
:10F8B0000500007C0E001400FF2804D10123002461
:10F8C0006B602000F8BD002AF8D092B200F046FE2E
:10F8D000002815D12B7D002B03D1287C00F0D4FC0F
:10F8E000ECE72B682200DF6C310001232800B847C9
:10F8F000041EF2D0287C00F073FE0028DED0E0E782
:10F900000400F7E710B5017C0020FF2902D002486F
:10F9100000F034FB10BDC046F83D0020036837B549
:10F920001B6904009847002809D06B46DD1D217C27
:10F9300001232A00034800F05DFB28783EBD01202A
:10F940004042FBE7F83D002010B50C001300017C9D
:10F950002200024800F04EFB10BDC046F83D0020DA
:10F9600010B5017C014800F035FB10BDF83D0020CA
:10F9700007B500236A4601931380007C01A900F0BB
:10F9800019FF6B466A461B7850781B02C01880B27C
:10F990000EBD13B500236A46040001931380087C52
:10F9A00001A900F007FF01A9200010F017FF2000B7
:10F9B00016BD00007FB5037C04000D001600FF2B70
:10F9C00002D003689B6A984700F056FE2074FF2817
:10F9D00016D000222B7D934200D12A69638A002130
:10F9E00002930223009001930800330000F0F2FB21
:10F9F00023682000DB6A9847431E984104B070BD1D
:10FA00000249034811F004F80020F7E777B4020038
:10FA10008C500020F8B505000E001700002B0AD00E
:10FA20000524BAB2287C310000F098FD002803D1EB
:10FA3000013C002CF5D10020F8BD0000F0B5037C9E
:10FA400085B004000E001700FF2B02D003689B6AEC
:10FA5000984700F011FE05002074FF2815D03000F3
:10FA600017F06EF9638AC1B2029304230022019356
:10FA700030003B00009500F0ADFB23682000DB6AFE
:10FA80009847431E984105B0F0BD0349034810F064
:10FA9000BFFF0020F7E7C04677B402008C5000207B
:10FAA000F0B5037C85B004000E001700FF2B02D0D8
:10FAB00003689B6A984700F0DFFD05002074FF286B
:10FAC00015D0300017F03CF9638AC1B202930223CB
:10FAD0000022019330003B00009500F07BFB23687F
:10FAE0002000DB6A9847431E984105B0F0BD0349EA
:10FAF000034810F08DFF0020F7E7C04677B40200FE
:10FB00008C5000207FB5037C04000D001600FF2BF5
:10FB100002D003689B6A984700F0AEFD2074FF286E
:10FB200016D000222B7D934200D12A69638A0021DE
:10FB300002930423009001930800330000F04AFB75
:10FB400023682000DB6A9847431E984104B070BDCB
:10FB50000249034810F05CFF0020F7E777B4020089
:10FB60008C5000207FB5037C04000D001600FF2B95
:10FB700002D003689B6A984700F07EFD2074FF283E
:10FB800016D00023297D1A00994200D12A69618A82
:10FB900001930291002100903300080000F01AFB4D
:10FBA00023682000DB6A9847431E984104B070BD6B
:10FBB0000249034810F02CFF0020F7E777B4020059
:10FBC0008C500020FA239B008360054B00220833F1
:10FBD0000360FF230374FE3B42604282037570475B
:10FBE0008CB4020010B5037C0020FF2B02D018005B
:10FBF00000F07EFB10BD000070B50400007CFF2803
:10FC000014D000F041FB32252000FFF7EBFF002865
:10FC100006D0013D002D03D0642011F04FFAF3E728
:10FC2000217C034800F090F9FF23237470BDC04687
:10FC3000F83D002070B5037C04000025FF2B05D0A3
:10FC400003681B699847A84202D00125280070BDAF
:10FC50002000FFF7C7FF0A28F7D8054BC340DB0792
:10FC6000F3D5217C034800F06FF9FF232374EDE7FF
:10FC7000EF040000F83D002010B5FFF7DFFE10BDD7
:10FC800030B585B00A9D08AC24880295099D009482
:10FC90000195FFF7FBFD05B030BD10B5FFF703FE82
:10FCA00010BD0000F0B5084B87B000930C1D01ABF0
:10FCB000E0CCE0C324681C600B7D69460B75FFF740
:10FCC00021FF07B0F0BDC0464CD1020010B50400C2
:10FCD000FFF778FF024B20000833236010BDC046B9
:10FCE000F0B4020010B503689B6B984710BD4069E3
:10FCF000704713B56B460268D97107335468190011
:10FD00000122A04716BD7047F8B5037C04000F0020
:10FD1000FF2B02D003685B6A984700F0ADFC00251A
:10FD20000600FF2808D001000122380000F090F9F9
:10FD300065612674678201352800F8BDF8B5037C3B
:10FD400004000F001600FF2B02D003685B6A98477F
:10FD500000F092FC05000020FF2D0DD03B7D83427A
:10FD600000D1386903232A00310000F0AFF90023E5
:10FD70000120257466826361F8BD000010B504009F
:10FD8000007CFF2807D000F07FFA217C024800F0B9
:10FD9000DBF8FF23237410BDF83D0020F0B50E0002
:10FDA0008FB0040002A8019210F0E2FC02AA310018
:10FDB0000B48FFF7BEFC002810D0236803AA9E6AF8
:10FDC000084B08A9089309ABA1CAA1C31268200077
:10FDD0001A6002AB1B7D019A0B75B0470FB0F0BDE6
:10FDE000F03D00204CD1020070B5037C04000D00F2
:10FDF0001600FF2B02D100F03FFC2074227C002073
:10FE0000FF2A08D02B7D834200D1286901233100CD
:10FE100000F09EF9012070BD10B5007C00F060FB81
:10FE200010BD10B51400007C92B200F00FFB200052
:10FE300010BD0000436937B50400002B0CDD6B4694
:10FE4000DD1D017C01232A00054800F0D3F8636919
:10FE50002878013B63613EBD01204042FBE7C0467C
:10FE6000F83D002013B504006369217C5A1E6261CD
:10FE7000002B06D06A4601230732044800F0BAF886
:10FE8000F2E7080000F06AFA606116BDF83D002054
:10FE9000436910B5002B04DD017C034800F09AF89B
:10FEA00010BD01204042FBE7F83D002007B50023CC
:10FEB0006A4601931380007C01A900F07BFC6B462D
:10FEC0006A461B7850781B02C01880B20EBD13B56D
:10FED00000236A46040001931380087C01A900F006
:10FEE00069FC01A9200010F079FC200016BD00007B
:10FEF00070B504000020130062690D00824209DD24
:10FF0000217C2A00044800F075F8002802DD6369AE
:10FF10001B1A636170BDC046F83D0020FA239B00A8
:10FF20008360044B002208330360FF2342600374A4
:10FF3000426170475CB5020010B5040078220021D0
:10FF400015F069FC200010BD10B50C244C430419B9
:10FF50002068002805D015F017FC0023636023609B
:10FF6000A36010BD70B505000024210028000134F5
:10FF7000FFF7EAFF0A2CF8D1280070BDF7B50C2472
:10FF80004C430419A36805000E00002B1AD1276802
:10FF9000002F05D10E4815F0EDFBA76060602060D2
:10FFA0006B469F1D0A4BF0B23A0021683B8000F07F
:10FFB00011FA002806D023683A8863600C23734343
:10FFC000EB189A600C235E43AD19A868FEBDC046CD
:10FFD000DC05000070B504000D00FFF7CFFF00281E
:10FFE00005D00C21694364186368187870BD01203E
:10FFF0004042FBE7F8B506000C0017001D00FFF7B4
:020000040001F9
:10000000BDFF002811D0854200DD05000C235C43B4
:1000100034192A006168380015F0E1FB2800636894
:100020005B196360A3685B1BA360F8BD10B5054C4A
:100030002000FFF781FF044A0449200011F034FC3E
:1000400010BDC046F83D00200000002065FF000004
:100050007FB56B46DD1D9C1D1B4B06001878297073
:100060002270002801D10DF06DFE00200DF052FE2F
:100070000DF0C6FE032128200EF0DEF8300000212E
:100080000EF0C8F82800002201210DF042FF0122E5
:10009000200011000DF03DFF0DF006FF0DF0D8FE21
:1000A00000200DF037FE0DF0ABFE0E220F230021D5
:1000B0006A446B4411701970282001310DF051FF12
:1000C0000DF0C6FE7FBDC046464900207FB50E003C
:1000D00069468C1C23701D4B01901878CD1C2A702A
:1000E000002801D10DF02EFE00200DF013FE0DF0C2
:1000F00087FE042128200EF09FF8002201A8042189
:100100000DF007FF300000210EF084F828000022D7
:1001100001210DF0FEFE0122200011000DF0F9FE7C
:100120000DF096FE00200DF0F5FD0DF069FE0E229B
:100130000F2300216A446B4411701970282001318B
:100140000DF00FFF0DF084FE7FBDC0464649002034
:100150007FB50E0069468C1C23701D4B01901878EA
:10016000CD1C2A70002801D10DF0ECFD00200DF00F
:10017000D1FD0DF045FE04212D200EF05DF800228A
:1001800001A804210DF0C5FE300000210EF042F858
:100190002800002201210DF0BCFE012220001100E8
:1001A0000DF0B7FE0DF054FE00200DF0B3FD0DF084
:1001B00027FE0E220F2300216A446B441170197030
:1001C0002D2001310DF0CDFE0DF042FE7FBDC04669
:1001D00046490020F0B585B01E000CAB1C88294BA9
:1001E000070018780D000192002801D10DF0AAFD3A
:1001F00000200DF08FFD0DF003FE06212D200EF0E6
:100200001BF83800002229000DF083FE0022042193
:1002100001A80DF07EFE300000210DF0FBFF0BAEBB
:10022000002201210AA80DF074FE002201213000F5
:100230000DF06FFE012120000DF0ECFF03272C00D4
:1002400014343C400135002C02D00DF02DFEF6E7B1
:100250000DF0FEFD3078043843425841C0B20DF035
:1002600059FD0DF0CDFD0E220F236A446B44012190
:100270002D2014701C700DF074FE0DF0E9FD05B01A
:10028000F0BDC046464900201FB56B46DC1D174B2C
:1002900020701878002801D10DF054FD00200DF0D9
:1002A00039FD0DF0ADFD01212E200DF0C5FF01221D
:1002B000200011000DF02DFE0DF0F6FD0DF0F4FD07
:1002C0000DF0C6FD00200DF025FD0DF099FD0E226C
:1002D0000F2300216A446B44117019702E200131E4
:1002E0000DF03FFE0DF0B4FD1FBDC0464649002095
:1002F0001FB56B46DC1D184B20701878002801D103
:100300000DF020FD00200DF005FD0DF079FD01211F
:100310002F200DF091FF0122200011000DF0F9FDBA
:100320000DF0C2FD0DF0C0FD0DF092FD00200DF0AE
:10033000F1FC0E240DF064FD0F2300226C446B448D
:100340001A702270012122002F200DF00AFE0DF0FC
:100350007FFD207804B010BD464900201FB56B46D4
:10036000DC1D20700DF0E6FC002398422DD0184BC8
:100370001878002801D10DF0E5FC00200DF0CAFC32
:100380000DF03EFD01212B200DF056FF0122200033
:1003900011000DF0BEFD0DF087FD0DF085FD0DF097
:1003A00057FD00200DF0B6FC0E240DF029FD0D23A5
:1003B00000226B446C441A702280012122002B2001
:1003C0000DF0CFFD0DF044FD2388180004B010BDE2
:1003D0004649002073B56B46DD1D0E0014002870E1
:1003E0000DF0A8FC002801D1208076BD164B1878AE
:1003F000002801D10DF0A6FC00200DF08BFC0DF0C3
:10040000FFFC022145200DF017FF002201212800EA
:100410000DF0EBFE0122022120000DF0E6FE0DF0B2
:1004200043FD0DF015FD00200DF074FC0DF0E8FC0F
:100430002200310045200DF0A6FE0DF009FD2088B8
:10044000431E9841C0B2D0E7464900207FB56B46B5
:10045000DC1D224B207018780E001500002801D1F9
:100460000DF070FC00200DF055FC0DF0C9FC0221D0
:1004700046200DF0E1FE0022012120000DF0B5FE26
:100480003000012229000DF0B0FE03262C000934B3
:1004900034400135002C02D00DF006FDF6E70E25A4
:1004A0000F260DF0D5FC6E4420006D440DF032FC9B
:1004B0000DF0A6FC3200290046202C7034700DF09F
:1004C00084FD0DF0C5FC33782000002B04D0287883
:1004D000013844426041C0B204B070BD46490020BA
:1004E0007FB56B46DC1D1C4B20701878002801D1AD
:1004F0000DF028FC00200DF00DFC0DF081FC012119
:1005000039200DF099FE01220E250F26200000242F
:1005100011000DF0FEFC6E440DF0C6FC6D440DF0B4
:10052000C3FC0DF095FC00200DF0F4FB0DF068FC11
:100530003200290039202C7034700DF046FD0DF08A
:1005400087FC33782000A34204D028780138444245
:100550006041C0B204B070BD464900207FB56B4613
:10056000DC1D1E4B207018780E001500002801D1EC
:100570000DF0E8FB00200DF0CDFB0DF041FC022159
:1005800044200DF059FE0022012120000DF02DFE27
:100590003000012229000DF028FE03262C0009342A
:1005A00034400135002C02D00DF07EFCF6E70DF052
:1005B0004FFC0E2520000DF0ADFB0DF021FC0D22AF
:1005C0006D446A442900442014702C800DF0FDFC19
:1005D0000DF03EFC288804B070BDC046464900209E
:1005E000F0B50E2585B00F2700246B4601266D441B
:1005F0006F44D8712C703C701E4B1878002801D1C4
:100600000DF0A0FB00200DF085FB0DF0F9FB310093
:100610002A200DF011FE6B4632003100D81D0DF07E
:1006200078FC0DF041FC0DF03FFC0DF011FC0020BA
:100630000DF070FB0DF0E4FB3B002A0031002A2096
:100640000DF08FFC0DF004FC2B78002B0FD1013442
:100650006420A4B210F032FD2B78002B01D1182CAD
:10066000CAD9193C601E8441E0B205B0F0BD002437
:10067000F2E7C04646490020134B13B5187800280E
:1006800001D10DF05FFB00200DF044FB0DF0B8FB35
:1006900000213F200DF0D0FD0DF0DAFB00200DF021
:1006A00039FB0DF0ADFB6B469C1DFF2323706B46A1
:1006B000002207331A70012122003F200DF051FC67
:1006C0000DF0C6FB207816BD46490020F7B51D0089
:1006D000234B070018780C001600002801D10DF0FC
:1006E00031FB00200DF016FB0DF08AFB0421682081
:1006F0000DF0A2FD0022A1B238000DF076FD300011
:10070000032600210DF086FD002128000DF082FD5A
:10071000099B012299B208980DF067FD099B0A34E4
:10072000E4182500354003D00DF0BEFB0134F8E796
:100730000DF08EFB28000DF0EDFA0DF061FB6B461D
:1007400001219C1D9D7122000733682019700DF056
:1007500008FC0DF07DFB207843425841C0B2FEBD3D
:1007600046490020124B07B51878002801D10DF03A
:10077000E9FA00200DF0CEFA0DF042FB00216920CD
:100780000DF05AFD0DF064FB00200DF0C3FA0DF0E2
:1007900037FB6B46002203331A700192012101AA34
:1007A00069200DF0DEFB0DF053FB01980EBDC04635
:1007B0004649002070B586B06B46DE1D0C00150062
:1007C00030700622002103A815F025F80D23220A17
:1007D0006B441C705A70220C240E9A70DC70122329
:1007E0006B441D802D0C5D80134B1878002801D1BF
:1007F0000DF0A8FA00200DF08DFA0DF001FB01219B
:100800003A200DF019FD0122300011000DF081FB9E
:100810000DF04AFB0DF048FB0DF01AFB00200DF027
:1008200079FA0DF0EDFA03AA02213A200DF0FCFB53
:100830000DF00EFB06B070BD4649002010B500203B
:100840000DF080FA10BD7047F7B51D001F4B070073
:1008500018780C001600002801D10DF073FA002062
:100860000DF058FA0DF0CCFA022111200DF0E4FC45
:100870002100002238000DF04CFB3000012229003D
:100880000DF047FB0326063464192500354003D0DC
:100890000DF00AFB0134F8E70DF0DAFA28000DF04C
:1008A00039FA0DF0ADFA6B469C1D22000733012189
:1008B000112025701D700DF054FB002801D1FF237D
:1008C00023700DF0C5FA00202056FEBD46490020D9
:1008D000184B13B51878002801D10DF033FA002019
:1008E0000DF018FA0DF08CFA302001210DF0A4FC67
:1008F0006B460122581DFF23110003700DF009FB08
:100900000DF0D2FA0DF0D0FA0DF0A2FA00200DF0A1
:1009100001FA0DF075FA6B4600219A1D073311702C
:100920001970302001310DF01CFB04000DF090FA1D
:1009300060B216BD46490020134B13B51878002845
:1009400001D10DF0FFF900200DF0E4F90DF058FA97
:10095000002120200DF070FC0DF07AFA00200DF03F
:10096000D9F90DF04DFA6B469C1DFF2323706B46A1
:10097000002207331A700121220020200DF0F1FA25
:100980000DF066FA207816BD46490020174B13B5C6
:100990001878002801D10DF0D5F900200DF0BAF932
:1009A0000DF02EFA002136200DF046FC0DF050FA25
:1009B00000200DF0AFF90DF023FA6B4600229C1DCC
:1009C000073322701A700121220036200DF0C9FA77
:1009D000002801D1FF2323700DF03AFA237801207B
:1009E000FF2B00D016BD4042FCE7C0464649002020
:1009F000124B13B51878002801D10DF0A3F900208F
:100A00000DF088F90DF0FCF9002127200DF014FC01
:100A10000DF01EFA00200DF07DF90DF0F1F96B4696
:100A2000DC1D0023064A237021000A3327200DF025
:100A300045FB0DF00DFA207816BDC0464649002052
:100A40003825002003000020092B02D801485B0153
:100A500018187047382500201FB56B460022DC1D92
:100A60002070130009282BD8174B03921878904256
:100A700001D10DF067F900200DF04CF90DF0C0F92F
:100A8000012132200DF0D8FB0122200011000DF0D1
:100A900040FA0DF009FA0DF007FA0DF0D9F900202F
:100AA0000DF038F90DF0ACF90B2300226B441A70ED
:100AB000012103AA32200DF054FA0DF0C9F9039B6D
:100AC000180004B010BDC04646490020204B73B545
:100AD00004001878002801D10DF034F900200DF041
:100AE00019F90DF08DF9012134200DF0A5FB20003E
:100AF00016F026F90122C1B220000DF00AFA2000FA
:100B000016F01EF90326441D2500354003D00DF0D4
:100B1000CBF90134F8E70DF09BF928000DF0FAF855
:100B20000DF06EF96B469E1D9D7132000733012159
:100B300034201D700DF015FAC4B20DF089F9002CA7
:100B400004D03478013C60424441E4B2200076BDD8
:100B500046490020FF2130B58BB00B000500009105
:100B60000A0004A80FF00CFE184B1878002801D1D9
:100B70000DF0E8F800200DF0CDF80DF041F900215E
:100B800035200DF059FB0DF063F900200DF0C2F88F
:100B90000DF036F90B2300226B441A70012103AAD1
:100BA00035200DF0DEF9041E0AD003A928000FF04D
:100BB0002BFE04A928000FF038FE01244440E4B2C3
:100BC0000DF046F920000BB030BDC046464900206C
:100BD00010B50C00FFF77AFF03000020834202D01B
:100BE0002000FFF7B7FF10BD124B13B5187800288F
:100BF00001D10DF0A7F800200DF08CF80DF000F9F0
:100C0000002137200DF018FB0DF022F900200DF027
:100C100081F80DF0F5F86B460022074C07331A7087
:100C20000121220037200DF09CF90DF011F9200070
:100C300016BDC04646490020703E0020124B07B545
:100C40001878002801D10DF07DF800200DF062F831
:100C50000DF0D6F800213B200DF0EEFA0DF0F8F87B
:100C600000200DF057F80DF0CBF86B46002203334F
:100C70001A700192012101AA3B200DF072F90DF0CA
:100C8000E7F801980EBDC046464900201FB56B46E7
:100C9000DC1C1D4B019018782170002801D10DF04B
:100CA00051F800200DF036F80DF0AAF802213E2090
:100CB0000DF0C2FA0022042101A80DF02AF9012248
:100CC000200011000DF025F90DF0EEF80DF0C0F840
:100CD00000200DF01FF80E240DF092F80D230022D5
:100CE0006B446C441A70012122003E200DF039F94A
:100CF000002802D104235B4223800DF0A9F80023D1
:100D0000E05E04B010BDC046464900201C4B73B5E0
:100D1000040018780D00002801D10DF013F8002010
:100D20000CF0F8FF0DF06CF8012167200DF084FA4B
:100D30000122290020000DF0ECF803266C1D344040
:100D40000135002C02D00DF0AFF8F7E70DF080F878
:100D500020000CF0DFFF0DF053F86B469D1D2A00BC
:100D60000733012167202C701C700DF0FAF8002861
:100D700001D1FF232B700DF06BF80020285676BDB3
:100D800046490020F0B585B001932A4B060018783B
:100D900000911400002801D10CF0D4FF3500603D13
:100DA0006F426F41002003370CF0B4FF0DF028F8BC
:100DB000390030000DF040FA0022042101A80DF0A6
:100DC000A8F8002204210BA80DF0A3F86A1E954193
:100DD0002100EAB200980DF09CF8602E04D10122A7
:100DE0000B990A980DF080F80E34E41903272500BA
:100DF0003D4003D00DF058F80134F8E70DF028F825
:100E000028000CF087FF0F240CF0FAFF0E236C442F
:100E10006B441D702570602E00D10A9323000A9A3E
:100E2000012130000DF09DF80DF012F80020205641
:100E300005B0F0BD46490020F0B585B06B46DF1D1A
:100E40002C4B0600187814003970002801D10CF0E2
:100E500079FF00200E250CF05DFF0CF0D1FF002380
:100E600021006D442B704B1E9941552002310DF02D
:100E7000E3F9300015F064FF0022C1B230000DF03C
:100E800048F8300015F05CFF624262410600D2B2C1
:100E9000380001210DF03DF8F71D002C0CD020008A
:100EA00015F04EFF0122C1B220000DF032F82000F3
:100EB00015F046FF0836371803263C00344003D0AF
:100EC0000CF0F2FF0137F8E70CF0C2FF20000CF045
:100ED00021FF01240CF094FF0F232A006B44210012
:100EE00055201C700DF03DF80CF0B2FF28786040E2
:100EF00005B0F0BD46490020124B07B51878002810
:100F000001D10CF01FFF00200CF004FF0CF078FF63
:100F1000002156200DF090F90CF09AFF00200CF003
:100F2000F9FE0CF06DFF6A466B4600200121073286
:100F300006331070563019700DF013F80CF088FF5E
:100F400007BDC04646490020174B37B51878002822
:100F500001D10CF0F7FE00200CF0DCFE0CF050FF8D
:100F6000002157200DF068F90CF09EFF0CF09CFF5B
:100F70000CF09AFF0CF06CFF00200CF0CBFE0CF094
:100F80003FFF6A460124D51D6B46002206332A70B6
:100F900021002A0057201C700CF0E3FF0CF058FFD2
:100FA000287860403EBDC046464900201E4BF7B53C
:100FB00004001878002801D10CF0C4FE00200CF0C9
:100FC000A9FE0CF01DFF6B469D1D0023012158203A
:100FD0002B700DF031F9200015F0B2FE0122C1B2E4
:100FE00020000CF096FF200015F0AAFE0327441DF8
:100FF00026003E4003D00CF057FF0134F8E70CF018
:1010000027FF30000CF086FE01240CF0F9FE6B4641
:101010002A000733210058201C700CF0A2FF0CF0AE
:1010200017FF28786040FEBD464900201F4B73B56E
:1010300004001878002801D10CF084FE00200CF088
:1010400069FE0CF0DDFE00230121592001930DF013
:10105000F3F8200015F074FE0122C1B220000CF05C
:1010600058FF200015F06CFE0326451D2C0034406F
:1010700003D00CF019FF0135F8E70CF0E9FE200071
:101080000CF048FE0CF0BCFE6B46DD1C042301AAEC
:101090002B7001212B0059200CF063FF0CF0D8FEBF
:1010A0002B782000012B00D0019876BD4649002006
:1010B000F0B585B01C006B46DE1D264B0500187888
:1010C00017003170002801D10CF03CFE00200CF01C
:1010D00021FE0CF095FE03215B200DF0ADF82800F9
:1010E00015F02EFE0022C1B228000CF012FF2800DD
:1010F00015F026FE00220500012130000CF009FF4A
:10110000A1B2012238000DF070F8032664190834EA
:101110002500354003D00CF0C7FE0134F8E70B245E
:101120000CF096FE28000CF0F5FD0CF069FE012194
:101130006C44230003AA5B20217003950CF011FF7F
:101140000CF086FE23782800012B00D0039805B010
:10115000F0BDC04646490020F0B585B000936B460F
:10116000DE1D334B0400187815003170002801D1C2
:101170000CF0E8FD00200CF0CDFD0CF041FE02214A
:101180005C200DF059F8200015F0DAFD0022C1B204
:1011900020000CF0BEFE200015F0D2FD012204005C
:1011A000110030000CF0B5FE07340327274003D0B0
:1011B0000CF07AFE0134F8E70CF04AFE38000CF02F
:1011C000A9FD0CF01DFE33782900083B5A4253411B
:1011D000009A5C20D31A03AA009303930CF0D3FF68
:1011E0000CF036FE0398002820D033781A00083A15
:1011F000012A18D943083A000093471E009B9A42DF
:1012000014D2B91AAC18691823780E78B34207D0F3
:10121000734023700E7873400B7021784B4023701D
:101220000132D2B2EAE7082B00D12F5405B0F0BD4D
:10123000464900201D4BF7B504001878002801D15D
:101240000CF080FD00200CF065FD0CF0D9FD6B4624
:101250009D1D0A2301215D202B700CF0EDFF200065
:1012600015F06EFD0122C1B220000CF052FE2000EC
:1012700015F066FD0327441D26003E4003D00CF008
:1012800013FE0134F8E70CF0E3FD30000CF042FDF2
:101290000CF0B6FD6B46012107332A005D20197062
:1012A0000CF05FFE0CF0D4FD2878FEBD464900200E
:1012B0000122014B1A607047783E00200222014B48
:1012C0001A607047783E00200422014B1A60704774
:1012D000783E00200522014B1A607047783E0020BE
:1012E000F8B5002607230400416014490360067224
:1012F00046720A00143003F080FA27002000104DD7
:101300003C372A002900283003F077FA2A00290008
:10131000380003F072FA0B4B2900380026651E6076
:1013200003F06EFA00F02CFD606502F087F8E060D3
:1013300001F062FF20612000F8BDC046983A00002D
:10134000C0D40100783E00201FB503680400072BBD
:1013500049D14268063B036000215371234868224B
:1013600014F059FA206901F05FFFFEF7A5F90100BA
:1013700001A80FF047FC1E4901A80FF05CFD0028F2
:1013800004DA1C4A00211C48FEF760F91B4A0121BF
:10139000606D00F0ABFC1A4A0421606D00F0A6FC01
:1013A000184A0021606D00F0A1FC1749606D00F043
:1013B000AAFC0721154A606D00F098FC606D00F0F2
:1013C00045FC011E04D1124B124A0B48FEF71FF9CF
:1013D00020001149283003F013FAE06802F040F8C9
:1013E00001A80FF0C0FB012004B010BD7C3E00201E
:1013F00082B202000AB80200E43D0020B1120100EE
:10140000C9120100BD120100491A0100D5120100E4
:1014100021B9020086B80200C0D4010001657047FE
:1014200010B5406D00F0C5FE10BD10B5406D00F068
:1014300060FE10BD10B5406D00F0F9FB10BD00005E
:1014400070B50400406803689B6A98470FF000FE7F
:101450000500606803689B689847052807D00FF06F
:10146000F7FD064B401B9842F3D9012070BD606820
:1014700003685B6A98470020F8E7C04687130000BE
:1014800073B5040068220021184814F0C4F9237AC7
:10149000002B04D02000FFF7D3FF00232372236822
:1014A000072B01D002232360206D012500281AD0CC
:1014B00003689B689847051E15D0206D0C4E036885
:1014C00001A99B6901969847002808D0206D01A9C1
:1014D00003685B6901969847451EA841C5B2206D17
:1014E0000368DB689847280076BDC0467C3E002034
:1014F0004FB70200F0B50F00F0373D6885B00E0021
:10150000019202930020132D15DC0400A54217DD83
:101510000C23634398590393002811D0019915F0C7
:10152000FDFB002809D1039B029AF618736801306D
:10153000934200DA726005B0F0BD0134E4B2E5E731
:101540000C236B43F618019B01353360180015F02E
:10155000F7FB029BB060736001203D60EBE7000089
:101560000B00F0B500261D4D85B0F03303901E60D2
:1015700028000F00FEF7D9F8FF2808D1184B194AA8
:1015800019480121FEF743F8300005B0F0BD2800EE
:10159000FEF7ACF8030001903400013302D1104B88
:1015A000124AEDE7019BA34215DD142C13D0E6B2DD
:1015B00031002800FEF7AFF8310002902800FEF756
:1015C000AFF8029A030039000398FFF793FF002851
:1015D00001D00134E6E70120D7E7C046F03D002006
:1015E000CFB80200FFB50200E43D002043B6020080
:1015F000143010B50400034903F002F9200003F091
:101600000BF910BD983A000010B50400062A23D843
:10161000100010F06DFC0D1C212117120400652232
:10162000104952421A6020000FF0ECFA200010BD61
:10163000012252421A600C49F5E7662252421A60B2
:101640000A49F0E7032252421A600949EBE70822EF
:1016500052421A600749E6E7FF2252421A600649E1
:10166000E1E7C046AAB70200B3B70200C5B702005F
:10167000D8B70200E5B70200FCB7020010B586B08B
:1016800004000B4903A80FF0BDFAFEF715F801009E
:1016900003A80FF02FFB05230193039B01A9606DA5
:1016A000029300F035FC03A80FF05DFA06B010BD00
:1016B00052D10200072307B50093034B6946406DE2
:1016C000019300F025FC07BDEAA9020013B5040050
:1016D000FFF7D6FE206D002817D003689B68984757
:1016E000002812D0206D0D4A036801A901929B6D5C
:1016F00001229847011E04D1094B0A4A0A48FDF706
:1017000086FF206D0368DB689847BFF34F8F074B58
:10171000074ADA60BFF34F8FC046FDE75FB70200AC
:1017200007B9020069B70200E43D002000ED00E0C7
:101730000400FA05002307B5406D01916946009346
:1017400000F0E6FB0EBD70B56421FEB00400FFF7AB
:10175000F1FF002303A920003F93FFF701FF051EBF
:1017600007D1652120004942FFF7E4FF28007EB041
:1017700070BD0126F42203A941A8409614F02FF869
:1017800040AB01A9606D0196029300F0C1FB2000FF
:101790003C3003F041F8E9E710B50400406D00F07B
:1017A000CCFC606D00F0B7FA637A834201D104206B
:1017B00010BD60720028FAD02000FFF7C4FF05209A
:1017C000F6E70000F0B50400406885B003680F003C
:1017D0009B689847060002280CD10100134A144860
:1017E000FDF715FF31002000FFF7A4FF00252800BA
:1017F00005B0F0BD2000143003F036F802250028B3
:10180000F5D03B003200210001A8FFF7FDFE2900C2
:10181000019B084A0648FDF7FAFE2000283002F036
:10182000FBFF01A80FF09FF9013DE0E7ACB5020016
:10183000E43D0020D6B5020073B52D4E0400356896
:101840000421002D4BD0006D00282CD003689B682C
:101850009847051E0FD10100264B274A2748FDF760
:10186000D6FEC82149422000FFF764FF0721206906
:1018700001F0F5FC29E0206D3200036801A9DD6963
:101880001F4B01936823A8470500206D0368DB68A0
:101890009847002D07D12900164B1A4A1748FDF723
:1018A000B6FEFF21DEE7237A002B10D02000FFF7E1
:1018B000C7FD01280BD1FF2120004942FFF73AFF65
:1018C0000721206901F0CBFC0025280076BD606867
:1018D000310003681B6B9847051E05D1052149425D
:1018E0002000FFF727FFF0E7012305212372BEE761
:1018F0007C3E0020F2B80200B3B60200E43D0020B6
:101900004FB70200EBB60200F8B506680400406D60
:1019100000F013FC1F4F3B68581E042807D810F036
:10192000E7FA0308061A1E002000FFF70CFF002547
:1019300003E02000FFF780FF050000233B60237ACF
:10194000002B10D1002D1AD001212000FFF7F2FE4C
:1019500003263000F8BD2000FFF790FEE7E72000E7
:10196000FFF7A8FEE3E7606D00F0D5F90028E9D1A4
:101970002000283002F078FF0028E3D0E4E72000C0
:101980003C3002F071FF0028E3D02000FFF7DBFEBF
:10199000DFE7C046783E002073B50400406D00F0DC
:1019A000CCFB01A92000FFF70DFF0600606D00F0E1
:1019B000B2F96072002E08D10425002803D002215C
:1019C000206901F04CFC280076BD0325012EFAD1D8
:1019D00001992000FFF7AEFE013DF4E710B50400C9
:1019E000406D00F098F96072002805D101212000B7
:1019F000FFF7A0FE032010BD2000FFF785FFFAE7E8
:101A000010B50B4C0B4A02212000FDF700FE0A4BDB
:101A10001B68012B0AD1094A02212000FDF7F7FDBE
:101A2000074B084A02212000FDF7F1FD10BDC0461A
:101A3000E43D002026B702007C3E002041B70200B2
:101A4000803E002046B7020010B50100682204481D
:101A500013F0C5FEFFF7D4FF0322024B1A6010BD3E
:101A60007C3E0020783E0020F7B5016D040000297F
:101A700007D1384B384A3948FDF7C9FD04252800FD
:101A8000FEBD0B6808009B689847011E0FD1314BC3
:101A9000334A3248FDF7BBFDC82120004942FFF719
:101AA00049FE0721206901F0DAFB0625E7E7206DF2
:101AB0002C4D036801A99B6901959847002813D014
:101AC000206D0022036801A994331B680195984793
:101AD000002803D00021606D00F0EEF8206D01A910
:101AE00003685B6901959847206D1F4E036801A943
:101AF0009B6901969847051E09D0206D1B4A036813
:101B000001A91F6A68230196B847FFF779FF206D86
:101B10000368DB689847002D10D06068134903689C
:101B20001B6B9847002809D00123606D237200F0D9
:101B3000F2F86072451EA841051DA0E720003C3068
:101B400002F09FFE0225002899D12000FFF7FBFD3F
:101B500095E7C046E0B8020081B60200E43D0020EF
:101B6000B3B602005FB702004FB702007C3E002010
:101B700070B504000568006901F0AAFB2668701EB4
:101B8000052808D810F0B4F903181C2024282000D8
:101B9000FFF76AFF05002368AB4205D0032D02D191
:101BA0002000FFF725FD2560E06801F07FFC00289C
:101BB00017D02000FFF78AFD2000FFF7A5FEE9E718
:101BC0002000FFF7E9FEE5E72000FFF7E5FDE1E78C
:101BD0002000FFF703FFDDE7606D00F0AEFA35008F
:101BE000D9E7206870BD00000121064A10B51368CE
:101BF0000B4006D1044811608360044A04490FF089
:101C000053FE10BD88290020C829002000000020B4
:101C1000EB61000070B504004068231D984204D0B9
:101C200005680FF00FFB2800F7E7200070BD70B5C6
:101C300004000C200D000FF0FDFA211D85600FF04F
:101C40003AFEE36801200133E36070BD37B502005E
:101C50000400403213780120013313702368042BF1
:101C60001DD16568231D9D421CD0A86803689B6A2E
:101C700098472018037C002B12D0A86803689B6843
:101C8000984704280CD1A86803689B6A9847074BBB
:101C90000090074A07480021FDF7B9FC00203EBD2F
:101CA0002D68DFE7002301202360F8E7A7BA0200D0
:101CB0003ABA0200E43D0020036870B505000E004A
:101CC000042B11D044682B1D9C420DD0A0680368E2
:101CD0009B6A9847864205D1A06803689B6898472D
:101CE000012070BD2468EEE70020FAE710B500235C
:101CF0004C1C06D0890041184869984201D14A61BC
:101D00000133180010BD0023826B9A4201D1816318
:101D1000013318007047042300689843431E98411C
:101D2000C0B2704770B504230500040008C50C223A
:101D30000021280013F06FFD23006560A5602000DE
:101D4000002540336563A563E56329001D70F82213
:101D50006564483013F05FFDA0235B00E554422327
:101D6000FF33E554012223002000FC3352429A64E1
:101D700001210332103013F04EFD200070BD000031
:101D800070B50126074D084C2B68334208D120005E
:101D9000FFF7C8FF054A064920002E600FF084FDBA
:101DA000200070BDE43E0020E83E0020000000203E
:101DB000151C0100F8B5040007684568261DB542EA
:101DC00009D0A86803681B699847012812D1AB683D
:101DD00007003500E363E36B002B18D06668E36B04
:101DE000B54209D0B068984202D00368DB689847D2
:101DF0003668F4E72D68E1E71A681800926A9047A0
:101E0000002806D101F0F8F9032101F028FA380082
:101E1000F8BDE06B03689B6A9847012803D101F085
:101E2000EBF90421F1E701F0E7F90221EDE70123E5
:101E300007B500930300C06B4833019303686946FC
:101E40001B6A9847431E984102300EBD002910DAE4
:101E50004223FF33C35C002B0AD002000121002380
:101E60004132FF32494253705160A02252008354E4
:101E7000704702290DD003230429F9D14222FF32F1
:101E8000825C002AF4D00200FC32926C9A42EFD1BC
:101E9000E3E70023F2E70200481E00B5072830D828
:101EA0004221FF3110F024F82E121230040E1012CD
:101EB0000423515C002924D01100FC31896C994223
:101EC0001FD113E00623F4E70723F2E71300FC33E6
:101ED0009B6C022B1AD1505C0028EAD0A02149004B
:101EE000535C0133DBB25354032B0AD111000120A0
:101EF00000234131FF3140424B704860A02149002E
:101F0000535400BD0123D4E70523D2E70223D0E7D1
:101F100070B50C0009680500002912D16168FFF74F
:101F200095FF6368002B01DB022B00D16B642B68EB
:101F30000120032B04D1E86B210003681B6A98473A
:101F400070BDFFF7A8FF2368012BF0D12800F8220D
:101F50006168483013F043FCE9E7002307B5C06B24
:101F60000093036801911B6A694698470EBD000003
:101F7000416C10B5002901D1022010BDFFF7EDFF23
:101F80000028F9D10348044B044A0121FDF73FFB27
:101F90000120F2E7E43D00208FBA020005BA0200FA
:101FA00013B504004220FF30235C002B10D0230027
:101FB000FC339B6C204A01930091204B0121204867
:101FC000FDF725FB062149422000FFF7C6FF13BDA0
:101FD000042925D006DC022926D023DC012907D0DC
:101FE0000721F0E7652919D010DC01236429F7D116
:101FF0001A1D9200A2185268002A17D10093114AA4
:102000000E4B01210E48FDF702FBE9E7C82903D07A
:102010000723C929ECD0E3E70623E9E70423E7E730
:102020000323E5E70523E3E70B00E1E70121215462
:10203000FC34A3649047CAE75AB9020078BA020098
:10204000E43D0020ACB9020010B50400C06B9CB0A8
:1020500003689B69984700280CD0E06B69460368C9
:10206000DB699847002807D1104B114A012111481C
:10207000FDF7CDFA1CB010BD009B012B0FD0022B39
:1020800006D0002BF6D102992000FFF789FFF1E777
:10209000636B002BEED0029803999847EAE7A36B95
:1020A000002BE7D002A89847E4E7C04665BA0200D3
:1020B00027B90200E43D002070B504004568231DE7
:1020C0009D4213D0A86803689B6A98472018037C38
:1020D000A868002B04D10368DB6898472D68EEE7F9
:1020E000E36B9842FAD003689B68F6E70023E3634A
:1020F00070BD10B50400C06B002807D003685B6991
:1021000098472000FFF7D8FF0023236010BDC36B62
:1021100070B50500181E0FD01A6812699047041E8A
:1021200006D0022802D12800FFF78EFF032003E02B
:102130002800FFF7C1FF200070BD10B50400006843
:10214000032807D80FF0D4FE02080C102000FFF778
:1021500031FE2060206810BD2000FFF709FFF8E77E
:102160002000FFF764FEF4E72000FFF7D0FFF0E760
:1021700070B505000E0044682B1D9C4217D0A06866
:1021800003689B6A9847B0420FD1A0680368DB6878
:102190009847A368EA6B0124934204D12800FFF713
:1021A0008BFF00232B60200070BD2468E4E700242F
:1021B000F9E7431810B51C7C944204D01A74002A25
:1021C00002D0FFF779FD10BDFFF7D2FFFBE713B593
:1021D0006B46DA1D036811701C6901690123A04771
:1021E00016BD10B51300026814690A000169A04702
:1021F00010BD70B51600026904009D1882680020A9
:1022000095420AD85818824205D3626850181A00BD
:10221000310013F0E4FA0120256170BD8069431E8E
:102220009841C0B27047C368F7B50500002B1DD0B8
:10223000031D44680193019BA34217D0E6692768F8
:10224000002E11D00EF004FF86420DD2EB68200064
:10225000013BEB600FF036FB2000A36808301B68E1
:10226000984720000EF0EEFF3C00E4E7F7BD0B6856
:1022700030B50620012B0FD10B00F4331D680C2460
:102280000023AB4208DA22005A438A18D26801338D
:1022900004328018DBB2F4E730BD036870B55B69C7
:1022A0000500984700281CD0EB680120002B15D0B2
:1022B0006C682B1D9C4217D0A269606982420ED0C7
:1022C0002B682669DB68E168B04200D20918121A4F
:1022D00028009847636918186061002070BD246861
:1022E000E8E701204042F9E70120F7E7F7B50026CB
:1022F000114B86600360CB688F68C3600B69040074
:1023000003614B694660436138000D000EF096FF93
:10231000636801966060B34202D018000EF096FF29
:1023200001A8F5F763FAA7606968AA68606813F006
:1023300056FA2000FEBDC0464498020010B50400C5
:10234000024B08C0F5F752FA200010BD4498020075
:1023500010B50400FFF7F2FF20000EF073FF20001D
:1023600010BD0000F0B51F000023194D89B0160004
:102370000191039304930593069307930400029538
:102380000EF066FE134B3200C01807903B00019917
:1023900002A800F039FC061E14D020200EF04AFFDF
:1023A000070002A90830FFF7A1FFBD60211D38001A
:1023B0000FF081FAE3680133E3602000FFF76DFF5F
:1023C0000028FAD002A8FFF7B9FF300009B0F0BD2D
:1023D000B8BA02003075000007B56B460321DA1D5C
:1023E00001231170FFF7BEFF0EBD000070B50D0098
:1023F0000A2386B0060002AA03A92800029300F06F
:10240000B9FB041E0ED0029B03AA02213000FFF785
:10241000A9FF041E06D10095044B054A0121054879
:10242000FDF7F5F8200006B070BDC04688BC02007C
:10243000CCBA0200E43D0020F0B5002683699DB0CF
:1024400005000C00B34222D003696A465969D86876
:1024500000F062FBAB692F69013B0600AB613800FD
:102460000FF030FA3800BB6808301B689847380016
:102470000EF0E8FE002E0DD103211548154B164A2B
:10248000FDF7C5F8052128004942FFF7AFFF3000EE
:102490001DB0F0BD8222009B9200934206D1022320
:1024A0002360029A039BA260E360F0E70B4A934229
:1024B00005D1002323606B461B79A360E7E7012366
:1024C00020002360682201A9083013F088F9DEE7B4
:1024D000E43D0020E5BC0200F3BB0200090200005D
:1024E000B3B500AF0D000400FFF7C1FE6B46786086
:1024F0000730C008C0001B1A9D4628003A1D6946D7
:1025000000F06EFB051E0DD07B686A46022120009C
:10251000FFF728FF051E05D1044B054A0121054898
:10252000FDF775F8BD462800B6BDC046D2BC020016
:10253000B5BB0200E43D0020282330B58DB0050076
:1025400001AA080002A9019300F0E6F9041E0DD0CB
:10255000019B02AA02212800FFF704FF041E05D1F7
:10256000044B054A01210548FDF751F820000DB044
:1025700030BDC046F4BC020054BC0200E43D002063
:102580000E2397B5FF33040000AF08009A4203D929
:102590000024BD4620009EBD8B23C6B05B003A1DC3
:1025A00069467B6000F0DEF90028F1D020007B68EE
:1025B0006A460221FFF7D6FE041EEAD1034B044A05
:1025C00001210448FDF723F8E3E7C046ECBC020014
:1025D00022BC0200E43D00201300B3B5093300AF74
:1025E0007B606B461032D208D2009B1A9D460400D5
:1025F0003A1D0800694600F013FA051E0DD07B68ED
:102600006A4602212000FFF7ADFE051E05D1044BEE
:10261000044A01210448FCF7FAFFBD462800B6BD74
:10262000C0BC020022BC0200E43D002010B5040042
:1026300086B00800062A03D00024200006B010BD92
:102640000E2301AA02A9019300F0C6F90028F3D0D5
:102650002000019B02AA0221FFF784FE041EECD198
:10266000034B044A01210448FCF7D1FFE5E7C046CB
:10267000AEBC020077BB0200E43D0020F0B587B09D
:1026800002AF786008000C00150014F059FBC31D60
:10269000FB606B460E30C008C0001B1A9D4602AEA0
:1026A000062D1ED0072D23D0052D28D10C23310057
:1026B000FA18200000F0D4F9041E0ED0FB68320096
:1026C00002217868FFF74EFE041E06D100950D4BDF
:1026D0000D4A01210D48FCF79AFF2000BD4605B0C8
:1026E000F0BD0C233100FA18200000F0D7F9E3E721
:1026F0000C233100FA18200000F0EEF9DCE700248A
:10270000EBE7C04693BC020006BB0200E43D00209C
:102710000B6870B504000020082B0BD818000FF0D0
:10272000E7FB050A0F141E242A2C2E0049682000FE
:10273000FFF75CFE70BD49682000FFF7D1FEF9E7A6
:1027400049682000FFF7F8FEF4E74D68280014F010
:10275000F7FA290002002000FFF712FFEAE706223D
:1027600049682000FFF762FFE4E70522496820007E
:10277000FFF784FFDEE70622F8E70722F6E74D6859
:10278000280014F0DDFA290002002000FFF724FFE2
:10279000D0E770B505000468A5420AD02000A36800
:1027A00026681B680830984720000EF04BFD340067
:1027B000F2E770BD0368F7B55B690400984700282D
:1027C00000D176E0E368002B05D02000FFF72BFD59
:1027D0002000FFF762FD236820001B689847002552
:1027E000A84224D0236820005B6898472E000190FF
:1027F000019B9E421BDA236820009B6827009847B4
:102800001C37020039002C4800F058FB042810D176
:102810002A4B2B4A03212B48FCF7F9FE2000FFF737
:10282000DBFD236820009B69984702256D42280044
:10283000FEBD032808D1A36E022B07D0032B22D0A4
:1028400039001D4800F042FA0136D1E720200EF091
:10285000F1FC2100050034310830FFF747FD21006D
:10286000194B2800AB6010310FF025F8A369251D26
:102870000133A3612800FFF78CFF00236560A5608A
:10288000E3600225DCE7236C012BD9D1A36B1B7815
:10289000032B07D100226368211D8B42D0D05A61DF
:1028A0001B68FAE7022BCBD1236820001B699847ED
:1028B000C6E70125BAE7C046BC2900209FBC02003C
:1028C00047BB0200E43D002060980200F8B501001B
:1028D00004001C31251D0F4800F0F8F92800FFF70F
:1028E00058FF260000236560A5602569E360103667
:1028F000AE420AD02800AB682F681B6808309847A2
:1029000028000EF09FFC3D00F2E70023266166617F
:10291000A361F8BDBC29002070B5104B15001268EA
:102920008AB006000C0000930020272A13D901006A
:10293000200012F070FF0A4B2022310002A8019300
:1029400012F04DFF01A92B0022006846F9F771F93A
:1029500041424841C0B20AB070BDC04690A70200D3
:1029600002020000F0B51A4BC9B0029313681600BA
:1029700000931623009AFF330500019100249A4228
:1029800022D90E2714F0DCF9FF37B8421CD82100F9
:10299000009A019812F03FFF0E4B21003A0004A864
:1029A000039312F038FF280014F0CAF9290002003E
:1029B00004A812F014FF3300019A03A902A8F9F742
:1029C00038F944424441E4B2200049B0F0BDC04669
:1029D00090A70200060200007FB515000E4B12689A
:1029E00006000C00009300200D2A13D901002000DE
:1029F00012F011FF094B0622310002A8019312F0D8
:102A0000EEFE01A92B0022006846F9F712F94142B7
:102A10004841C0B204B070BD90A70200030200009C
:102A20007FB50D4B1400019305000E0014F088F9DA
:102A300003002268093300209A420BD3074B32006F
:102A4000029302A9230001A80395F9F7F2F8434283
:102A50005841C0B204B070BD90A702000702000048
:102A60007FB50D4B1400019305000E0014F068F9BA
:102A70002268C31D00209A420CD3C0239B000293FE
:102A80003200230002A901A80395F9F7D2F84342C6
:102A90005841C0B204B070BD90A702007FB50D4B85
:102AA0001400019305000E0014F04AF92268C31DBA
:102AB00000209A420CD381239B0002933200230012
:102AC00002A901A80395F9F7B4F843425841C0B2EE
:102AD00004B070BD90A702007FB50D4B14000193A8
:102AE00005000E0014F02CF92268C31D00209A4244
:102AF0000BD3084B3200029302A9230001A80395CF
:102B0000F9F797F843425841C0B204B070BDC046CF
:102B100090A70200050200001FB5074B0191039327
:102B2000110001AB020003A8F9F776F843425841BF
:102B3000C0B205B000BDC04680A80200130030B589
:102B40000B4A85B001921A6805000C000020092A82
:102B50000BD98022920002A9029201A822008D8046
:102B6000F9F767F843425841C0B205B030BDC046DE
:102B700090A70200002310B5984202D0FFF7DEFFB5
:102B80000300180010BD0000F0B51300124AADB0EC
:102B90000192124A002402920200F03217682BAA16
:102BA00017700C229446A7420CDDE60002ADAE1968
:102BB000654665432A580435451901347260B5608D
:102BC000E4B2F0E70A0001A802A9F9F732F843429B
:102BD0005841C0B22DB0F0BD90A702000102000024
:102BE00000B50368BFB00430012B02D0002301A858
:102BF0003D93FFF7C9FF3FB000BD826843688A423A
:102C000000D95B1818007047F0B589B006921F0014
:102C100001229DB20791A91C8BB20593274B04009A
:102C20000093029201923900254A069801F0E1FBD7
:102C30000935A9B206002000F4F7E1FD214D236813
:102C400029789B6820009847236869789B68200052
:102C500098476B46197F236820009B689847059B1F
:102C60002000190A23689B6898476B46197D2368E2
:102C700020009B68984723683A00DB68069920008B
:102C80009847051E17D023683112C9B29B682000EF
:102C900098472368F1B29B68200098470A4E236842
:102CA00031789B6820009847236871789B682000E2
:102CB00098470023E360280009B0F0BDFFFF000043
:102CC000211000007A2600207826002070B500240C
:102CD000C8690D008C64CC60A04202D0CC610EF0BB
:102CE000B5FA2C626C62AC62EC62EC6370BD000001
:102CF000CB6870B500200C00012B13D90100200017
:102D0000FFF77BFF084D02782B7800209A4209D10B
:102D100001212000FFF771FF6B780078C01A434251
:102D20005841C0B270BDC0467A260020CB6B70B54A
:102D30000024032B14D930310D0002212800FFF7A5
:102D40005CFF084E027833789A4209D103212800AB
:102D5000FFF753FF73780478E41A63425C41E4B2EE
:102D6000200070BD78260020F0B5CB6B85B00E003A
:102D70000025032B20D90C00303429002000FFF758
:102D80003CFF012107002000FFF737FF3C78007867
:102D900024020443300029001830FFF72EFF0122DF
:102DA000074B029201920093064A716A01F021FBDF
:102DB000241A60424441E5B2280005B0F0BDC04687
:102DC000FFFF00002110000010B508000221FFF7EE
:102DD00014FF007810BDCB6870B500200C00042BE8
:102DE0000CD903212000FFF708FF04210500200073
:102DF000FFF703FF2B7800781B02184370BD70B5F6
:102E0000CB680C00096905008B4203D0110020003B
:102E1000F3F7C3F92269E16800238A4215D19A4287
:102E200013D021002800FFF763FF042300280CD0F3
:102E300021002800FFF7CFFF023885B220002900CB
:102E40001830F4F7DCFC0123A562180070BD10B542
:102E50004B6A0C00896A8B4204D0200011001830A4
:102E6000F3F79BF9A36A626A0120934202D1581ECC
:102E70008341581C10BD70B5CB6B0C00096C05006C
:102E80008B4204D0200011003030F3F786F9236C18
:102E9000E26B0220934210D1002B0ED021002800BB
:102EA000FFF762FF03000420002B06D0210028005A
:102EB000FFF73CFF43425841033070BD036870B5D3
:102EC000033B04000D001600012B01D80023036012
:102ED0000EF0BEF8AB6CC01A1C4B984203D9290007
:102EE0002000FFF7F3FE0EF0B3F82368A864012B6F
:102EF0001FD0022B23D0002B05D132002900200047
:102F0000FFF77DFF20602368032B09D129002000F3
:102F1000FFF75AFFE8640238012808D90423236028
:102F20002368042B03D129002000FFF7CFFE20687F
:102F300070BD320029002000FFF789FFE2E7320070
:102F400029002000FFF797FFDCE7C04610270000AC
:102F500010B58B7B08001400002B07D1CB7B01211F
:102F6000194005D001F0A0F8A060E160002010BD7C
:102F70008089F9E770B58B7B0C001500002B0AD116
:102F8000CB7BDB0709D5080001F08EF8E37B9B07BC
:102F900000D5C0432871002070BD8889F6E737B599
:102FA0000C00101D15000021682212F034FC2123B2
:102FB0000093A37B602B01D002203EBD290000239B
:102FC0006A460831200001F033F90028F4D12000CE
:102FD00001F07CF9031EEFD140220192A27B602A0E
:102FE000EAD1290001AA2931200001F021F90028A5
:102FF000E2D101236B60E0E730B50C0085B015002D
:1030000069460122200000F039FE002802D002208B
:1030100005B030BD0423EA5E6846D31700F094FD86
:103020000028F4D16946200000F03EFE0028EFD0D1
:10303000EDE730B50D0085B0140069460122280087
:1030400000F01CFE002802D0022005B030BD211D7A
:103050002022684600F0EAFD0028F5D169462800E4
:1030600000F022FE0028F0D0EEE730B50D0085B06C
:10307000140069460122280000F000FE002802D05A
:10308000022005B030BD0434200013F059FE2100A9
:103090000200684600F0CAFD0028F1D16946280008
:1030A00000F002FE0028ECD0EAE770B50E0086B012
:1030B000150002A90122300000F0E0FD041E02D03C
:1030C000022006B070BD010006226846043512F0E9
:1030D000A2FB06226946280012F072FB220000289B
:1030E00000D00622290002A800F0A0FD0028E7D1A8
:1030F00002A9300000F0D8FD0028E2D0E0E7F0B5EA
:103100000F00151DA4321600127885B052006946D2
:10311000380000F0B3FD041E02D0022005B0F0BD5F
:103120003378A34210DD29686846FAF711FD0028BC
:10313000F3D16B6868461A680835D31700F004FDB0
:103140000028EAD10134EBE76946380000F0ACFD15
:103150000028E3D0E1E730B50C0085B015006946E2
:103160000122200000F08AFD002802D0022005B0D4
:1031700030BD69686846FAF7EBFC0028F6D169466D
:10318000200000F091FD0028F1D0EFE730B50C00F1
:1031900085B0150069460122200000F06FFD00286F
:1031A00002D0022005B030BD69686846FAF7D0FC4D
:1031B0000028F6D16946200000F076FD0028F1D005
:1031C000EFE730B50C0085B01500694601222000FC
:1031D00000F054FD002802D0022005B030BD69681F
:1031E0006846FAF7B5FC0028F6D16946200000F0E1
:1031F0005BFD0028F1D0EFE70121094A10B5136803
:1032000008480B400AD10124644203604360836094
:1032100003730461436183610377116010BDC0468D
:10322000304000203440002010B501210D200EF068
:10323000FDF910BD00230377704710B50400006945
:10324000431C03D0C0B200210EF03CFA00232373CC
:1032500010BD012310B50377FFF7EFFF10BD026823
:1032600010B503008A4211D0072A0FD00022016056
:103270004260072915D808000EF03AFE0409101024
:103280001010151A9A611800FFF7D7FF10BD0D2214
:103290001A61ED329A6100229A60F7E70D221A61F5
:1032A0000E3A9A61F2E70D221A61FA22D200F8E78B
:1032B0000D221A61BB32F4E710B504000069431C0B
:1032C00003D0C0B201210EF0FDF90123237310BD1C
:1032D00070B5057F0400002D08D10368002B05D0D0
:1032E0008369013303D12000FFF7E6FF70BD0DF0C5
:1032F000AFFE6368A269C01AD30F9B185B10984297
:10330000F4D90DF0A5FE23686060012B16D1A368E7
:10331000002B06D12000FFF790FFA3680133A360C4
:10332000E4E75A1F092A03D82000FFF7C5FFF4E796
:103330000E2B01D9A560D9E70133A360237B002BB5
:10334000D1D02000FFF779FFD0E700001B4B70B50C
:103350001868C0B20EF0E2F9194C1A4D002814D1C9
:10336000FFF74AFFFFF775FF0DF078FE164B206060
:1033700019682868C9B2C0B20EF0A4F9134883686E
:10338000002B01D0C368984770BD114B286819689D
:10339000C0B2C9B20EF096F92368002B09D00D4BCC
:1033A0001B78002B05D001220B4B1A7000232360E1
:1033B000E4E7FFF721FFFFF73DFFF7E7604000205C
:1033C000C02900205C40002054400020C829002073
:1033D00058400020C5290020C4290020022270B5D1
:1033E00000240E4B0E4D1A600E4B0B321A600E4B22
:1033F0000C3A1A600D4B06001C600D4B1C700D4BF7
:103400001C600D4B1C70AB68A34205D00232290032
:1034100028009847AC60EC60300070BD6040002030
:10342000C82900205C400020544000205840002063
:10343000C5290020C0290020C429002070B501261C
:10344000054D064C2B68334203D12000FFF7C6FF21
:103450002E60200070BDC0466440002068400020FF
:1034600070B50E4C2068431C16D0C0B202210EF07D
:10347000DDF80B4D01212B68D8B20EF0D7F8094BBF
:1034800028681968C0B2C9B20EF01CF9206802227F
:10349000C0B205490CF0D6FF70BDC04660400020A8
:1034A0005C400020584000204D33010010B50D4C09
:1034B0002368002B11D00DF0D1FD2368C01A0A4BF0
:1034C00098420AD9094B1968094BC9B21868C0B2A9
:1034D0000EF0F8F80122074B1A70074B1878C0B2AB
:1034E00010BDC046C0290020C0C62D005840002095
:1034F0005C400020C5290020C42900200121064A83
:1035000010B513680B4006D1044811608360044A6B
:1035100004490EF0C9F910BD88290020C8290020EF
:1035200000000020EB610000F7B507000C0005006B
:1035300016000192AC4209D0002E04D010222900BE
:10354000300012F04CF910361035F3E7019BE01B08
:103550001818FEBD054B10B5083304000360406821
:10356000002801D00DF06EFE200010BDF0BD02005D
:1035700001200A4910B50B68094C03400BD1094AD8
:103580000860083222606360A360E360064A07496E
:1035900020000EF089F9200010BDC0466C400020CC
:1035A00070400020F0BD02000000002055350100F1
:1035B0007FB504002369080013608B7B1600022589
:1035C000802B0BD1694600F0BFFD002806D123688F
:1035D00032009B686946200098470500280004B027
:1035E00070BDF0B58BB00391190006AC00940700D4
:1035F00004AB10000968002200F098FD002802D0FA
:1036000002200BB0F0BDA37BC02BF9D1E57BBF3B03
:103610001D4020D0200000F047FD06000D002000D6
:1036200000F054FE0028EBD1B9687B6818008B428B
:10363000E6D010331A00103A1768B742F6D1526834
:10364000AA42F3D1039A21008068FFF7B1FF022854
:10365000D6D00020D5E7A689E1E70000F7B5050040
:1036600000686B680F001B1A01921B110124002BCC
:1036700000D01C003A1A1C190092164AA34223D803
:10368000944221D8002C20D12600009BF01800285D
:1036900003D01022019912F0A2F8390032002868F4
:1036A000FFF742FF0200696838001032FFF73CFF65
:1036B00007002868002801D00DF0C4FD24012E6009
:1036C00036196F60AE60F7BD140020010DF0B2FD39
:1036D0000600DAE7FFFFFF0F7FB505008468416849
:1036E0008C4209D010310800103806689642F7D194
:1036F00040689842F4D17FBD0193089B00920293E9
:10370000EB689C4209D0002C04D0102269462000AE
:1037100012F065F81034AC60EDE7281D6A46210010
:10372000FFF79CFFE7E70000D3B516001F00040079
:10373000074B8660C7600360069B0361FFF718FFB5
:1037400032003B000094FFF7C7FF2000D6BDC04603
:10375000E4BD0200054B10B5083304000360406867
:10376000002801D00DF06EFD200010BD84BE0200C7
:1037700001200A4910B50B68094C03400BD1094AD6
:103780000860083222606360A360E360064A07496C
:1037900020000EF089F8200010BDC04680400020B7
:1037A0008440002084BE0200000000205537010044
:1037B00070B513681600026904000D00934205D02D
:1037C000104B114A4621114811F0EAFC8268104959
:1037D000C3688A4203D1002B01D1022070BD511C65
:1037E00003D1002BF9D0591CF7D0280000F018FAAB
:1037F0000028F2D1236832009B68290020009847F6
:10380000ECE7C04610BE020090BE02001EBE0200E1
:10381000FFFF0000F0B515001C00070085B0002375
:1038200022680E006846290000F078F9BA687B68C3
:1038300018009A4202D1022005B0F0BD0168376835
:103840000833B942F4D1320069464068FFF7B0FF4F
:103850000228F0D0009B00205D1B2560ECE70000F3
:10386000F0B585B001924368026805009B1A0F000D
:10387000DB100124002B00D01C00BA1A1C19009286
:103880002A4AA3424BD8944249D8002C48D126005A
:10389000009BF318002B02D0019A03CA03C3B4465D
:1038A0002B6800930193019B9F420CD06346002B31
:1038B00003D0614601980CC80CC108239C44019BAD
:1038C00008330193EFE7009B0297F91A0831731848
:1038D00003936B689C46039B0193029B9C450DD010
:1038E000019B002B03D0180002990CC90CC0019B4E
:1038F00008330193029B08330293EEE76346DF1B14
:10390000039BDF19009B002B02D018000DF09AFCDE
:10391000E4002E6036196F60AE6005B0F0BD140093
:10392000E0000DF087FC0600B2E7C046FFFFFF1F76
:1039300037B5150083684468A34206D008342200D6
:10394000083A12688A42F7D137BD6A460091C168C9
:1039500055608B4207D0002B02D0190030CA30C10D
:1039600008338360F0E704301900FFF779FFEBE7D5
:1039700010B5040006498260C360029B01600361C8
:10398000FFF7F6FE22000299FFF7D2FF200010BDDC
:1039900004BE0200704730B50C0085B015006946C2
:1039A0000122200000F06AF9002802D0022005B0B0
:1039B00030BD6D68280013F0C3F929000200684685
:1039C00000F048F90028F1D16946200000F06CF9B8
:1039D0000028ECD0EAE710B504000DF033FC20001D
:1039E00010BD0000C02313B5084C9B000093084A8B
:1039F00000232000FFF7BCFF064B074A08330749A6
:103A0000200023600DF050FF13BDC04698400020F9
:103A100014200100E4BE02000000002095390100DE
:103A20000368002B01D0013B0360704770B515009F
:103A3000040042680068131A5E1B0BD5002A03D0ED
:103A4000ED1A0023636023608020236800065D195F
:103A5000256070BD2A0011F0C2FE236800205D19A8
:103A60002560F6E77FB508A90E7819BA02910F21F3
:103A700015BA03956944002B0BD1172A09D86B4658
:103A80002D0E7519DD7304AB5A1AFFF7CFFF04B082
:103A900070BD0124002B02D1FF2A00D81C1CE4B207
:103AA000002B0BD1074B934292415242A4180123A1
:103AB000A3401836C91AA4190C70E4E70234E4B222
:103AC000F5E7C046FFFF00007FB51D0003680C004E
:103AD0000B60436808304B601600FFF7A1FF2023FE
:103AE000721C2B40A260E360711C0CD104220F21D8
:103AF000134369441F35E360033A20000D70FFF75C
:103B000095FF04B070BD002B01D09219A260009502
:103B1000320000232000FFF7A5FFF2E701608918BB
:103B2000022241608260C3607047D3B50400083050
:103B30001F001600FFF774FF0023320000932000DF
:103B40003B00FFF78FFFD6BDF7B5DC1707006240DB
:103B5000634008301D001600FFF762FF20231C4061
:103B600032002B0038000094FFF77CFFFEBD0B00F5
:103B7000193B37B504000D00062B0AD90830FFF7B2
:103B80004FFFE0232A00009320000023FFF76AFF85
:103B90003EBD83204000FBE770B51300CA1DD2B2C2
:103BA00088B00500022A06D9C5211A4B1A4A4900D5
:103BB0001A4811F0F5FA02220800140005AEF9388F
:103BC00031708440FB2917D11A685B6812BA0392DE
:103BD00008221BBA029302A915236B44180011F0A6
:103BE000FEFD28000830FFF71BFF621C3100280093
:103BF000FFF71CFF08B070BDFA2905D11B6804222D
:103C00001BBA019301A9E7E769461B8802315BBA39
:103C10000B80E1E713BF0200F8BE020066BF02009E
:103C200007B5C0210091FFF71DFF0EBD73B504005D
:103C300008300E001500FFF7F3FE40232A00009322
:103C400020000023FFF70EFF2A0031002000FFF7BD
:103C5000EDFE76BD73B5040008300E001500FFF7C9
:103C6000DFFE60232A00009320000023FFF7FAFE06
:103C70002A0031002000FFF7D9FE76BD10B5802361
:103C8000FFF722FF10BD000080231B0610B5D418DB
:103C9000044B9C4203D9A023FFF716FF10BD8020E0
:103CA000C000FBE7FEFFFF7F0B6807B503604B68B2
:103CB000CA684360520707D56B46D91DFF2301220E
:103CC0000B70FFF7B3FE0EBD8868012805D0431EB8
:103CD0009841C0239B00C018F5E71800431E984187
:103CE0008023C0071B06F6E720239843030000202B
:103CF000402B03D0803B1800431E984170470120A1
:103D0000704710B511F06BFD10BDFF22036873B54D
:103D1000827341681E680400B14202D10220FF3064
:103D200076BD0B781F201D00002285430340A5733C
:103D3000E273A3811B2B1BD9834208D02800E038F3
:103D4000431E98410223404218400430E7E7280010
:103D5000FFF7CAFF002802D10423E373E0E728003D
:103D6000E038431E98410323404218400330D6E711
:103D7000172B03D918000122183882400132761A15
:103D8000B242CBD86D09012D09D180229200E28187
:103D9000172B1AD9182B23D14B78A38115E0072DA7
:103DA000F6D1143B0020072BBAD818000EF0A0F86B
:103DB000040B0B0B0F0B09090020F523A081A37343
:103DC000AEE70123E3730B78A3730020A8E74B78D9
:103DD000A3811F2BF9D8FF238320A37340009FE703
:103DE000192B09D16B469D1D01310222280011F0CB
:103DF000F6FC2B885BBAD0E70123E27B1343E37325
:103E0000E3E7826810B5531C0ED101684368096866
:103E10008B4209D01978FF2906D101334360002372
:103E200082738360180010BDFFF76FFFFBE78368A4
:103E300010B55A1C0AD0827BC02A07D0013B836090
:103E4000002B03D1FF228273180010BDFFF7D9FFAA
:103E5000FBE7F7B50700140002681F201378561C13
:103E600003403E60172B03D8002023606060FEBD36
:103E70001B2B30D80125183B9D40891BA9422DD30F
:103E8000012D07D15378236000237519636000204A
:103E90003D60ECE7022D09D12A003100684611F09F
:103EA0009EFC6B461B885BBA9BB2ECE7042D07D1E6
:103EB0002A003100684611F092FC009B1BBAE2E731
:103EC00008223100684611F08AFC019A009B12BA60
:103ED0001BBA2260D9E70620FF30C8E70220FBE7C3
:103EE00013B5040008C86A461968FFF7B2FF002836
:103EF00004D04E21104B114AFF310CE02022A37B4D
:103F00009343402B14D1019A009B002A06D0A8218C
:103F10000B4B0A4A49000B4811F042F9E27B520769
:103F200003D5094B054A5221E6E76268D31863605E
:103F30002000FFF77CFF16BD51C10200D2BF020076
:103F4000CFC1020064C10200E8C1020073B50223C0
:103F5000150004220E00C17B04000A40194208D05B
:103F6000002A0DD10023200033602B60FFF75FFF94
:103F70000DE0002A04D042680B4301324260C37353
:103F80002268636811688B4202D10220FF3076BD3F
:103F90001A78FF2A02D101336360E3E71F20A37B75
:103FA000824393421FD1201D6A46FFF752FF00282B
:103FB00002D000232B60EAE7009B019A2B6090421D
:103FC00002D08020C000E2E7226861681268521ABD
:103FD0009A42DAD331606268D31863600223E27BCD
:103FE0001343E373D3E782204000D0E7F0B5160017
:103FF00020221C00837B89B001919343402B05D084
:10400000254B264A2649274811F0CAF80E9B002B5B
:1040100001D104AB0E930E9B002726C826C302686D
:104020001A600123237003AA02A90E98FFF78EFFDE
:10403000051E1AD1029900291AD0039ABD18BD4253
:1040400011D32378002B0BD03368AB4208D3019BEC
:10405000D8190F9B9847431E984120702F00E2E724
:1040600000232370FAE78025ED00280009B0F0BD99
:104070002378002B0DD03368BB420AD902AB1871EC
:10408000019B0122D81903A90F9B9847431E984111
:1040900020703760E9E7C046ACC202004EC00200A3
:1040A0004304000064C1020013B5C37BDB070BD4DB
:1040B000837B0633DBB2012B06D96621164B174AE8
:1040C000FF31174811F06CF81F2341680C7823402A
:1040D0001A001A3A012A03D9124B104A6A21EFE753
:1040E000012214408918002C07D10332684611F0D0
:1040F00076FB2100009B18BA1CBD1B2B03D00A4B7A
:10410000064A6E21DCE70822684611F068FB019B35
:1041100018BA009B19BAEFE77EC00200E3BF0200A5
:1041200064C10200F4C0020024C1020010B5040002
:104130000298611819605A6003600123446083602B
:10414000FFF7E3FD10BD0000202273B5837B05005F
:104150000C009343802B06D094211E4B1E4A8900ED
:104160001E4811F01DF80B00020043CA43C3126839
:104170001A60EB7B5B0709D501235B42A360636890
:10418000013363602000FFF73CFE16E0200008C802
:104190006A461968FFF75DFE002803D0104B0E4AEF
:1041A0001049DDE7009B019AA360002A01D15A1C47
:1041B00004D180206B68C000636076BDA27BA02A1A
:1041C00003D1002BF5DB5A00A260002BDAD1FF33BC
:1041D000A373F2E74EC2020018C0020064C10200DD
:1041E00051C1020059020000202210B5837B934385
:1041F000802B05D0084B094A09490A4810F0D0FF26
:104200008B7BFF2B03D0084B044A0849F5E74B682A
:104210004360FFF70CFE10BD4EC2020033C0020027
:104220008102000064C102008AC202008202000012
:1042300030B50A4D85B0002900D1094D0F246C44DA
:10424000009301952300FFF7D1FE002804D12378C5
:10425000002B01D18020000605B030BD033D0100D8
:10426000FF3C01007FB5857B040028000E00FFF7AE
:104270003BFD011E04D02000FFF732FE04B070BDEC
:1042800020239D43802D07D0213B00936A462300C5
:104290002000FFF7CDFFF1E7002E12D06946200085
:1042A000FFF752FF0028E9D1029B002B04D1694699
:1042B0002000FFF799FFE1E7711E6846FFF7D2FF84
:1042C000F0E70148DAE7C0460104000010B5827B40
:1042D0000300FF2A05D1084B084A0949094810F094
:1042E0005FFF9A680320002A04D080211800C900CB
:1042F000FFF7B8FF10BDC0461AC2020005C0020099
:104300001102000064C1020037B5837B0D00F92B58
:1043100005D00C4B0C4A0D490D4810F041FF6B467F
:1043200041689C1D01310222200011F058FA2388B7
:1043300028005BBA02222100238011F050FA0020ED
:104340003EBDC0466AC2020064C002009105000082
:1043500064C10200F7B507000E00140001930029A4
:1043600005D16721154B164A164810F019FF002A8F
:1043700003D1154B124A6821F6E701235B42136013
:1043800000231900FFF754FF051E11D12368581CA4
:10439000206011F0EFF9011E30600BD0019B22006C
:1043A0003800FFF745FF051E02D0306811F0ECF928
:1043B0002800FEBD80252D06FAE7C04608C302008E
:1043C000F1C202000FC3020085C30200002370B5D2
:1043D0001A0001210F2405001D410D4204D00E00DA
:1043E000E51AAE40324392B20133102BF3D11000E4
:1043F00070BDF7B51C0008AB1B88170001930AAA13
:1044000009AB12781B780092050046180822002B91
:1044100025D02000FFF7DAFF04003800FFF7D6FFB1
:10442000082301219C46AE4211D02B785C406346A4
:10443000A4B262100C40270094B2002F01D0424079
:1044400094B2013BDBB2002BF3D10135EBE7009BCB
:10445000002B1BD12000FFF7B9FF040016E0B54286
:1044600011D01300287800024440A4B221B26000A9
:1044700084B2002901DA784084B2013BDBB2002B20
:10448000F4D10135EBE7009B002BE3D1019B5C40AD
:10449000A0B2FEBDF0B5D3B009930024002306906E
:1044A0000791089200930194009B089A934205D1CA
:1044B000019B099A934201D153B0F0BD0020009BAB
:1044C0009A01079B9A1812AB947851782402090438
:1044D0002143D47821431478043224062143C15067
:1044E00004304028F0D1122542AC9A6B11211600FD
:1044F0001327CE411100F941920A71404A401E68CB
:10450000596A58688919521806000721CE410100DE
:10451000E941C0087140414052181A6404339C427A
:10452000E3D100231A00069990328A580292029928
:104530000AAA99500433202BF4D1119B002504932F
:10454000109B0E9902930F9B0B9C03930D9B0A9853
:1045500005930C9B9C460B230F000A00DF41053B93
:10456000DA417A400F001333DF412A4B57405E593E
:1045700012ABEA58029BB218039E8B430E40734065
:10458000BA18D218049B0600D3180493049A059B0A
:1045900004359F180D230222DE410300D34102009F
:1045A00073401626F24166465340624666402240FA
:1045B000064056409E19049BF218029B04936346E2
:1045C000059380235B009D421CD10A9262460AAB90
:1045D000DA60002259610399029D99610699DD61B3
:1045E0001F6158609C6090310868D45804320019EB
:1045F00001C1202AF8D1009B019C012100225B18F7
:1046000054414FE7039BA44603910400029310001A
:104610003900A0E78CC3020003000C4A90331A60F3
:104620000B4A5A600B4A9A600B4ADA600B4A1A61CD
:104630000B4A5A610B4A9A610B4ADA610022002345
:104640008260C360026043607047C04667E6096AE3
:1046500085AE67BB72F36E3C3AF54FA57F520E51A3
:104660008C68059BABD9831F19CDE05BF0B51600B4
:104670001F004022002304000D00C1688068121A48
:104680008B4187B000920193019BBB4203D804D1B8
:10469000009BB34201D900960197009B10301A008D
:1046A00020182900059311F09AF8A268E36892197E
:1046B0007B41002B05D13F2A03D8A260E36007B0FD
:1046C000F0BD009A019BB61A9F41029603972700FE
:1046D000039B029A9B0692091A43039B10379B097E
:1046E0000193059B0092ED18012200233900200060
:1046F000FFF7D0FE009A019B29002000FFF7CAFEB9
:104700003F23029E38001E40009B32009901691829
:1047100011F065F8002301200021E360009A019B5D
:1047200080185941850E8B0182012B4320686168F6
:1047300012184B41A66022606360C0E73F22F0B5CB
:104740008368C46887B000930194009B05001A40F9
:10475000372393429B415B420133039305910268E7
:1047600043680098019912184B412F002A606B6032
:10477000DE00039BD400510F009A9B019A1A049308
:10478000009B10370E43F818002111F044F88022E6
:10479000AB68210AEB181A74049B2800FB185A1EF8
:1047A00014709A1E1170DA1E210C1170240E1A1F3B
:1047B00014705A1F1670310A9A1F1170DA1F310CCB
:1047C000083B360E11701E70039A00233900FFF764
:1047D00061FE2A00059B9032B0351168D9701168CE
:1047E000090A99701168090C597002CA090E1970EA
:1047F0000433AA42F1D107B0F0BD016042607047B6
:10480000002301600361C36083604160704700233F
:104810000361C3600EC07047036910B504001F2B0D
:1048200000D91F232268E1689A40130062688B4216
:1048300002D99A4200D91A00E2600CF009FCA0608B
:10484000E06810BD10B501604260FFF7E5FF10BDE4
:1048500010B5036901330361FFF7DEFF10BD006986
:10486000431E9841C0B2704710B504000CF0F0FB35
:10487000A368C31AE06898428041404210BD0069B5
:104880007047C068704710B5FCF736FB012010BDBB
:1048900010B5FCF759FB10BD10B50868FCF786FB96
:1048A00010BD080010B509210068FCF701FC10BD1F
:1048B00070B50C0004A9097808000B38012807D945
:1048C0000330454268411B182068FCF7F1FB70BDBE
:1048D0000921F9E7080010B509210068FCF73CFC44
:1048E00010BD70B5150004AA1478080022000B3A18
:1048F000012A00D809242A0021000068FCF72CFCBA
:10490000082C01D100232B5470BD70B508680D0030
:10491000FCF78CFB04002868FCF78CFC0838434249
:104920005841241A200070BD10B50868FCF782FCBD
:104930000A38431E9841C0B210BD00007FB50C007C
:1049400015001E00FBF77AFFFAF7B6FE010001A87A
:104950000CF058F90B4901A80CF06DFA00280ADA9E
:1049600009490A480CF054F8002401A80CF0FBF89F
:10497000200004B070BD200032002900FCF75CFA72
:104980000400F2E7D2C4020094C402008C5000205C
:10499000002310B51A000249FFF7D0FF10BDC04632
:1049A0008CC4020037B5082504680095A434246837
:1049B000A0473EBD1FB513000F2200246A441370A8
:1049C00003680094A0331C680123A04704B010BD05
:1049D0001FB513000F226A4413700123046800936B
:1049E000A0342468A04704B010BD1FB513000E22E8
:1049F0006A441380022304680093A0342468A0470B
:104A000004B010BD1FB513000E2203246A441380A6
:104A100003680094A0331C680223A04704B010BDB3
:104A20001FB50423039202680093A032146803AAFE
:104A3000A04704B010BD1FB5039205220368009281
:104A4000A0331C6803AA0423A04704B010BD1FB5FF
:104A500002920393062203680092A0331C6802AA04
:104A60000823A04704B010BD1FB50292039307228C
:104A700003680092A0331C6802AA0823A04704B070
:104A800010BD1FB503920B2203680092A0331C686F
:104A900003AA0423A04704B010BD1FB502920393DC
:104AA0000C2203680092A0331C6802AA0823A047C6
:104AB00004B010BD1FB513000F2200246A44137008
:104AC00003680094A0331C680123A04704B010BD04
:104AD000F0B5036887B003929B6904000E00984705
:104AE000002812D00F25002202ABED182368009297
:104AF000A4331F682A00012331002000B847002892
:104B000003DD0020285607B0F0BD0398FBE7F0B5A1
:104B1000036887B003929B6904000E009847002841
:104B200010D00F2502ABED18012322680093A432A8
:104B3000176831002A002000B847002802DD2878D5
:104B400007B0F0BD0398FBE7F0B5036887B00392A8
:104B50009B6904000E009847002811D00E2502AB77
:104B6000ED18022322680093A432176831002A004E
:104B70002000B847002803DD0023E85E07B0F0BD41
:104B80000398FBE7F0B5036887B003929B690400C4
:104B90000E009847002811D00E25032202ABED1815
:104BA00023680092A4331F682A00022331002000EA
:104BB000B847002802DD288807B0F0BD0398FBE75E
:104BC000F0B5036885B09B6905000E001400984796
:104BD00000280DD004232A680093A43217683100FE
:104BE00003AA2800B847002802DD039805B0F0BDED
:104BF0002000FBE7F0B5036885B09B6905000E0057
:104C00001400984700280ED005222B680092A43388
:104C10001F6803AA042331002800B847002802DDDA
:104C2000039805B0F0BD2000FBE7F0B587B0039313
:104C3000036805009B690E001400984700280FD0F8
:104C400006222B680092A4331F6804AA08233100AF
:104C50002800B847002803DD0498059907B0F0BD87
:104C600020000399FAE7F0B587B0039303680500C5
:104C70009B690E001400984700280FD007222B686C
:104C80000092A4331F6804AA082331002800B84703
:104C9000002803DD0498059907B0F0BD20000399B2
:104CA000FAE7F0B5036885B09B6905000E00141C97
:104CB000984700280ED00B222B680092A4331F685F
:104CC00003AA042331002800B847002802DD039816
:104CD00005B0F0BD201CFBE7F0B51F00036885B0F0
:104CE0009B6904000D0016009847002811D00C2283
:104CF00023680092A4331B6820009C4602AA082364
:104D000029006446A047002803DD0298039905B0F6
:104D1000F0BD30003900FAE7F0B5036887B00392C0
:104D20009B6904000E009847002811D00F2500222F
:104D300002ABED1823680092A4331F682A000123F8
:104D400031002000B847002802DD287807B0F0BD08
:104D50000398FBE7F7B50D000B6806000192110000
:104D60005B6A28009847070001300CF067FA2B684F
:104D7000040098331B6802009C4601997B1C2800A4
:104D80006546A847002321003000E3550BF03AFFA9
:104D900020000CF057FA3000FEBDF7B504001000FB
:104DA0000E00150011F0CCFF082122680091A032FE
:104DB000176803002A0031002000B847FEBD10B577
:104DC000FFF7EBFF10BD13B5082403680094A03370
:104DD0001C6893681268A04716BD30B504000D002A
:104DE00085B0110001A80BF075FF01AA2900200071
:104DF000FFF7E9FF040001A80BF0B5FE200005B0A5
:104E000030BD13B56B460268D97107335468190079
:104E10000122A04716BD826D0023062A00D1036E31
:104E20001800704713B56B46DC1D036801225B6AEE
:104E300021009847012801D1207816BD0120404269
:104E4000FBE770470120704770B50500154BBC3576
:104E50000833036004002868002803D010F094FC95
:104E600000232B602500B0352868002803D010F0FF
:104E70008BFC00232B60200090300BF074FE200090
:104E80006C300BF070FE200030300BF06CFE200018
:104E900024300BF068FE200018300BF064FE200078
:104EA00070BDC0469CC5020010B50400FFF7CCFFE2
:104EB00020000CF0C7F9200010BD0000FA2370B5E7
:104EC000002504009B0083601F4B204E08330360C5
:104ED000456045610161310018300BF093FE200000
:104EE000310024300BF08EFE2000310030300BF00A
:104EF00089FE230001223C331A70154B20002364E5
:104F0000144BFF326364230048331A803100E56498
:104F10006C301D726565A5650BF074FE20003100D4
:104F200090300BF06FFE2300A8339D60DD605D6163
:104F30001D83DD611D6008331D76290020000BF004
:104F4000F1FD200070BDC0469CC5020052D1020098
:104F500060EA0000307500004161704710B58B6D4C
:104F60000400062B04D16C310BF0B4FE200010BD00
:104F700001490BF047FEF9E752D1020010B5183095
:104F80000BF0B8FE10BD0164704741647047C06CFF
:104F900070470300A83070B504001500A4331868EA
:104FA0002368C01810F01BFC236828005B192360DD
:104FB00070BD07B56B46D971073301221900FFF7A1
:104FC000E8FF0EBDF8B506001C00069B0500A436E0
:104FD0003360002309011143A8352B60C9B2802733
:104FE000FFF7E7FF7F4223007F22E4091340002CF4
:104FF00001D03B43DBB22A683168501C28608B54D7
:10500000002CF0D12868F8BD07B50B006A465BBAE2
:10501000911D02220B80FFF7BCFF0EBDF8B50F00FB
:10502000110005001600FFF7EFFF32000400390001
:105030002800FFF7AEFF2018F8BD10B5006903681F
:105040005B69984710BD10B500690368DB6A984733
:1050500010BD10B50400FFF7F6FF0023984201D001
:1050600050342378180010BD10B5006903681B691F
:10507000984710BD70B504000BF0EAFF0500200052
:10508000FFF7F2FF002803D02000FFF7D6FF70BD26
:105090002000FFF7D8FF002807D00CF03CF80BF0F9
:1050A000D7FF034B401B9842E9D901204042EEE76D
:1050B000E703000010B5006903689B69984710BDBD
:1050C00010B5836D062B02D1FFF7F4FF10BD012050
:1050D0004042FBE710B5006903685B68984710BD64
:1050E0000300F7B5C4331B680F001500002B04D074
:1050F000FFF74FFF05002800FEBD0300AC331B780F
:10510000002B02D0FFF7E6FFF4E70600B436336861
:1051100001930300019A48331B88AA189A4201D3CD
:10512000019A9D1AB03002680400002A03D11800C9
:1051300010F020FB2060019B20682A00C018390075
:1051400010F04DFB33685B193360D4E710B50300F2
:105150000400A433A83419682268FFF7BBFF236852
:10516000181A434258410023236010BDF0B50600D1
:1051700085B002AF79609D36327804000020022AA3
:1051800044D8230098331D68AB1C82420BD0A0206A
:105190008446A444604600882B1D013080B200285C
:1051A00036D061460880180069460C30C008C0003F
:1051B000091A8D469C218C46A444614602A80978B0
:1051C000002A27D10A009E218C46A4446146097812
:1051D000002901D008210A43796800905B1820005B
:1051E0000321FFF7EFFE230090331968AAB22000D5
:1051F000FFF714FF3378002B05D02300A033198864
:105200002000FFF701FF2000FFF7A0FFBD46FEBD15
:105210000120C6E752000A43D2B2D4E7F7B5040032
:105220001F0008AB1E7809AB1B7890301500019366
:105230000BF060FD6A46230012799C339A700022BD
:105240001F705E7018331A606B1C5A1E9341220047
:10525000AC3213706B1C02D101252800FEBD290061
:105260002000FFF783FF051EF6D1236820009B6A0C
:105270009847F2E737B506AC07AD2D78247801954D
:1052800000940968FFF7CAFF3EBD30B504000D0069
:1052900085B003AB0022009304210223FFF792FEA6
:1052A00029002000FFF7B0FE2000FFF74FFF05B0F8
:1052B00030BD30B504000D0085B003AB0022009373
:1052C00005210223FFF77EFE29002000FFF79CFE48
:1052D0002000FFF73BFF05B030BD030010B57D3364
:1052E0001B78012B05D1030080331988FFF7CDFF10
:1052F00010BD022BFCD1030080331988FFF7D9FFC2
:10530000F6E7F8B5836D05000F001400062B02D0F8
:1053100000242000F8BD03681B6998470600A042DE
:1053200000D926000024A64207D02800FFF7A2FEDD
:10533000431C02D038550134F5E7002CE8D02B6E21
:105340001E1B2E66E5D12800FFF7C7FFAE65E0E71C
:1053500030B585B003AB0093022304000D001A00A2
:105360000621FFF72FFE29002000FFF74DFE200049
:10537000FFF7ECFE05B030BD30B504000D0085B080
:1053800003AB0022009307210223FFF71BFE290035
:105390002000FFF739FE2000FFF7D8FE05B030BD32
:1053A0001FB503AB0093002304001A000C21FFF784
:1053B00009FE2000FFF7CAFE1FBD0000F8B504007B
:1053C000FFF752FE002808D12000FFF73CFE00281E
:1053D00003D123005033A065187006272000FFF783
:1053E00043FE00287BD02000FFF727FE0500C6B251
:1053F0000BF02EFE23008C331860A06D07286AD8AE
:105400000CF08AFD080018009800ED001A013A011E
:10541000620162010F232D111D401E402200230056
:105420005C325D3315701E700023236601336366A2
:10543000A36550E07F23626E2B405343216ED2015F
:105440005B1880212366626689038A4204D9236837
:1054500020009B6A984755E02A06BFD422005C32A0
:1054600012780B2A05D8A249D140C9070CD4032AC7
:1054700014D0062A47D122005D321278022AE6D1E2
:10548000022BE4D1022353E021005D310978002989
:10549000DDD1022BDBD1032A06D0F3E723005D33F5
:1054A0001B783B40062BD2D0230022005D331B78B3
:1054B0007C32D9091170200003215A100A407D3036
:1054C00002700122134022007E321370A165230076
:1054D000002288331A60A36D062B00D07EE72300DC
:1054E00050331B78002B0DD00BF0B2FD2100B831EA
:1054F0000A68236C821A9A4200D2EFE0086020000A
:10550000FFF74EFFF8BD092A07D122005D3212785D
:10551000002A9CD1032BB5D099E70D2A97D1220000
:105520005D321278002A00D091E7002B00D08EE780
:10553000A365CCE7210088310B685A1CE31882333D
:105540000A601E70236E9A4200D047E70023A365CD
:1055500023005C331B78022B03D1230083331B7899
:1055600014E01A1F012A03D9FB21DA1F0A420FD1C6
:105570002300210082331A78A03101331B78098877
:1055800012021343994200D028E70023A366A2E742
:10559000062B11D12300AC331B78002B00D01DE764
:1055A00023002200823383321B7811781B021943B7
:1055B0002000FFF7E1FE8EE7092B00D00EE7230065
:1055C000210082331A78A03101331B780988120236
:1055D0001343994200D001E723008433BFE725003D
:1055E00088352B685A1CE31882332A601E70022A01
:1055F00000D0F3E62300260082331B886C365BBAAA
:105600009BB2A367236E3B49023B236630000BF03D
:1056100071FBA16F30000BF0C7FA23007D331978BE
:10562000226EA36F002900D002339A4200D20EE707
:1056300000232B600433FBE6200031006C300BF0BC
:10564000B9FBA06F636F984200D044E7236E181A2D
:10565000230020667D331B78002B01D00523E7E66D
:105660006369A765002B00D139E79847236E002BAB
:1056700000D030E70023DBE6210088310B685A1C9C
:10568000E31882330A601E70022A00D0A6E6236E59
:10569000981E2300206682331A7801331B78120289
:1056A00013432200803213806369A765002B00D06A
:1056B0009847236E002B00D00DE72000FFF70DFE6A
:1056C0006369002BD6D106E7236E002B01D0013B86
:1056D0002366236E002BCDD00723A9E622008C324F
:1056E00012685B00801A984200D20BE7AFE6C04612
:1056F000B408000052D10200F0B585B002AF04003A
:10570000080079603A6011F01BFB3B680600002539
:10571000022B2CD82500A0352B8801339BB2002BFF
:1057200028D02B8033006A461133DB08DB00D31A04
:105730009D4602AA731D0092082102222000FFF755
:1057400041FC29882000FFF75FFCB2B27968200095
:10575000FFF764FC39682000FFF72BFC2000FFF7FF
:10576000F5FC051E08D1236820009B6A9847BD46BA
:105770002800FEBD0123D4E701235B42A3668133E9
:1057800063650BF065FC05000BF062FC636C401B6D
:10579000984210D22000FFF756FC00280BD02000C2
:1057A000FFF70CFEA36E5A1C0BD000250222636586
:1057B0009A426D41DBE7236820009B6A98470025E9
:1057C000D5E70BF0A8FCDFE710B50968FFF794FFF9
:1057D00010BDF0B50400260085B002AF0800796066
:1057E00011F0AEFAA03632880500013292B2031DE4
:1057F000002A23D032802A0069461032D208D20013
:105800008A1A954602AA00920A2102222000FFF776
:10581000D9FB31882000FFF7F7FBAAB27968200096
:10582000FFF7FCFB2000FFF791FC051E08D1236861
:1058300020009B6A9847BD462800FEBD0122D9E79B
:1058400001235B42A3660BF003FC06000BF000FC97
:10585000636C801B98420DD22000FFF7F4FB0028F8
:1058600008D02000FFF7AAFDA56E6B1C08D06B4284
:105870005D41E0E7236820009B6A98470025DAE74E
:105880000BF049FCE2E710B50968FFF7A2FF10BD75
:10589000F0B591B002AF0400F9601600BB60FFF7ED
:1058A000D2FB002803D0206903689B6A9847220036
:1058B00000235032A36513705032138020690368AF
:1058C000002E0DD031001B6ABA689847002821D1FC
:1058D000022300255B42E3642800BD460FB0F0BD03
:1058E0001022DB697B60BB189B18724A9C46102310
:1058F0003A621422FB189A18FB681E1D2ACE2AC28F
:10590000366861461660FB681A7D63461A75BA6888
:105910007B68DAE70BF09CFB23008C3318602100D6
:1059200014231831F8180BF0D5F9E36AFE69FB600F
:10593000A36BBB60002E10D10BF08AFB1025030077
:1059400078195D4A1121401911F002F97B19591992
:105950001423F8180BF0CEF92E002300C0331D8855
:105960000023FA680C35AD199A4203D013000233B4
:10597000ED188023BA68002A04D040221343BA6885
:105980000232AD182200C832127813437B60230024
:105990003C331B78002B04D002237A681343DBB21C
:1059A0007B6080231020DB003B8412233818042204
:1059B0004249C0180FF013FF26220423BA181370AF
:1059C0002722FA213B79BA181370206C89000CF059
:1059D000ADFA0302000A18432B006A460C33DB08B9
:1059E000DB00D31A9D4602AB3885002200930121CB
:1059F0002B002000FFF7E6FA1023F918C9180A2235
:105A00002000FFF7C6FAB2B279692000FFF706FB63
:105A10002300C0331A88002A04D0043B19682000F0
:105A2000FFF7B7FAFB68002B04D0BA89616A20003F
:105A3000FFF7F4FABB68002B04D03A89216B2000F1
:105A4000FFF7ECFA2000FFF781FB051E0AD1206961
:105A500003689B6A98470323E3641423F8180BF048
:105A600082F839E701235B42A3660BF0F1FA0500E7
:105A70000BF0EEFA636C401B98420DD22000FFF74A
:105A8000E2FA002808D02000FFF798FCA36E01334B
:105A900002D10BF040FBEBE7A36EE364002B03D1D4
:105AA000012550342570D8E72069002503689B6ADA
:105AB0009847D2E74CD1020088C5020096C5020083
:105AC000F0B51300084A87B0009201AC0D1DC4CD9B
:105AD000C4C42A6822600A7D69460A750022FFF75D
:105AE000D7FE07B0F0BDC0464CD1020070B516001D
:105AF00004000D0086B0002168460AF05DFE330008
:105B00002A0069462000FFF7C3FE06B070BD1FB52E
:105B100003AB0093002304001A000E21FFF752FA92
:105B20002000FFF713FB1FBD10B503680400DB6AFC
:105B30009847002802D02000FFF7E9FF2300002249
:105B400050331A70206903689B6A984710BD70B57E
:105B50000600AC3633780400002B16D10500B435AE
:105B60002968FFF703FB002805D1236820009B6A02
:105B70009847002070BD2300B03319682A682000C0
:105B8000FFF7A8FA2B689842EFD100233370230067
:105B90009D331B780120002BECD0022B1DD1033B41
:105BA000A3660BF055FA05000BF052FA636C401B2C
:105BB00098420CD22000FFF746FA002807D02000B8
:105BC000FFF7FCFBA36E5A1C21D0002BD1D1230080
:105BD000A03319882000FFF7BBFB01235B42A366BB
:105BE0000BF036FA05000BF033FA636C401B984259
:105BF000BFD22000FFF727FA0028BAD02000FFF715
:105C0000DDFBA06E431C05D043425841B2E70BF0C8
:105C100082FAC9E70BF07FFAE5E7000070B50400EF
:105C20000F4D29000AF0EEFF200029000C300AF089
:105C3000E9FF2000290018300AF0E4FF20002900C5
:105C400024300AF0DFFF2000290030300AF0DAFFAC
:105C5000200029003C300AF0D5FF200070BDC0466E
:105C600052D1020010B504003C300AF07CFF200045
:105C700030300AF078FF200024300AF074FF200052
:105C800018300AF070FF20000C300AF06CFF200082
:105C90000AF069FF200010BD70B505000A4BFC3505
:105CA0000833036004006868002803D00FF06CFD1F
:105CB00000236B6020004C30FFF7D4FF201DFFF75E
:105CC000D1FF200070BDC046E0C5020010B5040041
:105CD000FFF7E2FF20000BF0B5FA200010BD000036
:105CE00010B50400084B083308C0FFF797FF2000E9
:105CF0004C30FFF793FF23000022FC3320005A6052
:105D00009A60DA6010BDC046E0C5020010B594305C
:105D10006C2200210FF07FFD012010BD020010B5A4
:105D2000FA24D4321378E400DB101B190B60040052
:105D300013780E22D5345B0013402278D630D2116E
:105D400013431F224B6023789B1013408B602378F2
:105D50001824DB002340047864112343CB600378CC
:105D60001A400A6110BD03000020402A02D1FC3312
:105D7000D96001307047886870B58A6B4E690D6ACA
:105D8000CC6A4B6C002800D00B30002E01D00B36B3
:105D90008019002D01D00B354019002C01D00B3497
:105DA0000019002A01D00B328018002B01D00B33D0
:105DB000C01870BD30B50C000020202520340A5CCE
:105DC0002B1A002A0CD101302128F8D113004031C0
:105DD0002278081B002A0AD18C4204D00134F7E74C
:105DE000D2099B18F3E710001533181830BDD209FB
:105DF0008018F9E70B78002B04D1002A04D0013178
:105E0000013AF7E7DB09D218901C70470B00581ACB
:105E1000824207DD0133581E00780028F7D0113286
:105E2000100000E000207047F0B589B003A904001D
:105E3000FFF774FF039B204A2025934200DC023DBC
:105E400007995B18934200DD023521001022DC31F6
:105E50002000FFF7CFFF211D01902000FFF78BFFEF
:105E600004270600FF2803DC023F7F2800DD0137FE
:105E7000210020004C31FFF77EFF0423FF2803DCC4
:105E8000023B7F2800DD01332100019A02351132E7
:105E9000D719BE197519ED182D18EC3114222000F0
:105EA000FFF7B4FF030028005F30002B01D05B3503
:105EB000E81809B0F0BDC0460108000010B5FFF7B2
:105EC000B3FF0423FF2803DC013B7F2800DC013BF8
:105ED000C01810BD70B50400FFF76CFF050020006E
:105EE000FFF7ECFF40190423FF2803DC013B7F2868
:105EF00000DC013BC01870BD30231370FF290DDD9D
:105F00005233081253709070D31C19700420FF296B
:105F100003DC01387F2900DC01387047531C7F29DE
:105F2000F3DD8120931C5070EFE7312070B58C6851
:105F30001870E0B2050009355D7030259D70C51DF3
:105F4000DD7006251A7213221D71033D5D715235F5
:105F50009D71513DDD715A7298720B3318000968BA
:105F600022000FF03CFC20000B3070BD8B6870B538
:105F700006000D001400002B04D013000622FFF7CA
:105F8000D4FF24186B69002B07D0290023000822B6
:105F90000C313000FFF7C9FF24182B6A002B07D003
:105FA00029002300072218313000FFF7BEFF241814
:105FB000EB6A002B07D0290023000A22243130008D
:105FC000FFF7B3FF2418AB6B002B07D02900230089
:105FD0000B2230313000FFF7A8FF24186B6C002B28
:105FE00006D02900230003223C313000FFF79DFF3B
:105FF00029003000FFF7BFFE70BD3023F7B51370E6
:1060000093701D3BD3700D3B9C4613710723537156
:10601000053BD372013B13735375063393755920B7
:10602000422301916146507013763D2000232A27B8
:1060300086264825CE24517308219072D074537659
:106040003A3804339771D6711572D7731674557434
:106050005472917394741075D07593761B3210003E
:10606000019940220FF0BBFB5B20FEBD3023F0B551
:106070000F0020241370263B5370043B93700233AF
:10608000D370223313715C3353713E3B937186336B
:10609000D371913B1372393B5372013B85B09372BC
:1060A000013B03900191D3722037087800280BD070
:1060B000019D4035AC466346DE1B3B78002B09D181
:1060C000AF4206D00137F6E7002CF1D00131013C98
:1060D000EBE71E00DB09F6180323C009241813732D
:1060E000E0B2F3B20293C318DBB2DD1D5573002595
:1060F0009573AC463025043313740223D573150011
:10610000537490740B7813357F2B05D9644503D0F5
:1061100063460135D374013C220028000FF05FFB79
:1061200002232C192370E0186B461B7A63703B78AE
:106130007F2B05D9002E03D00023E01CA370013E65
:10614000320039000FF04BFB01990398FFF732FE44
:1061500005B0F0BDF7B50500FC35AF6804003800A8
:1061600001910FF007FB061E01D10020FEBD3A0091
:1061700069680FF034FB01992000FFF7ABFE0100C6
:10618000A860686810F07EFC071E6860EDD02000F3
:10619000FFF794FE019905002000FFF70BFE3A007F
:1061A00029182000FFF7A8FE3D182000FFF786FE03
:1061B0003100020028000FF012FB30000FF0E4FA6B
:1061C0002000FFF77BFE01992A182000FFF74EFF01
:1061D0000120CBE7010010B59431FFF7BBFF10BDE4
:1061E00070B50D0014002A78002A04D1002C04D0C8
:1061F0000135013CF7E7D209A41802225C701A703D
:106200002A78981C7F2A03D90022D81C9A70013C56
:10621000220029000FF0E3FA2B787F2B00D90134FC
:10622000A01C70BDF7B50193424B0E0000920B9D70
:1062300099426ADD1823FA212B70093B6B708900A3
:1062400030000BF0FDFEFA213030A87089003000DC
:106250000BF0DCFF080064210BF0F2FE3030E87038
:10626000642130000BF0D2FF08000A210BF0E8FE99
:10627000303028710A2130000BF0C8FF3031AC1DDE
:1062800069710A2100980BF0DBFE303020700A2182
:1062900000980BF0BBFF3031617001980A210BF0C0
:1062A000CFFE3030A0700A2101980BF0AFFF3031E3
:1062B000E17008980A210BF0C3FE303020710A21EA
:1062C00008980BF0A3FF3031617109980A210BF097
:1062D000B7FE3030A0710A2109980BF097FF3031DA
:1062E000E1710A980A210BF0ABFE303020720A21CE
:1062F0000A980BF08BFF5A23A3720E4B3031617258
:1063000011209E4200DC0238FEBD0B4B2C1DCF1825
:1063100017232B700A3B6B700A2138000BF090FE9C
:106320003030A8700A2138000BF070FF3031E9706E
:10633000A7E7C0460108000030F8FFFF30230B70CC
:10634000263B4B70043B8B700233CB7022330B71B6
:106350005C334B713E3B8B718633CB71913B0B723F
:10636000393B4B72013B8B72013B0C20CB72704767
:1063700070B521251400A3222320DD70023D1A7080
:106380005D71733A193D9A701A719D715A73033D8C
:106390001A3A5870DD7198729A7352351F386A3202
:1063A0001D72D872383DDA7314306C3A5D7218730E
:1063B0001A741133180022000FF011FA2000113066
:1063C00070BD0000F0B504008DB02600FFF776FD2B
:1063D000FC36B0600FF0CEF9051E706002D10020CF
:1063E0000DB0F0BD2000FFF71FFD2A0001002000C6
:1063F000FFF782FDA02301222100281803709D3B96
:106400004370451D013B8370C27003710F322B0036
:10641000DC312000FFF7E4FE2D1829002000FFF7F3
:106420008DFF271D2D1839002000FFF7A4FC2A003E
:1064300001002000FFF760FD2D182A003900200020
:10644000FFF794FD07A92D182000FFF767FC302304
:106450000799314F2B70103BB94200DC023B0B9A7D
:10646000022005928A18BA4200DC00201B186B70CB
:10647000AF1C00250A9B0397029501950593009395
:10648000089A099B2000FFF7CDFE079A0B9B9446C4
:10649000634419000A9B3F18089A039702950195D7
:1064A000059300932000099BFFF7BCFE3D182700D1
:1064B0004C3739002000FFF75EFC2A000100200065
:1064C000FFF71AFD2D1839002A002000FFF74EFDB6
:1064D000F168002900D182E72D182A00200026004B
:1064E000FFF78BFDEC362D18142231002000FFF74A
:1064F0008DFC002807D02B00142231002000FFF76C
:1065000037FF01206CE7A3232B70A13B6B702E3368
:10651000AB70E870F5E7C04601080000014B03606E
:106520007047C046B4400020014B024A1A607047D1
:10653000B0400020B440002070B515000A000600ED
:106540000C00943248232900006800F007FB002863
:1065500001D1002070BD2200691C2423DC32306888
:1065600000F0FCFA0028F4D02300883490331B6834
:10657000A91C2268306800F0F1FA431E9841E9E74F
:10658000F0B50C0097B03C490600684615001F00A6
:106590000AF038FB2000FFF7B9FB220048239432B1
:1065A0002900306800F07AFA002806D100246846F5
:1065B0000AF0D9FA200017B0F0BD2200691C24238C
:1065C000DC32306800F06AFA0028EFD0A91C029B88
:1065D000009A306800F062FA0028E7D006AA390075
:1065E000306800F0BDF90028E0D02000694688300E
:1065F0000AF060FB214903A80AF004FB03A9201D4F
:106600000AF058FB03A80AF0AEFA1D4903A80AF0E5
:10661000F9FA200003A928300AF04CFB03A80AF07D
:10662000A2FA184903A80AF0EDFA200003A93430B1
:106630000AF040FB03A80AF096FA134903A80AF0EF
:10664000E1FA200003A940300AF034FB03A80AF065
:106650008AFA402206A92000FFF785FB0028A5D072
:106660002000FFF7AFFE0028A0D02000FFF7B2FD0A
:106670000400601E84419AE794A60200F8C5020057
:10668000FBC502000AC60200F0C5020070B5050095
:1066900016009CB048220C000AA800210FF0BBF89D
:1066A00048230AAA3100286800F0F8F9002802D12E
:1066B00000201CB070BD06AA0592049203920292BB
:1066C00001920092130009490AA810F093FA0828D1
:1066D000EED10AA907A80AF095FA07A920000AF046
:1066E00003FB07A80AF03FFA0120E2E70DC602000B
:1066F000704710B504000AF0A5FD200010BD10B5CC
:106700000368C9B21B68984710BD10B50400406803
:10671000217A0368DB6A984702216068FFF7EFFF80
:10672000606803685B6B98470023984203D101209F
:106730000AF0C4FC0123180010BD00000B4B10B57B
:10674000134004D52020013B4042034301331F2462
:10675000D01720401C3CA1408018DA172240D318E3
:1067600040119B1000021843084310BD1F00008019
:10677000F0B5081E1BD00020824218D08B189C4612
:10678000082201230E781C003440651EAC41C70B63
:10679000400080B2BC4202D0054C604080B25B0039
:1067A000013ADBB2002AEED101316145E8D1F0BDFA
:1067B0000580FFFFF0B585B000AFFC6AFB802300C9
:1067C0006E4608333B600733DB08DB00F31A032611
:1067D0009D4605001E70E01D013E58709970DA70EC
:1067E000B91D320001A80EF0FAFF6B462200B96A0B
:1067F000981D0EF0F4FF6B46621D591C2800FFF730
:10680000B7FF0E23F881A01D3200F91868440EF07E
:10681000E6FF6868297A0368DB6A98476868694612
:1068200003683A685B689847686803685B6B9847D9
:10683000BD464342584105B0F0BDF0B5130085B0E8
:1068400000AFBA60D51C6A460A33DB08DB00D31AF6
:106850009D46FB601523040039607B606068217AE7
:1068600003682A009B6B1E000123B047A84204D096
:106870007B68013B7B60002BF0D1606803685B693B
:106880009847FB681870C0B2A8420ED15D1C2E005C
:10689000606803681B69984700281BD0606803681C
:1068A0005B69984728700135F2E7606803681B69E7
:1068B0009847002804D0606803685B699847F4E74C
:1068C00001200AF0FBFB2000FFF71FFF0020BD4660
:1068D00005B0F0BDBB68F9685D1C2A002000FFF719
:1068E00047FFBA68FB689B189A78FB6812025B5DE9
:1068F00013439842E4D1BA68310038680EF06FFF54
:106900000120E4E737B504004068124903689B6A38
:106910009847606800210368DB6A984760680368ED
:106920005B6B98470C480AF0EBFB6B46DD1D0122C0
:1069300029002000FFF781FF002809D02B780020D4
:10694000112B05D16068054903689B6A98470120AF
:106950003EBDC046A0860100DC05000040420F009D
:1069600073B504000D001600FFF7CCFF002801D11D
:10697000002076BD0022ABB201920092402120009F
:10698000FFF718FF0028F3D073200AF097FB40228E
:1069900031002000FFF751FF0028E9D001200AF064
:1069A0008DFB2000FFF7B1FE0120E2E730B50024A7
:1069B00085B005000394FFF7A5FFA04202D1002097
:1069C00005B030BD0194009423002200302128003E
:1069D000FFF7F0FE0028F2D002200AF06FFB04223D
:1069E00003A92800FFF729FF0028E8D001200AF0BA
:1069F00065FB2800FFF789FE0398E1E710B5040066
:106A000040680368DB6998472000FFF77BFF2000A0
:106A1000FFF77BFE2000FFF7C9FFF0231B0418409F
:106A2000034BC018034B18404342584110BDC046A9
:106A30000000B0FFFFFFEFFFF0B585B006000D00CE
:106A400003921F000A9CFFF75DFF002803D100247A
:106A5000200005B0F0BD042C03D0202CF7D18023FA
:106A60001D4300216B46EAB29B89300001910091E1
:106A70000231FFF79FFE0028E9D005200AF01EFB37
:106A8000220039003000FFF7D8FE0028DFD00120B7
:106A90000AF014FB3000FFF738FED9E7F0B585B0F7
:106AA00002900F0003921D000F291DD803242026F9
:106AB0001C4002D0002005B0F0BDAC4217DA2B1B01
:106AC0001F2B00DC0426220039000298FFF736FE57
:106AD000039B02001B19009602210298FFF7ACFFEE
:106AE0000028E7D0A419E8E701204042E3E70120AD
:106AF000E1E7F0B585B005000C0016001F00FFF7B8
:106B000001FF002802D1002005B0F0BD0A9B042B34
:106B100003D0202BF7D160331C430A99B3B2019103
:106B2000E2B2009712212800FFF744FE0028EAD0C5
:106B30000F241A206C440AF0C1FA01222100280017
:106B4000FFF77BFE0028DFD001200AF0B7FA28000B
:106B5000FFF7DBFD207843425841D5E7F0B585B01B
:106B600002900F0003921D000F291DD80324202638
:106B70001C4002D0002005B0F0BDAC4217DA2B1B40
:106B80001F2B00DC0426220039000298FFF7D6FDF7
:106B9000039B02001B19009602210298FFF7A9FF30
:106BA0000028E7D0A419E8E701204042E3E70120EC
:106BB000E1E70000064B0748083310B50360064BB9
:106BC000064A43606023064903720AF06DFE10BD59
:106BD0002CC60200B4400020C0400020000000206D
:106BE000F166010010B503689C6B0123A04710BD3E
:106BF0008C2300229B00C154103BC3185A609A603A
:106C0000DA6001238375704710B5036801211B6B9F
:106C1000984710BDF8B505000E0017000024BC42CF
:106C200008D02B68315D1B6828009847002801D0E8
:106C30000134F4E72000F8BDFC30406A704770472B
:106C40008E239B00C15070478D239B00C15070471D
:106C50000300FC335A6A002A03D01B6AC018007E66
:106C6000704701204042FBE770B5060018250C492B
:106C7000006907F09DFF306907F0DBFD2B0008215C
:106C8000307D084C4343E31859560AF05FFD082154
:106C9000707D4543641961560AF058FD70BDC046C9
:106CA000A086010034CD020070B504000D0000691B
:106CB00007F0D4FD2900206907F07AFF206907F06A
:106CC000B8FD70BD10B5006907F0C8FD10BD00002B
:106CD000F7B50193FA238026002504009B0083600A
:106CE000134B760008330F004560290000920360C3
:106CF000320018300EF08FFD23002000FC332530C9
:106D0000DD6132001D6229005D62FF300EF083FDFF
:106D100088239B00E3185D609D60DD606B461B78F7
:106D2000276123756B461B79A57520006375FEBD31
:106D30003CC6020070B506001825006907F013FF75
:106D4000306907F076FD2B000821307D064C434367
:106D5000E31859560AF0FAFC0821707D454364197E
:106D600061560AF0F3FC70BD34CD020010B500226C
:106D7000FFF7E0FF10BD0300802210B5FC33DC6894
:106D80005200944208D05A6881545A680132D2B2F3
:106D90005A60DA680132DA6010BDF7B50400171ED8
:106DA000019302D100252800FEBD03000022FC3320
:106DB000DA611A625A620069013207F081FD061E2B
:106DC000F0D0230020691833009307F00CFE010077
:106DD0000098FFF7D0FF01252069BD4214D007F0CD
:106DE000E0FD00280FD0206907F04AFD022120694C
:106DF00007F050FD206907F0F6FD01000098FFF74D
:106E0000BAFF0135E8E70600206907F031FD019B74
:106E1000002B06D0002E06D00321206907F03AFD92
:106E2000C1E7002EBFD1013DBDE7002310B5827D33
:106E30009A420CD0882292008218D4688022520094
:106E4000944204D02530FF30FFF795FF012318004E
:106E500010BD0300FC33DA68002A09D09A68805C10
:106E60009A680132D2B29A60DA68013ADA60704701
:106E700001204042FBE700228C2370B59B00827505
:106E800004000E00C15C006907F01AFD002806D15D
:106E90000321206907F0FEFC0225280070BD88232D
:106EA0009B00E318DD68002D11D020002530FF3055
:106EB0002569FFF7CEFFC1B2280007F043FD002887
:106EC000EDD10321206907F0E5FC0325E5E7002E5D
:106ED000E3D00321206907F0DDFCDEE710B51830B0
:106EE000FFF7B7FF10BD70B50400006907F050FD53
:106EF000002815D0206907F062FD002811D0206914
:106F000007F0BEFC0321206907F0C4FC8E239B0020
:106F1000E558002D35D10023FC34E3612362636220
:106F200070BD206907F055FD002809D0206907F0E1
:106F30004BFD002804D0206907F050FD0028DED06A
:106F4000206907F046FD002821D1206907F032FDB5
:106F50000028E5D0206907F041FD002833D08823C0
:106F60009B00E318DB68FF21002B05D020002530B3
:106F7000FF30FFF76EFFC1B2206907F0FBFCA07580
:106F8000CEE7236820001B699847A847C3E720691C
:106F900007F076FC2069032107F07CFC206907F0EC
:106FA0001DFD0028BCD0882300229B00E3185A60F6
:106FB0009A60DA600123A3758D239B00E358934206
:106FC000AED09847ACE72300FC335A6A802320698F
:106FD0005B009A4206D107F04BFC0321206907F0C1
:106FE00059FC9DE707F0FFFC010020001830FFF777
:106FF000C2FE206907F044FCEFE7000010B502482C
:10700000FFF771FF10BDC046C040002010B513232C
:10701000122202490248FFF75BFE10BD7C5000209F
:10702000C0400020704710B504000AF00BF92000A2
:1070300010BD00001F220C4B826208330200036067
:10704000002334324362C362036313705370821DA2
:107050008363C3630364D387403213708364C36460
:10706000436583657047C0468CC602001F2302003B
:10707000836200233532C362036313708363C36387
:10708000036453748364C3644365836570478B6A88
:107090008362CB6AC3620B6B03630B0034331A78D1
:1070A000030034331A700B0035331A78030035337C
:1070B0001A708B6B8363CB6BC3630B6C03648B1D88
:1070C000DA8F831DDA870B0046331A7803004633C4
:1070D0001A708B6C8364CB6CC3640B0050331A88BA
:1070E000030050331A804B6D43658B6D8365704789
:1070F00010B50400FFF7CBFF200010BD70B50500F0
:10710000002486B068460E0003F0B8FEEB6CA34284
:1071100000DD9C1C684603F0EBFEAB6A0230241ACB
:107120000020E41806D4AC62AE64684603F0E0FECA
:10713000E864012006B070BD30B5036C002B06D0AA
:107140000400463424780233002C00D00233941C0F
:10715000856A1B1B00245B1905D48362C16302642A
:10716000463004700134200030BD70B5046C002C32
:1071700006D0050046352D780234002D00D00234AB
:107180001D1D866A641B0025A41907D4036484624C
:10719000C263831D01354630D9870570280070BD54
:1071A00070B50024856DA54200DD2C1D1D1D866A6D
:1071B000641B0025A41906D4846204005034218085
:1071C000013542658365280070BD70B50500806B90
:1071D0000E00041E06D000240378A34202D00FF054
:1071E000AFFD841C30000FF0ABFDAB6A0230241AF7
:1071F0000020E41802D4AC62AE63013070BD30B53B
:1072000004003534020020780323451EA841404283
:107210000340956A033B00205B1904D4936201305C
:1072200034322070117030BD04307047406A7047AE
:1072300035300078704770B515001F22436A04008E
:10724000D21A0020AA4208DB181D2A0020180EF0CE
:10725000C6FA0120636A5D19656270BDF8B51D004C
:107260000E0011001F22436AAF1C0400D21A002036
:10727000BA420EDBE218681C1071981C6062981DFF
:10728000567120182A000EF0AAFA0120636A5D19CF
:107290006562F8BD70B586B00600684603F0EEFD85
:1072A000684603F025FE06240500022800DC043CA5
:1072B000684603F01BFE2B00020021003000FFF7A0
:1072C000CDFF06B070BD10B513000A00FF21FFF717
:1072D000C5FF10BD30B589B01C0005006B46080025
:1072E000110018802200981C0EF079FAA31C6A463F
:1072F000FF212800FFF7B2FF09B030BD30B589B0DB
:107300001C0005006B460800110018802200981C24
:107310000EF065FAA31C6A4616212800FFF79EFFAF
:1073200009B030BD07B56B46DA1D01231170190095
:10733000FFF794FF0EBD70B5050010000E0014009D
:107340000FF0FEFC3100030022002800FFF786FF4B
:1073500070BD70B5050008000C000FF0F1FC1D2891
:1073600006D91D23220008212800FFF777FF70BDF2
:10737000220009212800FFF7DEFFF8E7002370B59F
:10738000C16A04004362994207D0026B9A4204D05A
:10739000FFF751FF0500280070BD230035331B782F
:1073A0000125002B06D02300343319782000FFF785
:1073B000B9FF0500A16C002904D02000FFF76AFF87
:1073C0000540EDB2E16B002910D0236C002B0DD0ED
:1073D000200046300078A21D00281ED0D08F0A0061
:1073E00001002000FFF776FF0540EDB2626D002A34
:1073F0000AD0A36D002B07D021005031098820004E
:10740000FFF77CFF0540EDB2A16B0029C3D020003F
:10741000FFF79FFF0540EDB2BDE71A002000FFF720
:1074200052FFE1E7104B10B50833040003604068D9
:10743000002809D000F0E4FA002805D1606800288F
:1074400002D003685B689847A068002809D001F063
:10745000B2F8002805D1A068002802D003685B6854
:107460009847200010BDC0469CC6020010B504001D
:10747000FFF7D8FF200009F0E5FE200010BD000056
:10748000074B10B50833036000230400416083609C
:10749000994202D0080000F0AEFA200010BDC046AC
:1074A0009CC60200074B10B508330360002304009C
:1074B00043608160994202D0080001F077F8200013
:1074C00010BDC0469CC60200F0B585B004001E0089
:1074D00054200AAB1F780291039209F0ABFE05001D
:1074E0003300039A0299009700F070FB29002000F6
:1074F000FFF7C6FF200005B0F0BD0300406810B5DF
:10750000002802D000F08EFA10BD9B68181EFBD038
:1075100001F07EF8F8E7436810B5002B03D018009F
:1075200000F082FA10BD82681800002AFAD010001C
:1075300001F070F8F6E770B54468002C03D0200025
:1075400000F074FA70BD85682000002DFAD0280084
:1075500001F062F8F6E7436810B5002B03D018007D
:1075600000F0C8FA10BD84681800002CFAD0200082
:1075700001F0A4F8F6E74368002010B5834202D07A
:10758000180000F0C3FA10BD4368002010B5834214
:1075900002D0180000F0C0FA10BD4068704770B506
:1075A000060040680C001500002802D0C9B200F0A7
:1075B000B8FAB068002803D0E1B22A0001F08EF8D2
:1075C00070BD704710B5034B186803681B69984776
:1075D00010BDC046BCCA020010B5034B1868036852
:1075E0005B69984710BDC046BCCA020010B5044B89
:1075F000421D1B680179186844691800A04710BD36
:1076000018C9020010B50400094B21791868621DE1
:1076100003689B6A9847074B0100984205D0064BC8
:1076200018680268926A904710BD4B202056FBE70D
:1076300018C90200FFFF0000BCCA020010B5040018
:1076400009F000FE200010BD10B5040048798AB092
:107650004B7A8A7A039088790290C8790190097AE6
:1076600005A8009104490FF0A5FA05A9200009F02A
:10767000C9FA20000AB010BDACC6020037B5062515
:1076800004002A00002168460EF0C5F82A00601D9B
:1076900069460EF095F8431E9841C0B23EBD10B544
:1076A00004790A790023944207D105310530062276
:1076B0000EF086F843424341DBB2180010BD0000D3
:1076C00010B50400094B186803681B6998472368C4
:1076D00020001B6A9847002806D0054B621D1868D9
:1076E000217903685B6B984710BDC046BCCA020095
:1076F00018C9020010B504790A790123944207D110
:107700000531053006220EF05BF8431E9841C3B2E6
:10771000180010BD084B10B50833036003000021AA
:107720007F2204004B33C17201731A700530793A1D
:107730000EF071F8200010BDCCC6020010B5040098
:10774000094B0800083323600023E37223732300EE
:1077500011007F224B3320711A70601D793A0EF0B0
:107760003EF8200010BDC046CCC60200F8B50E00A1
:107770001149050009F046FA0023327B9A4218DDD0
:107780009C1CF3185F7B9B7B013F083B012B0ED8B1
:1077900039002800341909F007FA2600A31B9F427C
:1077A00007DD617B280009F005FB0134F6E73B1992
:1077B000E4E72800F8BDC04652D10200F0B500242D
:1077C00087B00E0020490190059209F01BFA009441
:1077D000337BA34235D9631CDBB2039333195B7B44
:1077E0000293039BF3185B7B9A1E012A09D9063B7F
:1077F0001025012B06D9039A029B94466344DCB200
:10780000E6E702252B0000276B430234E4B20D3477
:1078100004933419029B013BBB42ECDD009B059AAB
:10782000934207D1E9B2200003F064FB0100019804
:1078300009F060FA009B7F1901330093049BE41860
:10784000E8E7019807B0F0BD52D1020010B504007E
:107850000022FFF7B3FF200010BD10B50C0011008F
:1078600002790023A24206D1053006220DF0A8FFBE
:1078700043424341DBB2180010BD70B5002504003F
:1078800004A8455701208840E072200022731900A7
:107890004B340D300DF0A3FF257070BD70B51D0089
:1078A000102304000E001100C27A1343C372007B40
:1078B00032000D3020180DF092FF237BF61826734E
:1078C0004B34257070BD1823C07A1840431E984170
:1078D000C0B27047104B10B5083304000360406815
:1078E000002809D000F08CF8002805D16068002835
:1078F00002D003685B689847A068002809D000F0B0
:107900005AFE002805D1A068002802D003685B68F1
:107910009847200010BDC04600C7020010B5040003
:10792000FFF7D8FF200009F08DFC200010BD0000FB
:10793000074B10B5083303600023040041608360E7
:10794000994202D0080000F056F8200010BDC04651
:1079500000C7020070B5040030200E0009F06AFC78
:107960000500310000F05CFD29002000FFF7E0FF7A
:10797000200070BD0300406810B5002802D000F060
:107980002BF810BD9B680348002BFAD0180000F0BC
:107990000BFEF6E752D10200406810B5002801D076
:1079A00000F07DFD10BD40687047704700207047B3
:1079B00010B5040009F046FC200010BD054B10B5C1
:1079C0000833040008C003F059FA00232000E361E3
:1079D00010BDC04610C7020010B5043003F084FA91
:1079E00010BD10B5043003F081FA10BD10B504309D
:1079F00003F07EFA10BDC3690133C36118007047FC
:107A0000C369013BC361180070470000004870471C
:107A1000032800000130C07F70470230C07F7047EC
:107A2000406A7047806A7047808D7047F8B5436A36
:107A300004000D00934200DD1300A3859AB22900D3
:107A4000A06A0DF0CCFE23002E331B78002B01D052
:107A5000636AA385631CDB7F9A060DD5A28E92070D
:107A60000AD5204B218E186801310268A38D556D0F
:107A700089B2A26AA847F8BDDB060BD5A38EDB0747
:107A800008D5184B218E186801310268A38D89B280
:107A9000156DEEE7230032331B78002B20D0124BFC
:107AA0002100186803685B6A9847104B01001E6844
:107AB000A38D32683000176B2A00B847094B18684D
:107AC00003681B6B984700280AD1094B18680368A4
:107AD0009B689847002803D0336830005B6D984757
:107AE000A08DC8E718C9020064CA020054C702008A
:107AF00018CA020070B5050008000C000FF020F94C
:107B0000210002002800FFF791FF70BD0300002252
:107B1000333318781A707047808E431E9841C0B274
:107B20007047032903D81031890041184A60704713
:107B300001867047008E7047008E013080B270471A
:107B4000806B7047826B0023914207D20022C36B87
:107B5000914202D05B680132FAE71B681800704757
:107B600070B504000D000D4B062203600B79053142
:107B7000037105300DF033FE29002000EB7A0D3142
:107B8000E3722B7B3E2223730D300DF028FE4B2237
:107B90002300AA564B3320001A7070BDD4C60200D1
:107BA00070B5040008200D0009F044FB0023436079
:107BB00063680560002B05D160602368A060013315
:107BC000236070BDA3685860F7E70000F8B50400B3
:107BD00016001D0006AB1F78FFF7F0FE1D4B320AA2
:107BE00008332360631CDE77A31CDA7780222B0026
:107BF0009200954200DD1300636223000021200003
:107C00002E33A18510221F704430218619715971BD
:107C1000A186A163E16321640DF0FDFD30231E42C6
:107C200011D02C2009F006FB220006000A4902238D
:107C3000343200F0DFF83000FFF7DDFE20003100C5
:107C40003830FFF7ADFF28000DF094FDA062200052
:107C5000F8BDC0462CC7020024C7020070B500253D
:107C6000040040682368AB4205D94668013509F035
:107C7000E9FA3000F6E7002323606360A36070BD7B
:107C800070B504000025164B08330360A36B9D42BA
:107C900014D20022E36B954202D05B680132FAE70E
:107CA0001E683000FFF7ACFE002805D1002E03D07F
:107CB000336830005B6898470135E7E725003835C1
:107CC0002800FFF7CBFFA06A002801D00DF05CFD73
:107CD0002800FFF7C3FF2000FFF767FE200070BDFC
:107CE0002CC7020010B50400FFF7CAFF200009F0FE
:107CF000A9FA200010BDF0B5C76C97B004001600BB
:107D00001D00002F0FD003A8FFF72AFF21006846AF
:107D1000FFF7B6FB694603A8B8476846FFF782FB42
:107D200003A8FFF74EFCA16A1C9A891928000DF0E0
:107D300056FD17B0F0BD70B50E0011000200040032
:107D400001203332107096B01A002000FFF76EFE4B
:107D5000256D002D10D0310003A8FFF701FF210091
:107D60006846FFF78DFB694603A8A8476846FFF7FA
:107D700059FB03A8FFF725FC16B070BD032330B5EF
:107D80001A40838E97B00400934218D082865342E3
:107D90005A411032920082185568002D0FD003A866
:107DA000FFF7DEFE21006846FFF76AFB694603A87D
:107DB000A8476846FFF736FB03A8FFF702FC17B099
:107DC00030BDA4208001704710B50400034B083378
:107DD0000360FFF7EAFD200010BDC04640C7020067
:107DE00010B50400FFF7F0FF200009F02BFA200087
:107DF00010BD000070B5040016001D00FFF7DEFD89
:107E00008022064B2662083323609200954200DDF3
:107E10001500002365622000238570BD40C7020065
:107E2000406A7047006A70470185704710B5034B80
:107E3000186803681B69984710BDC046BCCA020099
:107E400010B5034B186803685B69984710BDC046BE
:107E5000BCCA020010B5054B186803681B69984737
:107E6000034B186803681B6B984710BDBCCA02001F
:107E700018C9020010B5054B186803681B699847BC
:107E8000034B18680368DB6B984710BDBCCA02003F
:107E900018C9020010B5034B186803689B6C98471B
:107EA00010BDC04618C902000C30704768307047DA
:107EB000034B10B5186803681B69984710BDC0468E
:107EC00064CA0200034B10B5186803685B699847E1
:107ED00010BDC04664CA0200034B10B518680368A1
:107EE0009B69984710BDC04664CA0200034B10B599
:107EF000186803681B69984710BDC04618CA02007D
:107F0000034B10B5186803685B69984710BDC046FD
:107F100018CA0200034B10B5186803685B6A9847DB
:107F200010BDC04618CA020010B50400064B186800
:107F300003681B699847054B200019680B68DB6CC8
:107F40009847200010BDC046BCCA020018C90200F4
:107F500010B50400064B186803681B699847054B69
:107F6000200019680B689B6A9847200010BDC04626
:107F7000BCCA020018CA0200034B10B51868036897
:107F8000DB6A984710BDC04618CA0200034B10B503
:107F9000186803689B69984710BDC04620CC020052
:107FA000034B10B518680368DB69984710BDC046DD
:107FB00020CC0200034B10B5186803681B6B984770
:107FC00010BDC04618CA020010B5034B18680368FC
:107FD000DB68984710BDC04618C90200034B10B5B6
:107FE000186803681B6A984710BDC04620CC020081
:107FF000034B10B5186803685B6A984710BDC0460C
:1080000020CC0200024B1B68F03319607047C04659
:10801000BCCA0200024B1B68F83319607047C046A7
:10802000BCCA0200024B1B68F43319607047C0469B
:10803000BCCA0200024B1B68EC3319607047C04693
:10804000BCCA0200024B1B68FC3319607047C04673
:10805000BCCA0200024B1B68FC3359607047C04623
:10806000BCCA020010B5034B186803689C331B6838
:10807000984710BDBCCA020010B5034B18680368CE
:10808000A0331B68984710BDBCCA0200F0B5304B46
:1080900087B01D6804002B6828009B689847061E5F
:1080A00004D123682000DB68984716E0642009F0BB
:1080B00005F82B6828009B699847061E10D0236896
:1080C0002000DB689847234C2349200008F0A0FCDF
:1080D0002249200008F09CFC0026300007B0F0BDCB
:1080E00005AA2B68019212226A440092DF690D21D1
:1080F0000E2304AA6B4469442800B8470028D0D155
:1081000001222B685242D96A2800154B8847002863
:10811000C7D12B68134A196B280000238847061E15
:1081200004D023682000DB689847D5E70F2216218A
:108130002B686A445B6B6944280098470028B0D1DB
:10814000094B0126186803689B689847C5E7C04635
:10815000BCCA02008C50002058C7020098C7020019
:10816000FFFFFF3FFF03000064CA020010B50400D8
:10817000094B18680368DB689847084B1868036860
:10818000DB68984720000C30FEF770FF2000683055
:10819000FEF76CFF10BDC04664CA0200BCCA0200F4
:1081A00030B505008DB005AC0622002120000DF091
:1081B00032FB0D4B2100186803681B6A9847217831
:1081C000237962790391617807A80291A1780191DE
:1081D000E178009105490EF0EDFC07A9280008F0B0
:1081E00011FD28000DB030BDBCCA0200ACC60200B3
:1081F00010B50C30FEF782FF10BD70B503680400A7
:1082000008009D6AFFF7B6FB01002000A84770BD7B
:1082100010B50C30FEF7C4FF10BD10B50C30FEF7E2
:108220008BFF10BD10B50C30FEF79FFF10BD10B5D1
:108230006830FEF7CAFF10BD10B56830FEF758FF72
:1082400010BD0C3010B50400FEF752FF2000FEF701
:10825000EFFF002803D106212000FEF7D0FF10BD5C
:10826000F0B5050004000C3585B068342800FFF730
:1082700085F82000FFF782F80E4B28001E6833684F
:10828000DB680293FEF7D0FF03902800FEF7CEFFD5
:1082900005002000FEF7C8FF07002000FEF7C6FF1C
:1082A000C0B20090EAB23B0003993000029CA047A4
:1082B00005B0F0BD18CA02007FB51600084B01A832
:1082C0001C6823689D6908F005FD320001A92000A3
:1082D000A847040001A808F046FC200004B070BDC7
:1082E00018CA02007FB51600084B01A81C68236855
:1082F000DD6908F0EFFC320001A92000A847040066
:1083000001A808F030FC200004B070BD18CA0200BB
:108310007FB51600084B01A81C6823681D6A08F089
:10832000D9FC320001A92000A847040001A808F0E8
:108330001AFC200004B070BD18CA020010B5022952
:1083400005D1054B186803685B6B984710BD034B5C
:10835000186803689B6DF8E718CA020018C9020084
:1083600070B505000400084B0C3503602800FEF7CB
:1083700061FE20006830FEF75DFE28000621FEF752
:108380003EFF200070BDC046E0C7020010B5054C9E
:108390002000FFF7E5FF044A0449200009F084FAB1
:1083A00010BDC046FC42002000000020B183010047
:1083B00010B50400054B03606830FEF733FE200063
:1083C0000C30FEF72FFE200010BDC046E0C70200B3
:1083D00010B50400FFF7ECFF200008F033FF200089
:1083E00010BD000010B50B4B94B0196801A80B68C4
:1083F0007F24DB6C984701A8FFF740F9002803D0E1
:1084000001A8FFF7FFF8040001A8FFF7DAF8200041
:1084100014B010BD18C90200A020800170470000F0
:1084200010B50400FFF7CAFA044B2000083323609C
:10843000002323626362A362E36210BDA4C802004A
:10844000018442847047008C7047408C7047406ABA
:108450007047426A0023914207D20022836A914208
:1084600002D05B680132FAE71B681800704770B5EC
:10847000040008000D00FFF7BEFA082008F0DAFE3D
:1084800000234360A36A0560002B05D1A062636AE4
:10849000E0620133636270BDE36A5860F7E710B5CC
:1084A00004000800FFF779F8011E02D02000FFF752
:1084B000DEFF10BD70B50025040040682368AB42A4
:1084C00005D94668013508F0BDFE3000F6E7002307
:1084D00023606360A36070BD10B504002430FFF713
:1084E000E9FF0023236210BD70B504000025134B83
:1084F00008330360636A9D4214D20022A36A954246
:1085000002D05B680132FAE71E683000FFF778FAA4
:10851000002805D1002E03D0336830005B689847EF
:108520000135E7E72000FFF7D7FF20002430FFF7F1
:10853000C1FF2000FFF739FA200070BDA4C8020077
:1085400010B50400FFF7D0FF200008F07BFE2000EC
:1085500010BD000010B50400034B083308C008F03C
:1085600002FB200010BDC046B8C8020010B50400D0
:10857000FFF7F0FF200008F065FE200010BD0000AE
:1085800070B504002500074B0800083308C511002A
:1085900002F0B0FC0100280008F034FB00232000AA
:1085A000236170BDB8C80200406870470369013399
:1085B0000361180070470369013B036118007047AD
:1085C000F7B504001F0008AB1E8809AB1D880AAB75
:1085D0001B880193FFF7D4FF0C4B01210833236064
:1085E0006B469B882576638300232D0A621DA78234
:1085F000E6826576E3612362D377A21DD1772000FE
:10860000A362E36223636363FEBDC046C8C8020081
:10861000C0697047006A7047F0B587B00393264B76
:1086200002911D6804002B68818A9B6B280016004C
:108630009847002802D1002007B0F0BD2B68A18A1E
:108640005B6C28009847033887B2B74200DD3700DB
:108650003900E0690EF016FAE0610028EBD0237EC5
:108660001A071DD5039A002A1AD02B68F8B205AE56
:10867000009001961B6E28009C46628BA18A029B8B
:108680006546A8470028D7D033780020012BD3D0E7
:108690003A000299E0690DF0A2F827620120CBE7C9
:1086A0005B07C8D52B68F8B200905E6E628BA18A1A
:1086B000029B2800B047EBE718C9020070B505001F
:1086C000080016000C000EF03BFB330002002100F6
:1086D0002800FFF7A1FF70BD408B7047032900D130
:1086E0004263704770B5040008000D00FFF75EFF9D
:1086F000082008F09FFD00234360E36A0560002B1B
:1087000005D1E062A36A20630133A36270BD236BCD
:108710005860F7E770B50025040040682368AB4255
:1087200005D94668013508F08DFD3000F6E70023D5
:1087300023606360A36070BD026800238A4207D98A
:10874000002243688A4202D05B680132FAE71B6864
:108750001800704770B504000025154B08330360FE
:108760002600A36A28369D4210D230002900FFF768
:10877000E3FF0600FFF71FFF002805D1002E03D0FE
:10878000336830005B6898470135E9E73000FFF750
:10879000C1FFE069002803D00CF0F6FF0023E3617D
:1087A0003000FFF7B7FF2000FFF7D4FE200070BDB8
:1087B000C8C8020010B50400FFF7CCFF200008F085
:1087C00041FD200010BD0000F0B50400036297B029
:1087D0000D00C069190016000EF054F9E061002880
:1087E00002D1206217B0F0BD0122631DDA770022AA
:1087F000A31DDA773100226A0CF0F1FF676B002FBE
:10880000F0D01120134B03AE03932B79691D062280
:10881000684433710CF0E3FF29001920EB7A0D3125
:10882000F3722B7B3E22684433730CF0D8FF57233E
:108830004B352A786B44210068461A70FEF732FEE9
:1088400069463000B8476846FEF7ECFD3000FEF799
:10885000B8FEC7E7D4C60200084B10B508330400C1
:1088600003608069002803D00CF08EFF0023A36111
:108870002000FFF76FFE200010BDC046D8C80200E0
:1088800010B50400FFF7E8FF200008F0DBFC200033
:1088900010BD000070B504001E0004AB1D88FFF77A
:1088A0006FFE054BA682083323600023E58220007B
:1088B000A361E36170BDC046D8C80200034B083312
:1088C0000360002343608360C3607047E8C8020010
:1088D00070B5040008000D00FFF768FE082008F0DE
:1088E000A9FC00234360A3680560002B05D1A060AC
:1088F0006368E0600133636070BDE3685860F7E768
:108900004068704742680023914207D20022836882
:10891000914202D05B680132FAE71B681800704789
:1089200070B50025040040682368AB4205D946684D
:10893000013508F087FC3000F6E700232360636010
:10894000A36070BD70B50400002563689D4214D219
:108950000022A368954202D05B680132FAE71E68E4
:108960003000FFF728FE002805D1002E03D0336821
:1089700030005B6898470135E7E7201DFFF7D0FF1F
:1089800070BD000010B50400044B08330360FFF70E
:10899000D9FF201DFFF7C4FF200010BDE8C802006A
:1089A00010B50400FFF7EEFF200008F04BFC20009C
:1089B00010BD000070B504001E0004AB1D88FFF759
:1089C000DFFD2000074BA68208332360E5820649BD
:1089D000183008F017F9002320006362A362E362F5
:1089E00070BDC046F8C8020052D10200808A7047AC
:1089F000C08A7047406A7047426A0023914207D29A
:108A00000022836A914202D05B680132FAE71B6858
:108A10001800704770B5040008000D00FFF7C6FD90
:108A2000082008F007FC00234360A36A0560002BC0
:108A300005D1A062636AE0620133636270BDE36ADC
:108A40005860F7E770B50025040040682368AB4222
:108A500005D94668013508F0F5FB3000F6E700233C
:108A600023606360A36070BD70B504000025164BE1
:108A700008330360636A9D4214D20022A36A9542C0
:108A800002D05B680132FAE71E683000FFF793FD01
:108A9000002805D1002E03D0336830005B6898476A
:108AA0000135E7E7250024352800FFF7CBFF280034
:108AB000FFF7C8FF2000183008F055F82000FFF736
:108AC00049FD200070BDC046F8C8020010B5040082
:108AD000FFF7CAFF200008F0B5FB200010BDA8304A
:108AE00001807047AC3001607047F0B5013A1C78E6
:108AF0005E1C0368D2B285B003925B6C05000F0068
:108B000098472B6802000C2C00D169E02CD8052C6A
:108B10005ED01AD8022C56D00BD8012C4AD006228F
:108B2000DC3300921E682200002339002800B04781
:108B300047E0032C4AD0042CF1D1943300961C68F2
:108B40003900039B2800A0473BE0092C44D005D8FE
:108B5000062C3FD0082CE2D1A433EFE70A2C3FD0FB
:108B60000B2CDCD1B4332FE0162C43D00CD8112CB5
:108B700034D003D8102CD2D1B833DFE7122C17D061
:108B8000132CCCD1C8331FE01D2C04D00CD8182CCA
:108B900032D01B2CC3D1D43300961E682200039B15
:108BA00039002800B0470CE01E2C27D0522CB6D13B
:108BB000C43316E00833DC6F3300039A3900280011
:108BC000A04705B0F0BD88331C68F5E79033FBE79C
:108BD0009C33F9E7A033B1E7AC33F5E7C033F3E7F3
:108BE000B0330399019600911E68390023002800D4
:108BF000B047E6E7CC33A1E7D0339FE7D833E3E7CC
:108C00000300074A9130B033FF301988914204D1F4
:108C10001C338342F9D1002070470120FCE7C04695
:108C2000FFFF000010B503689B6A9847024BC0180D
:108C3000431E9841C0B210BD0100FFFF70B5040093
:108C4000094B0D00186803681B699847230091348D
:108C5000B033FF341A88AA4204D01C33A342F9D19E
:108C6000002070BD0120FCE7BCCA02000300A9304F
:108C7000C833FF301A787F2A04D81C338342F9D1D5
:108C8000002070470120FCE70200002310B5B0323D
:108C900014888C4205D001331C32082BF8D10020F7
:108CA00005E01C225343C018C8300078C00910BD2D
:108CB0000200002310B5B03214888C4205D11C226A
:108CC0005343C018C030008810BD01331C32082B3C
:108CD000F2D11720F8E77FB502240D2603AD2C70E2
:108CE0006E4404683270120A7270F0340093246883
:108CF00003232A00A04704B070BD7FB509266E4447
:108D00003270120A72700B2204246A4413701B0A18
:108D10005370089A036802AD2C70F03300921C68FF
:108D20002A000523A04704B070BD7FB5102602AD10
:108D30002E70073E6E443270120A72700B226A4423
:108D400013701B0A53700D2308AC24886B441C70ED
:108D5000240A5C70099A03680092F0331C682A00A8
:108D60000723A04704B070BD7FB5082602AD2E7062
:108D700001366E443270120A72700B226A4413700C
:108D80001B0A53700D2308AC24886B441C70240A02
:108D90005C70099A03680092F0331C682A0007236C
:108DA000A04704B070BDC82301225B00C2547047C5
:108DB00030B5012585B002AC08A863800078074B68
:108DC00020711868257062700368009494331C68E1
:108DD00004220523A04705B030BDC046BCCA02002E
:108DE000012902D86A3189000A5070477FB50A24E8
:108DF0000D2603AD2C706E4404683270120A727036
:108E0000F0340093246803232A00A04704B070BD07
:108E100030B504000023B03425888D4205D00133DD
:108E20001C34082BF8D1002005E01C214B43C0184E
:108E3000C8300270012030BD030030B50024B033CB
:108E40001D888D4205D001341C33082CF8D1002038
:108E500011E01C236343B433C318911D1D780139FD
:108E60004D7001338A42F9D11C235C430019B330A1
:108E700003780120137030BD064B10B50360CA2380
:108E80005B000400C058002801D00CF07DFC2000DD
:108E900010BDC04624C9020010B50400FFF7ECFF66
:108EA000200008F0CFF9200010BD0000F0B51F4BE6
:108EB0008DB01D6806230A91042100240B922A68B4
:108EC000089303930B9B07910193C4310A9B06916E
:108ED000BC390491009305940294576D2300060059
:108EE000302254312800B84703002000A34216D195
:108EF00008F0AEF8070008F0ABF83300AC331A689E
:108F0000C01B2B6890420CD21B692800984733681D
:108F10000B9A5B6B0A99300098470028EBD00DB094
:108F2000F0BDDB6D280098470020F8E7BCCA0200BE
:108F3000F8B5036804009B6A9847134B06009842F3
:108F40001FD0124B01001D682B68280098331B6846
:108F5000984708F07DF8070008F07AF82300AC3352
:108F60001B68C01B98420CD22B6828001B699847CD
:108F7000236831009B6B200098470028ECD101301A
:108F8000F8BD0020FCE7C046FFFF0000BCCA02009D
:108F9000F0B50D00CE21490045520400CF201178D4
:108FA000400001312154D02185B00A984900605019
:108FB0000020043160541D49DBB20E683168009214
:108FC00094310A683000170029000422B8470020B5
:108FD0000A9B834221D008F03BF8D22307005B00B4
:108FE000039308F035F82300AC331B68C01B98428C
:108FF00015D2336830001B699847236829009B6BA2
:109000002000984700280AD0039BE05C0028E8D0A5
:10901000CE2301225B005242E25205B0F0BDCE23C6
:1090200001225B005242E2520020F6E7BCCA020075
:10903000F0B585B00393036804009B6A9847344BEE
:109040000500984204D100230293029805B0F0BDB8
:1090500023680100E0331B68200098470290002835
:10906000F1D023000026B0331A880192AA4236D1EB
:109070001C2575436519C4352B68002B06D11020BB
:1090800008F0D8F80700FFF719FC2F601C235E4397
:10909000A619C4363568002DD5D0039B2800002BB7
:1090A00022D1FFF74FFC23682A00E4331E680199A0
:1090B000039B2000B0470028C5D023682A00E8336E
:1090C0001B680199200098470028BCD023682A001B
:1090D000EC331B680199200098470290B5E70136F0
:1090E0001C33082EC0D1AEE7FFF70AFC00260700AC
:1090F000BE42D8DA31002800FFF704FCFFF754FA2B
:1091000003990DF0EDFD00289FD00136F0E7C04631
:10911000FFFF0000F0B505000D20C5B068440F004A
:1091200002704AA9120A0C78427012210F2003AE75
:1091300031702200190068440CF051FB4B992A68E9
:109140000091F032E31C3900146828003200A04777
:1091500045B0F0BDF0B505000D20C5B068440F0066
:1091600002704AA9120A0C78427052210F2003AEF5
:1091700031702200190068440CF031FB00212A688C
:109180000091F032E31C3900146828003200A04737
:1091900045B0F0BD030070B50C0011000022B033E3
:1091A0001D88A54205D001321C33082AF8D10020C1
:1091B00007E01C235343C933C01803220CF00FFBF4
:1091C000012070BDF8B504009130FF300E0017008B
:1091D0000500B0342388B34205D1210003221931A0
:1091E00038000CF0FCFA1C34AC42F3D10020F8BD7E
:1091F000030070B514000022B0331D888D4205D0E5
:1092000001321C33082AF8D1002008E01C23534304
:10921000B433C118062220000CF0E1FA012070BD21
:1092200070B5140002000023B03215888D4205D0BD
:1092300001331C32082BF8D1002070BD1C22002104
:109240005A438B18BA33C35C002B03D10131062972
:10925000F2D0F6E7BA328118062220000CF0BFFAED
:109260000120EAE7F0B51F000023254C060097B067
:10927000B0300588A54205D001331C30082BF8D149
:1092800017B0F0BD1C245C4333191800B0300180C6
:109290001900B2310A7020001A0017210025C032CF
:1092A000B333B430118030181C991F7006220CF0B3
:1092B00096FA01A91C9A4B1B525D01355A71062D75
:1092C000F8D1104BBA34186834190368220090336F
:1092D0001B689847011E03D12A0020000CF09BFA5E
:1092E000D4235B00F458002CCAD01C9A390003A880
:1092F000FEF724FA03A8A04703A8FEF762F9BFE728
:10930000FFFF0000BCCA0200F7B505000600170009
:1093100000240191B3352B78019A93420CD1681C3B
:10932000062239000CF04CFA002805D11C235C43BE
:109330003619B0363088FEBD01341C35082CEAD110
:109340000048F8E7FFFF0000F7B50500060017002A
:1093500000240191B3352B78019A93420CD1681CFB
:10936000062239000CF02CFA002805D11C235C439E
:109370003619C4363068FEBD01341C35082CEAD1DC
:109380000020F8E70B00002270B504000E48B0334F
:109390001D88854202D09D78012D07D001321C33F3
:1093A000082AF5D12000FEF7B5F90AE01C23534343
:1093B0001A00B4328A18C918B33109782000FEF7B0
:1093C000BDF9200070BDC046FFFF00000300B0B52E
:1093D0006C46A8331A8800AFD31DDB08DB00E31A04
:1093E0009D4603688C331C686B46A047BD46431EF0
:1093F0009841C0B2B0BD0000F0B506001C000023CB
:109400008BB0913002AFFF307A60F983B036B8602C
:10941000BB616B46FB6033883B613A69204B9A42E3
:1094200030D06A46358A0920EB1DDB08DB00D31AF1
:109430009D461B2202AB1A707B611E230222F91883
:10944000033D68440CF0CBF92B1CA2B2ADB295429F
:1094500000D9231C9CB27B692200D81C79680CF0CF
:10946000BEF9104B79691868E31C026800919432C8
:10947000DBB2156839690422A847BB690133BB61B7
:10948000FB689D46BB681C369E42C2D1BB69BD4687
:109490005A1E93415B421C40200009B0F0BDC046FB
:1094A000FFFF0000BCCA0200F0B58DB002AF7A60C9
:1094B00002001E0000230400B0323A62E032F98458
:1094C000BA60BB616B46FB603B6A1B883B613A69D3
:1094D000314B9A424FD06A463B6A09201D8AEB1DE8
:1094E000DB08DB00D31A9D461D2202AB1A707B619C
:1094F00026230222F918033D68440CF070F92B1C56
:10950000B2B2ADB2954200D9331C9EB27B69320033
:10951000D81C79680CF063F9C82200235200A354C8
:109520001E4B79691B68FB61FA69F31C1268009194
:1095300094321268DBB2150039690422F869A84731
:109540003B6A04331D00C8235B00E35C002B0DD194
:10955000FB69F8691B681B6998473B6A2A00D97840
:10956000236820005B6B98470028ECD1BB6901336E
:10957000BB61FB689D463B6A1C333B623A6ABB6831
:1095800093429FD1BB69BD465A1E93415B421E4028
:1095900030000BB0F0BDC046FFFF0000BCCA0200A7
:1095A000F0B591B002AFB96119006B46FA603A6D3F
:1095B0007B603B6D52781B7812020600134304292E
:1095C00009D0042201680092DC310C68B969A04717
:1095D000BD460FB0F0BD6946FA6802250732D208D1
:1095E000D2008A1A954602AAFA620522F96A013B5C
:1095F0000A7000229BB24A70BB62564B1B683B62EA
:109600003B6A386A1B68DB699847BB6A834270D241
:109610003B6D9A78DB781B021343BA6A9A4268D290
:109620003B6A11001B68386A1B6A9847BB6A0400D2
:1096300001339BB2BB623B8DBB8603689B68984736
:109640000022454BFA61984208D12000FEF774FAD7
:10965000BB6A181A43425841C3B2FB612368200019
:109660009B689847FB69B860002B03D1A4239B013A
:10967000984251D12000FEF7B9F90300023B5A1E6F
:10968000934178620133FA6A5278002A01D1FA6A6A
:109690005370FA6A52789A422BD1FB6A0222581907
:1096A0003423F9180CF09BF8AB1C9BB27B617A69F0
:1096B000FB6A944663443B61FB69002B05D1BB68A0
:1096C0001A00A4239B019A422AD12000FEF789F9AF
:1096D0007A6A010038690CF082F87A6A7B699446EC
:1096E00063441D007B6AADB20233FA685B199A428B
:1096F00086DA022D21D10A213B6D30001A785B7881
:109700001B02134332680091DC321468B9690422E9
:10971000A0477B689D465BE702237B62013BB2E783
:10972000236820009B6898473623F8860222F918A0
:1097300038690CF054F80435D4E7084BF96A186816
:10974000EBB20268009194321468B9690422A04710
:10975000DFE7C04664CA020003280000BCCA02005A
:10976000F0B58DB002AF7A606A463C6C3A606278C0
:10977000F9602178120206000A43052B0BD8042158
:1097800003680091DC331C68F96813000622A047C7
:10979000BD460BB0F0BD684679680731C908C900FD
:1097A000411A8D4602A93961072138690170A0204C
:1097B0006179257909028001294381420FD00A216C
:1097C000637822781B02134332680091DC321468FC
:1097D000F96806223000A0473B689D46D8E7063B63
:1097E0009BB2013ABB6093B2BB610123FB61344B76
:1097F0001B687B617B6978691B68DB699847BB697B
:1098000083424DD2E378A2781B021343BA699A428D
:1098100046D27B6911001B6878691B6A9847036808
:1098200005009B689847637922791B02134398428D
:109830002CD12800FEF7DAF8BB68984226D1280020
:10984000FEF7CFF8A11DBA680BF0BAFF00281DD1B2
:109850002800FEF7F8FD3B69FA69B88498182423BC
:109860000222F9180BF0BBFF2800FEF7EEFDFB69A2
:10987000F884981C3B6980B2181826230222F91834
:109880000BF0ADFFFB6904339BB2FB61FB697A68A7
:1098900003339A4204DDBB6901339BB2BB61A9E784
:1098A000FB69012B8BD0074B396918683B7F026835
:1098B000009194321468F9680422A0478CE7C046EE
:1098C00064CA0200BCCA0200F0B58FB002AF3961B1
:1098D00019006B467A60BA6CBB60BB6C52781B781F
:1098E000120205001343062908D1BA6C1179527986
:1098F00012020A4354495218012A0CD9102229682D
:109900000092DC310C6839692800A047BB689D468D
:10991000BD460DB0F0BD69467A6802260732D2080E
:10992000D2008A1A954602AA7A621122796A013B0C
:109930000A7000229BB24A70FB61444B1B68BB61FA
:10994000BB69B8691B68DB699847FB69834261D2D0
:10995000BB6C9A78DB781B021343FA699A4259D29E
:10996000BB6911001B68B8691B6A9847BA6C3862FA
:10997000BB6C54791B7924021C4303689B6898478D
:10998000844242D1386AFEF731F81423F8607B61D3
:109990000300022801D104337B617B6A5B78002BD2
:1099A00002D17B6A3A7D5A707B6A7A695B7893420E
:1099B00030D1386AFEF747FD7B6AB88598192C23A9
:1099C0000222F9180BF00BFF386AFEF73EFD7B6AA6
:1099D000F885B01C80B218182E230222F9180BF05B
:1099E000FEFE341D7B6AA4B2386A1E19FDF7F9FF2A
:1099F000FA68010030000BF0F2FEFB687A68E418A8
:109A00007B69A6B2F3189A4204DBFB6901339BB26F
:109A1000FB6195E7022E0BD10A21BB6C1A785B78AB
:109A20001B0213432A680091DC32146810226AE793
:109A3000074B796A1868F3B202680091943215688E
:109A400039690422A84761E700D8FFFF64CA020011
:109A5000BCCA0200F0B58FB002AFF96019006B46C6
:109A60007A61BA6C7B60BB6C52781B781202B86169
:109A7000134306290CD0042102687A620091DC327B
:109A80001468F9680822B869A047BD460DB0F0BD5A
:109A900069467A6902250732D208D2008A1A9546A9
:109AA00002AA7A620922796A013B0A7000229BB2FB
:109AB0004A703B62814B1B68FB61FB69F8691B685C
:109AC000DB6998473B6A834200D3A1E0BB6C9A787C
:109AD000DB781B0213433A6A934200D898E0FB6993
:109AE00011001B68F8691B6A98473B6A060001333E
:109AF0009BB23B613B8A724CBB8503689B6898476D
:109B0000BB6C1A795B791B0213433268984200D010
:109B100093E0936830009847A0424BD13000FEF7A5
:109B20000BF83B69834240D03000FDF75FFF1524FE
:109B3000B860022800D10E3C7B6A5B78002B01D113
:109B40007B6A5C707B6A5B78A34261D17B6A02228C
:109B500058192C23F9180BF042FE3000FDF75AFF7C
:109B60007A6AAB1C9BB2D0543B6AE81C0233FB857B
:109B70002E2380B2F918101802220BF030FE0535A2
:109B80007B6AADB25B1930003B62FDF72AFFBA6811
:109B90000100386A0BF023FEBB687A69ED18ADB29C
:109BA0002B199A4234DB3B693B623E6A0136B3B201
:109BB0003B6282E7336830009B689847414B98428C
:109BC000F3D17B6A022258192C23F9180BF007FEF7
:109BD00002357B69ADB25B1B9BB230003B62FEF786
:109BE0001FF93B6A041C80B2984200D93C8C7B6A06
:109BF00030005B19A4B23B62FEF714F901002200A9
:109C0000386A0BF0ECFD7B6A2D190234ADB25C7042
:109C1000022D46D10A21BB6C1A785B781B021343D4
:109C2000BA6912687A620091DC321468F968082215
:109C3000B869A0477B689D4627E79368300098473E
:109C4000A042B2D13000FDF7D1FE04000228ACD111
:109C50003000FDF7C6FEBB6C01002200181D0BF0A2
:109C6000AFFD0028A1D17B6A220058192C23F918D6
:109C70000BF0B5FD02357B69ADB25B1B9BB23000CA
:109C80003B62FDF7D1FE3B6A041C80B2984200D9CA
:109C90003C8C7B6A30005B19A4B23B62FDF7C2FECC
:109CA000ACE7094B796A1868EBB20268009194320C
:109CB0001468F9680422A047BCE7C04664CA0200E1
:109CC0000328000002290000BCCA0200F0B599B0C8
:109CD00002AF3A606A4604000D007A60012B0AD098
:109CE000042203680092DC331E6814320023B0475C
:109CF000BD4617B0F0BDC9225200815A00292BD0B1
:109D00003A6F12781A4227D0244B01391868036839
:109D10001B6A9847230006000022B0331988A94225
:109D200037D11C2353431A00E318B33319780C239B
:109D3000B432A218F818FDF701FDCC23CA220C2179
:109D40005B005200E35A3000A2587918FDF7F3FF88
:109D50000C23F818FDF735FCC92200235200A3524A
:109D60000632A3526A463B6829000733DB08DB0052
:109D7000D31A9D46192302AA1370094B1868036869
:109D8000009294331C6804220123A0477B689D46FF
:109D9000AEE701321C33082AC0D1DDE764CA0200F5
:109DA000BCCA0200F0B58BB002AF3B616B46BB6032
:109DB0003B690400F9613A60032B0ED80422036862
:109DC0000092DC331D6800231232F9692000A84795
:109DD000BB689D46BD4609B0F0BDBB6B1A785B7889
:109DE0001B021343BA6BBB61BB6BD0789B7800023C
:109DF0001843574BF8601D682B682800DB699847AB
:109E0000BB69591E8BB2834207D90A22236800928C
:109E1000DC331D680C32BB69D7E72B6828001B6A4E
:109E20009847036806009B6898474A4B984207D0BA
:109E30000B2223680092DC331D689218BB69C4E7CB
:109E40003000FDF779FEBB6905009842F0D1300083
:109E5000FDF7E0FD03070AD4032223680092DC33F8
:109E60001E682B001332F9692000B047B0E7C92300
:109E70005B00E35A7B61002B24D13000FDF7D0FD5D
:109E8000CA235B0001000500E0580CF0FBFDCA236B
:109E9000BA8A5B00E0500433E2523A8B063BE2524E
:109EA00079692A000BF0B7FCCC256D00635BFA687A
:109EB000934212D0072223680092DC331D680F32D0
:109EC000BB6982E77B69AB42EED00E222368009229
:109ED000DC331E6808322B00C5E73B693000043BC9
:109EE000DBB27B617A69FB68944663447B60FDF773
:109EF00097FD7B6880B28342DCDCCA235B00E058BC
:109F0000FB687A69C018BB6B191D0BF068FC635BBA
:109F10007A6909209E186A463B6866530733DB0856
:109F2000DB00D31A9D46172302AC23703A69B96B44
:109F300068440BF054FC084B18683B690268013315
:109F4000009494321468DBB20422F969A0473FE719
:109F500064CA020003280000BCCA0200F0B593B036
:109F600002AFFB6003007A606A46B960A8331B88C1
:109F700006000733DB08DB00D31A9D4602AB7B6289
:109F80002823F968F81800F079FF01247A6A336809
:109F90000192A02292010092BC331D682200344B32
:109FA000B9683000A847786100285ED07B6A1B78CA
:109FB000112B03D00120BD4611B0F0BD7B6A5B7848
:109FC000FB61043BDBB23B617B6A9D1C0223BB61EE
:109FD000274B3B62BB697A69934205DB3B6A1A00F7
:109FE000234B9A42D2D0E5E7FB68002B29D13020E1
:109FF00007F020F904006B782A781B021343EA78F3
:10A00000A878120202430092291D3A692000FEF747
:10A01000D1FC21007868FEF75BFCEC78AB78240279
:10A020001C430134A4B223005A1E93413A6A5B4296
:10A030001A403A62FA69BB6994466344BB61AD1841
:10A04000C8E72823F81800F053FF3B699842E4D191
:10A050002823F81800F04AFF2B1D01003A69180068
:10A060000BF0AEFB0028C2D0D7E77869A3E7C04663
:10A07000FFFF0000F0B5030091B004AF3A616A46FB
:10A080007961A8331B8806000733DB08DB00D31A8D
:10A090009D46386904ABBB62FEF732FC0023F860D2
:10A0A000FB62FB6AFA68934255DA19003869FEF7D9
:10A0B00029FCF861FEF79AFC0500F869FEF798FCA8
:10A0C0007860BA6A33680192264AA83300921C6805
:10A0D0002A007B6879693000A047B86100283ED02B
:10A0E000BB6A1B78092B33D1BB6A5B783B62053BAB
:10A0F000DBB2BB60BB6A9C1C02237B627B6ABA69D1
:10A100009342DEDA382007F095F805002379E278EB
:10A110001B0213430293A378611D01936378227895
:10A120001B02134300937B69BA68FEF749FA2900C2
:10A13000F869FEF76FFC3A6A25799446E3782D02B8
:10A140001D437B6A01356344ADB27B62A418D5E739
:10A15000FB6A0133A4E70120BD460DB0F0BDB8692C
:10A16000FAE7C04603280000F0B5030091B002AF43
:10A17000BA606A46F960A8331B8806000733DB081B
:10A18000DB00D31A9D46B86802ABBB62FEF7B8FB92
:10A19000002378603B633B6B7A68934273DA190063
:10A1A000B868FEF7AFFBF862FEF722FC3860F86A89
:10A1B000FEF720FC0023B8617B637B6BBA69934296
:10A1C0005EDA1900F86AFEF717FCBB697A6B013B8F
:10A1D000786100259A4204D0511CF86AFEF70CFC05
:10A1E00005007869FEF778FA3B68013084B23B627B
:10A1F000002D03D02800FEF76FFA38623B6AA342B5
:10A200003BD33368BA6A983300921D6822003B6AD8
:10A21000F9683000A847F861002838D0BB6A1B787D
:10A22000052B2AD1BB6A5B789B003B61BB6A9D1CF6
:10A2300002237B627B6AFA699342E2DA202006F00D
:10A24000F9FF04006B782A781B0213430093A91CC2
:10A25000FB680222FEF71EFB21007869FEF742FA36
:10A260003A696C78944628787B6A24020443013466
:10A270006344A4B27B62AD18DCE77B6B01339BE7E0
:10A280003B6B013386E70120BD460FB0F0BDF86996
:10A29000FAE7000030B585B0022A09D0042203682D
:10A2A0000092DC331C68023A0023A04705B030BDA1
:10A2B0000200A83214881B88221C9C4200D91A1C58
:10A2C0000300002492B2B0331D888D4215D11C23A7
:10A2D0006343C018C03002800D200323684402701D
:10A2E000120A4270074A03AC106823700268009497
:10A2F000943214680422A047D8E701341C33082C98
:10A30000E2D1E9E7BCCA020070B50400042A19D101
:10A31000CE204000205A884214D1CF214900605CF1
:10A320001978013888420DD1D021012049006558A3
:10A3300028706058190001300BF051FAD223052221
:10A340005B00E25470BD70B50400022A22D1020005
:10A350000020B03215888D421DD11C2242431D8839
:10A36000A218C0321580CE225200A25A8A4211D1C0
:10A37000CF225200A55C032D0CD10232A1580D70E2
:10A38000A0589F3A19000130FF3A0BF028FAD22367
:10A390005B00E55470BD01301C320828DAD1E2E7D9
:10A3A00070B504001500012A16D9CE225200825A37
:10A3B0008A4211D1CF225200805C05280CD1023292
:10A3C000A1580870A05819002A0001300BF007FAB4
:10A3D000D22301355B00E55470BD70B50400150053
:10A3E000012A16D9CE225200825A8A4211D1CF2296
:10A3F0005200805C11280CD10232A1580870A0587C
:10A4000019002A0001300BF0EAF9D22301355B0074
:10A41000E55470BD70B51500CE225200825A04007A
:10A420008A4211D1CF225200805C0B280CD102321B
:10A43000A1580870A05819002A0001300BF0CFF97C
:10A44000D22301355B00E55470BD70B50400151EC4
:10A4500016D0CE225200825A8A4211D1CF22520007
:10A46000805C09280CD10232A1580870A05819004C
:10A470002A0001300BF0B3F9D22301355B00E5541B
:10A4800070BD002A11D1CE235B00C35A8B420CD180
:10A49000CF235B00C35C132B07D1A132FF3282585C
:10A4A000137001229233FF33C2547047F0B5002677
:10A4B0008530037895B00500B3421CD00F4B104C8B
:10A4C0001868A31DD98F036801391B6A98472300B8
:10A4D0000700463319780B4A01A84D34FDF72EF9D1
:10A4E0002378094A01A93800FDF725FC01A8FDF7EA
:10A4F00068F82E700136300015B0F0BD64CA020055
:10A50000C0430020074400200E440020F0B59FB057
:10A51000049109920593012B65D90400249B913085
:10A520001A785B78FF301B0213430393B034069014
:10A530002388049A934242D16769002F43D03800A0
:10A54000FEF7DEF900260790079BB34237DD3100A6
:10A550003800FEF7D7F90500FEF748FA039B83425F
:10A560002BD92800FEF744FA039B834225D8280004
:10A57000FEF740FA0026231D07900893079BB3427D
:10A580001DDD31002800FEF737FA0700FEF7A4F8BA
:10A59000039B83420FD1E178089A0BA8FDF7CEF810
:10A5A000059B249A3800023B02320BA9FEF70CF9F6
:10A5B0000BA8FDF706F80136E0E70136C4E7069B75
:10A5C0001C34A342B4D1099B1D2B0CD10BAA01331F
:10A5D0001370064B049918680368009294331C6842
:10A5E00004220123A0471FB0F0BDC046BCCA020030
:10A5F000F7B50400204B25000360863003F038F9DE
:10A600002000873003F034F9200010221B499830D5
:10A610000BF0E5F8230017221949A8335960C92126
:10A620001A8000234900635202316350043163529F
:10A63000230001279133FF33B03500937F4201920D
:10A6400000262F80AE70EE70281D062231000BF020
:10A65000E2F86B469B886E612B82009B2E761C3540
:10A660009D42EDD12000A93031000822FF300BF0CF
:10A67000D2F82000FEBDC04624C9020008C902006D
:10A68000881300000022F0B5012516000400A9B0CF
:10A69000B0306D4203888B4200D115003E4F01322D
:10A6A000DB195F1EBB411C30F618082AF2D16B1C67
:10A6B0006FD01C236B431A00E318B432B333A218D3
:10A6C000197802A80192FDF739F8012E2DD1002347
:10A6D0000093324B1E6833683000DB699847009B5B
:10A6E00083421CD2336800991B6A30009847036884
:10A6F00007009B6898472A4B98420BD102A915A8DE
:10A70000FDF72EFA3800002215A9FDF737FB15A832
:10A71000FCF757FF009B01339BB20093DBE7C92294
:10A7200000235200A3520632A352D6235B00E65800
:10A73000002E08D002A915A8FDF712FA15A8B047F7
:10A7400015A8FCF73EFF1C266E43A6193300154AD8
:10A75000B0331A600021062201980BF05CF8330038
:10A760001722C0331A8032000023C832138093703E
:10A77000D370C4363068984202D003685B6898474B
:10A780001C235D4300236419C434236002A8FCF732
:10A7900018FF29B0F0BDC0460100FFFF64CA0200E7
:10A7A00003280000FFFF00000300F0B59133ABB0B9
:10A7B000FF330400029300230190B03400932188FA
:10A7C000334B994259D0334B1868036898331B6850
:10A7D0009847051E51D1009BE17801330093231D5A
:10A7E0001A0004A80393FCF7A9FF2B4B1E683368DB
:10A7F0003000DB69984785421AD2336829001B6A0A
:10A8000030009847036807009B689847234B98429D
:10A810000BD104A917A8FDF7A3F93800002217A946
:10A82000FDF7ACFA17A8FCF7CCFE0135ADB2DEE7B8
:10A83000C9220025019B52009D5206329D520123E0
:10A84000933A5B422380FF3A2900A570E570039894
:10A850000AF0E1FF2000062229000A300AF0DBFF9F
:10A86000172360692382A84202D003685B68984777
:10A87000002304A86361FCF7A4FE029B1C349C42E5
:10A880009DD1009BD817C01AC00F2BB0F0BDC04699
:10A89000FFFF0000BCCA020064CA020003280000D7
:10A8A00002000023022110B5C83214780C4205D0F2
:10A8B0001C225343C018B030008810BD01331C3235
:10A8C000082BF2D10920F8E70200002310B5B032BE
:10A8D00014888C4205D001331C32082BF8D100209B
:10A8E00004E01C225343C018C830007810BD00009B
:10A8F000F0B59FB002AF3A602022FB616823BA181E
:10A90000D3181B780400B9613B61012B0ED8FB6999
:10A91000122B00D0A0E0042203680092DC331D68F3
:10A920000023FA69B9692000A84795E08C23FB1839
:10A93000196822230222F8180AF051FF7B8C7B61F0
:10A94000954B1E6833683000DB6998477B69591E58
:10A950008BB2834209D9FB69122B7DD10A2223686D
:10A96000DC3300921D687B69DBE7336830001B6ACB
:10A970009847036805009B689847884B984200D029
:10A98000BFE02800FDF7D8F87B69834202D1FB695C
:10A99000122B5CD12800FDF73DF8030700D4F2E04C
:10A9A0002800FDF73AF80023FB60830711D5B96949
:10A9B0002000FFF789FF03060BD40F2223680092C3
:10A9C000DC331E6803327B69B9692000B04701237C
:10A9D000FB6022000023B0321188B869814200D0A8
:10A9E00073E01C263A695E43023AD2B23A618C2285
:10A9F000A319B3331B78BA181268BB60FB68023224
:10AA0000B4367A60A619002B38D022232000F9181A
:10AA10000222443025000AF0E2FE032385352B7024
:10AA2000230020003A7A46331A703100062247305C
:10AA30000AF0D5FE23003A7C4D331A700A232B709E
:10AA40003B69362B0BD923681122DC3389E72800B8
:10AA5000FCF7E0FF4307A3D4BD461DB0F0BD2000C6
:10AA60003A6979684E300AF0BAFE2B783A69D31801
:10AA70002B70FB69122BEFD16D463BE02424320092
:10AA8000B9683819FCF75AFE3B697A683919280009
:10AA9000FDF751F93819FCF794FDFB69122BDBD156
:10AAA0006D463B6813220733DB08DB00EB1A9D463B
:10AAB00002AB1A703A4A1068026800939432146824
:10AAC00001230422B969A04719E001331C32082B85
:10AAD00000D081E7FB69122BBED16D463B68132283
:10AAE0000733DB08DB00EB1A9D4602AB1A70FA68ED
:10AAF000002ADFD0132323718434123B2370AD4628
:10AB0000AAE72B6828009B689847A4239B019842DA
:10AB100039D12800FCF76AFF022834D12800FCF75D
:10AB200060FF204B02889A422DD17B693000991E2C
:10AB300033681B6A9847036805009B689847174B62
:10AB4000984220D123000022B0331988B86981428D
:10AB500014D11C2353431A00B432A218E31824243E
:10AB6000B33319783819FCF7E9FD8C23FB181B68FF
:10AB700039195A882800FDF701F98BE701321C3397
:10AB8000082AE2D189E7FB69122B00D064E7236829
:10AB90000322DC33E5E6C04664CA02000328000055
:10ABA000BCCA020002290000F0B5A1B002AF140037
:10ABB0002822FB616823BA18D3186A46BA60FA697A
:10ABC000050079621B780A2A09D1022B18D0036884
:10ABD000063ADC3300921C680023FA6908E0042B73
:10ABE0000ED0042203680092DC331C680023083274
:10ABF000796A2800A047BB689D46BD461FB0F0BDDE
:10AC00009426BB1919682A230222F8180AF0E7FDD6
:10AC10000023BB61FB690A2B03D0BB191B685B884F
:10AC2000BB617B8D3B62894B1E6833683000DB69FA
:10AC300098473B6A013B9BB2834204D90A222B68A6
:10AC4000DC3300927FE0631E3B616B460734E4080F
:10AC5000E4001B1B9D46FA6902AB7B610D230A2AA7
:10AC600000D1023B7A69300013703B6A591E336889
:10AC70001B6A9847036806009B689847A0239B01BE
:10AC800098421AD1BB69002B07D004222B6800928E
:10AC9000DC331C6807323B6AAAE73000FCF7A6FEEB
:10ACA00004003000FCF79DFE220001007B690133A7
:10ACB00018000AF094FD01342FE0654B984200D053
:10ACC000A6E03000FCF736FF3B6A834232D1BB6915
:10ACD000002B03D02B680B22DC33B2E73000FCF7EB
:10ACE00099FE7B6958703000FCF726FF7B69B885B8
:10ACF000981C2C230222F9180AF071FD3000FCF791
:10AD000075FE04003000FCF76CFE7B690100043323
:10AD1000220018000AF063FD0434A4B24D4B796997
:10AD20001868E3B20268009194321568796A0422C7
:10AD3000A84760E73000FCF76DFE0224204205D1F1
:10AD40002B680094DC331C683B6A46E73000FCF754
:10AD500064FE0023FB60204211D0796A2800FFF7CF
:10AD6000B3FD03060BD40F222B680092DC331C6862
:10AD7000FA693B6A796A2800A0470123FB6030002A
:10AD8000FCF752FEBA6983B29A4203D32B680722BA
:10AD9000DC3356E7BB6980B23A69C31AFB61934260
:10ADA00000DDFA61BB8B01243B612B00B0333B62B9
:10ADB000E0337B603B6A7A6A1B88934217D13B6A17
:10ADC0001A1DD9782C23F818FCF7B8FC2C21BA8B63
:10ADD0007B6900921B19BA6979183000FCF78BFF68
:10ADE0002C23F818FCF7EDFB3B691C19A4B23B6A55
:10ADF0007A681C333B629342DCD1FB68002B8DD018
:10AE0000281D2200796984350AF0E9FC2C70F2E6ED
:10AE1000A42301249B01984200D07FE73000FCF777
:10AE2000FFFFBA6983B29A42B0D2BB6984B2E41A16
:10AE30003B699C4200DD1C003000FCF7F3FF7B699E
:10AE4000B9690133A2B2411832E7C04664CA0200B0
:10AE500003280000BCCA020010B5054C2000FFF713
:10AE6000C7FB044A0449200006F01EFD10BDC04681
:10AE7000C043002000000020798E0100F7B50025B6
:10AE8000040001AF02C00E003D80BD7010222900F9
:10AE90000AF0C1FC2575AE4222D030000BF050FF05
:10AEA000451E237D002D17DB0F2B1BD8725D2D2A2D
:10AEB00002D10135023DF4E77319013B1B787A702A
:10AEC0000021102238003B700CF0A6F8237DE21818
:10AED000013310712375EDE7022B03D8022323758C
:10AEE0002000FEBD1023FAE7006870470430704769
:10AEF000007D7047F7B5124C01904D1E6B1C1AD0A7
:10AF0000019B10225E5D2100301106F06FF90F20C9
:10AF1000611C30401022A71C06F068F90C2D07DCDC
:10AF2000AA235B01EB40DB0702D52D23E71CA370AE
:10AF3000013D3C00E2E7002301482370FEBDC0460E
:10AF40007045002000797047F0B5050000268DB0EF
:10AF5000079108920993062212AB00210AA81F78D4
:10AF60000AF059FC2B7AB34202D17E427E4102366E
:10AF70002B6828001B699847184B07201C68002382
:10AF8000226803900AA80290049301930093D36B64
:10AF9000E9889C460A00330020006646B047002836
:10AFA00002D000200DB0F0BD2368079A1B6C0899F1
:10AFB000200098470028F4D12368099A5B6C390077
:10AFC000200098470028ECD1236801219B6C2000C9
:10AFD00098470028E5D101302871E3E7BCCA020098
:10AFE000002110B5034B0171186803689B6C9847EA
:10AFF00010BDC046BCCA0200F0B50024114B85B09C
:10B000001D6803912B6801221B6D0021060028009A
:10B0100098472B6801940094DF6C202301211A00CB
:10B020002800B847A04209D101217171039A2B6809
:10B030004A401B6D2800984744424441200005B017
:10B04000F0BDC046BCCA0200C180704701727047A3
:10B05000022900D1C260704770B504001C30160090
:10B0600005F028FE2000084D2830290005F042FE9A
:10B0700020002900343005F03DFE236831005B6973
:10B080002000984770BDC04652D10200F8B50400B8
:10B090000B4D0F001C302900160005F02BFE200080
:10B0A0003900283005F006FE20002900343005F074
:10B0B00021FE236831005B6920009847F8BDC04637
:10B0C00052D10200F8B504000B4D0F001C302900CE
:10B0D000160005F00FFE20002900283005F00AFEBA
:10B0E00020003900343005F0E5FD236831005B694C
:10B0F00020009847F8BDC04652D102007FB5C36B0F
:10B1000004000D00002B12D00B6801A89B69984722
:10B11000200001A9343005F0CAFE060001A805F0A0
:10B1200022FD002E03D10026300004B070BD636AFA
:10B13000002B0ED0290001A8FCF718FB200001A964
:10B140001C3005F092FE060001A805F00CFD002E53
:10B15000E9D0236B0126002BE6D0290001A8FCF7DB
:10B1600075FB200001A9283005F0A1FE060001A80A
:10B1700005F0F9FCD8E70000104BA022083370B5A9
:10B180000360002304000E4DC2809F3A0371437197
:10B190000272C36003614361836129001C3005F0C2
:10B1A00031FD20002900283005F02CFD2000290069
:10B1B000343005F027FD200070BDC0461CCA0200D7
:10B1C00052D10200026800238A4207D90022436854
:10B1D0008A4202D05B680132FAE71B6818007047A8
:10B1E00070B50025040040682368AB4205D9466865
:10B1F000013506F027F83000F6E70023236063608E
:10B20000A36070BD10B50400094B083303603430EF
:10B2100005F0A9FC2000283005F0A5FC20001C301A
:10B2200005F0A1FC20001030FFF7DAFF200010BD70
:10B230001CCA020010B50400FFF7E4FF200006F06E
:10B2400001F8200010BD0000002270B505000024A8
:10B250000C4B1100186803681B6D98476C7128002F
:10B260002B6910309C4209D22100FFF7ABFF002868
:10B2700002D003685B6898470134F0E7FFF7B0FF3E
:10B2800070BDC046BCCA0200036870B5040000254A
:10B290008B4216D92A002B00406846688A4203D0A8
:10B2A000030001323000F8E70568002B0BD166601F
:10B2B000A268824200D1A36005F0C4FF2368013B6D
:10B2C0002360280070BD5E60F2E7F0B506000D0057
:10B2D000002797B02B699F422FD22B0010333900E3
:10B2E00018000193FFF76EFF0400FCF7ECFA00284A
:10B2F00021D0210003A8FCF733FC39000198FFF7A7
:10B30000C3FF002C03D0236820005B6898472B689C
:10B3100003A9DB6B28009847002809D003A9300057
:10B32000FCF71EFC03A8FCF74CF9300017B0F0BD89
:10B3300003A8FCF746F90137CCE73000FCF7EAF93F
:10B34000F3E7F0B5ADB0039332AB1B78C568049357
:10B3500034AB1B7804005BB20F0002920593002D02
:10B3600022D0002503291FD1039A029906A8FCF7D1
:10B37000E5F9059B3900009306A8339B049AFCF776
:10B380007CFA236806A9DB6B20009847A84265D0A9
:10B3900006A919A8E468FCF7E3FB19A8A04719A8B7
:10B3A000FCF70FF95AE001352369AB420DD92000B3
:10B3B00029001030FFF706FF039A02990600FCF7F8
:10B3C0004CFA0028EFD0002E22D123691F2B09D977
:10B3D000200000211030FFF757FF002802D003683B
:10B3E0005B6898474C2005F025FF039A02990600F8
:10B3F000FCF7A4F9082005F01DFF002343606369F2
:10B400000660002B2FD160612569A0616B1C236150
:10B41000059B042F2AD00093049A339B39003000F7
:10B42000FCF72BFA3000FCF74EFA002819D0E3683D
:10B43000002B16D0310006A8FCF792FB2000290053
:10B440001030FFF721FF336830005B6898472368AE
:10B4500006A9DB6B20009847002899D106A8FCF7C5
:10B46000B0F82DB0F0BDA3695860CDE7339A0499C8
:10B470003000FCF713FAD5E77FB50AAD2D78467991
:10B4800008AC24786DB2002E05D00295099D009479
:10B490000195FFF756FF7FBD10B5054C2000FFF763
:10B4A0006BFE044A0449200006F0FEF910BDC046B8
:10B4B000984500200000002005B201004068704758
:10B4C00042680023914207D200228368914202D051
:10B4D0005B680132FAE71B681800704773B5040017
:10B4E000302005F0A7FE05003049FCF799FFE56123
:10B4F000542005F09FFE002506000095142302222B
:10B500002B49FCF763FB2662542005F093FE0223CF
:10B5100006001A0000952749FCF758FB66623020A8
:10B5200005F088FE06002449FCF77AFFA662542045
:10B5300005F080FE06002022042320490095FCF738
:10B5400045FBE662E069FCF756FA206AFCF753FA1D
:10B55000606AFCF750FAA06AFCF74DFAE06AFCF763
:10B560004AFA216AE069FCF782FF616AE069FCF748
:10B570007EFFE16AA06AFCF77AFF236820001B695E
:10B580000F4998472368290020005B699847236882
:10B590002000DB6A98472368E16920009B6A98478E
:10B5A0002368A16A9B6A2000984773BD68CA02009D
:10B5B0006DCA020072CA020077CA02007CCA020089
:10B5C000F49F020010B50400C06900280BD0FCF7FE
:10B5D00017FA002807D1E069002802D003685B68E9
:10B5E00098470023E361206A00280BD0FCF708FA93
:10B5F000002807D1206A002802D003685B689847BA
:10B6000000232362606A00280BD0FCF7F9F90028B8
:10B6100007D1606A002802D003685B68984700235E
:10B620006362A06A00280BD0FCF7EAF9002807D172
:10B63000A06A002802D003685B6898470023A362D1
:10B64000E06A00280BD0FCF7DBF9002807D1E06A9C
:10B65000002802D003685B6898470023E3622368F0
:10B660002000DB6A984710BD10B5006AFCF742FA6B
:10B6700010BD07B56B46D980063302221900406A17
:10B68000FCF7D4F907BD10B504000800FCF78BF9EE
:10B69000011E03D0236820009B6A984710BDF7B5B0
:10B6A00000260700340001913B683800DB699847A9
:10B6B000B04213D93B6831001B6A380098470368D1
:10B6C00005009B689847A0239B01984203D0019BEB
:10B6D0009D4203D0250001362C00E5E7002084427E
:10B6E00008D02000FCF782F9022804D12000FCF7E2
:10B6F00078F90088FEBD2000FCF773F94089F9E76E
:10B70000074B08330360002343608360C360036119
:10B7100043618361C361036243628362C3627047B2
:10B7200084CA020070B5040008200D0005F082FDF7
:10B730000023436063680560002B05D160602368C7
:10B74000A0600133236070BDA3685860F7E7F0B5CF
:10B7500004000E0085B00800FCF74DF9231D180009
:10B7600031000193FFF7DEFF082005F063FD0023A1
:10B77000436063690660002B48D160612369A06162
:10B780000133236123682000DB699847002783B2D7
:10B7900003933000FCF75BFEB8423CD9390030001F
:10B7A000FCF757FE0500FCF726F929000198FFF782
:10B7B000B9FF23682000DB69984781B22800FCF7B5
:10B7C000B7F92800FCF717F929000198FFF7AAFF3D
:10B7D000002328000093FCF7B3F9009B984218D986
:10B7E00019002800FCF7AEF90290FCF704F9029961
:10B7F0000198FFF797FF23682000DB69984781B223
:10B800000298FCF711FB009B0133E2E7A369586043
:10B81000B4E70137BDE723682000DB699847039947
:10B8200082B23000FCF70CFE05B0F0BD70B500250B
:10B83000040040682368AB4205D94668013505F02D
:10B8400001FD3000F6E7002323606360A36070BD54
:10B8500070B50025040040682368AB4205D94668EE
:10B86000013505F0EFFC3000F6E70023236063604C
:10B87000A36070BD10B50400064B08330360FFF7EA
:10B88000A1FE20001030FFF7E3FF201DFFF7CEFFE1
:10B89000200010BD84CA020010B50400FFF7EAFFC3
:10B8A000200005F0CFFC200010BD70B5040000257D
:10B8B00023682000DB699847A84211D92368290032
:10B8C0001B6A200098470600FCF79AF8002805D16B
:10B8D000002E03D0336830005B6898470135E7E7F6
:10B8E000201DFFF7A3FF002523699D420BD20022F4
:10B8F0006369954202D05B680132FAE71868FCF789
:10B90000EBFD0135F0E720001030FFF7A1FF70BD1F
:10B9100010B5054C2000FFF7F3FE044A044920004F
:10B9200005F0C2FF10BDC046D84500200000002031
:10B9300075B80100704700000023FC3010B5C360EB
:10B94000024B186803681B68984710BDECCB0200D7
:10B95000034B10B5186803685B68984710BDC04674
:10B96000ECCB020010B5036800215B69984710BD5D
:10B9700010B503680349A4331C6800231A00A047CC
:10B9800010BDC046030C000073B56B46D9809C1DEA
:10B9900003680222A4331E680A4923000500B04749
:10B9A0007F2200280CD186239B00E95820884B7801
:10B9B0000A781B0213437F22984201D102228A5641
:10B9C000100076BD0514000013B5009201930368C2
:10B9D0000822A4331C6802496B46A04716BDC04626
:10B9E000010C000013B50092019303680822A433F0
:10B9F0001C6802496B46A04716BDC04601200000E6
:10BA000010B502680B00A432146802490622A04750
:10BA100010BDC04605200000F0B585B09C466B46C1
:10BA20005A80624604000AA807780BA800780DAD7A
:10BA30002E7819801A7198710C990EAD0622D81DB6
:10BA40002D785F7109F0CBFE6B465E739D732368A2
:10BA50000F22A4331D6803496B462000A84705B098
:10BA6000F0BDC0460620000013B56B4602680733E0
:10BA7000A4321970146802490122A04716BDC046BD
:10BA80000A20000073B56E4606ACF3701B0A2578D9
:10BA9000337107AC036824787270A433120A3170D2
:10BAA000B2707571B47107221C6802496B46A047D9
:10BAB00076BDC0460B20000013B501AB5A7002687A
:10BAC0001970A432146802490222A04716BDC0466C
:10BAD0000C200000F0B58FB016AC24780700059458
:10BAE00017AC248814A8019418AC24880078029418
:10BAF00019AC248803941AAC248804941BAC2688BF
:10BB00001CAC258807AC60710A20237106AB21802C
:10BB1000628015990622C01809F061FE6B46112259
:10BB20001B7D1C49237306ABD2186B461B7938006A
:10BB30001370019B1B0A5370132206ABD2186B467D
:10BB40001B7A1370029B1B0A5370152206ABD21886
:10BB50006B461B7B1370039B1B0A5370172206ABAB
:10BB6000D2186B461B7C1370049B1B0A537019235D
:10BB700006AA9B181E70360A5E701B239B181D7048
:10BB80002D0A5D703B681922A4331D682300A84765
:10BB90000FB0F0BD0D20000010B503680349A433B9
:10BBA0001C6800231A00A04710BDC0460E200000EC
:10BBB0007FB56E46B380042308AC738102332588B9
:10BBC000B38109AC03682488A43331807280348146
:10BBD000F5801C680E226B460149A04704B070BD79
:10BBE0001320000010B5EC300468002C02D01900BE
:10BBF0001000A04710BD0000F0B51D0003688BB019
:10BC00009B6F0F001600040098476B4600221F70C0
:10BC1000B05C991A01328871062AF9D116210022E6
:10BC20006944A85C013948701098805C01324874FE
:10BC3000102AF6D122680649A4321568200027226E
:10BC4000A84723682000DB6F98470BB0F0BDC046C3
:10BC50002720000037B56B4619700021555C5C1A2F
:10BC60000131A5710629F9D102680349A43214688B
:10BC70000722A0473EBDC0462B20000007B5036841
:10BC8000012288331B686946984707BDF7B56C46A3
:10BC900005000F00160000210722200009F0BBFD5F
:10BCA0000023F95CE21A01335171062BF9D12B689C
:10BCB000A671A4331E682800230007220149B0475B
:10BCC000FEBDC0460D0C0000132213B501AB9A70E7
:10BCD00002681980A432146801490322A04716BDE6
:10BCE00006040000FC30816070470023FC30836054
:10BCF000704700000549002A05D0435C934202DDED
:10BD00009B1A435470470023FBE7C0461D02000006
:10BD1000030010B5F8331B680C00181E02D0110088
:10BD20002000984710BD030010B5EC331B680C00D1
:10BD3000181E02D011002000984710BD030010B556
:10BD4000F4331B680C00181E02D011002000984725
:10BD500010BD0300FC331A680320002A03D0586882
:10BD6000431E9841C0B2704710B5040005F06AFA4E
:10BD7000200010BDF8B54D4B06001C68002903D00B
:10BD8000236820009B689847236820009B69984798
:10BD900023682000DB6898472368002800D180E0F2
:10BDA00035005B69200098470223FC35EA68FF33C1
:10BDB000C7B29A4210DD0023EB60AB68002B0BD0BA
:10BDC00023682000DB6998473949A86804F020FE01
:10BDD000236820009B6998473100EB68FF315A1CAB
:10BDE000F318FF33EA605F734B7B022B28D1052ADF
:10BDF000CEDD4B7C097C1B025B1804339A42C7DD05
:10BE000023682000DB699847AB68002B0AD0EB68F9
:10BE10002849DAB233683000C0331F6833000D336D
:10BE2000FF33B847EB68591E0023EB603368C9B293
:10BE3000B43332000E321B68FF3230009847A3E75C
:10BE4000042B1FD1032AA3DDCB7B02339A429FDD53
:10BE500023682000DB699847AB68002B0AD0EB68A9
:10BE60001549DAB233683000C0331F6833000D3330
:10BE7000FF33B847EB68591E0023EB603368C9B243
:10BE8000BC33D6E70023EB60AB68002B80D023687F
:10BE90002000DB69984710223900A86804F023FECF
:10BEA00072E7DB6920009847F8BDC046ECCB020082
:10BEB000E6CA0200FBCA02000ECB0200F0B5150074
:10BEC0006B7812781B02134389B09E04040003931D
:10BED000B60F291D022E12D1AD784B780A781B02BD
:10BEE00013432A1F9A421FD0022E06D12D4B2A003F
:10BEF000E01809F074FC2C4BE55409B0F0BD012E9C
:10BF0000FBD1294F274BC05DEA78C018AB781202ED
:10BF10001A43201809F063FCE35DAD78ED18214B5E
:10BF2000EDB2E555E118D8E7039BCE781D058B7877
:10BF300036022D0D1E43042E0BD11C4BD2B21868B5
:10BF40000B1D01680E6A2900B0470022164BE2540F
:10BF5000D3E7052E06D1164BD2B218680B1D016827
:10BF6000CE68F0E7062E06D1114BD2B218680B1D31
:10BF700001680E69E7E705AF0A220021380009F0E1
:10BF80004AFC01233B7005337B80043BBB80236864
:10BF9000FE80943300971E6805220A2329002000A2
:10BFA000B047D2E71E0200001D03000018C90200BE
:10BFB00020CC0200F0B5202589B004000E00170047
:10BFC00000212A00684609F026FC6B463200390041
:10BFD000581C1E7009F003FC23682A00A4331E6855
:10BFE00002496B462000B04709B0F0BD08200000B0
:10BFF000F0B5202589B004000E00170000212A00AA
:10C00000684609F008FC6B4632003900581C1E7067
:10C0100009F0E5FB23682A00A4331E6802496B4639
:10C020002000B04709B0F0BD09200000F0B50400C1
:10C030000E001D0085B000AF3A608722274B9200AA
:10C04000E15CA25C7B60914204D3236820001B6901
:10C050009847F2E72B006A460933FB600733DB0899
:10C06000DB00D31A9D46BB606A46022313702B1D6A
:10C07000DBB2D370002313716B465670360A96708C
:10C08000AAB25A7100229A716B46DA1D3B880920C8
:10C090001370002368445370B96A2A0009F09FFBAB
:10C0A0002300FC339B68002B07D023683A7BC03306
:10C0B0001D680B496B462000A8477B687A68E35CE3
:10C0C000B9680133A354074BFA68186803681B6A00
:10C0D00098470020BD4605B0F0BDC0461D020000D7
:10C0E000C0CA0200ECCB0200F7B50400100000AF9C
:10C0F0007960111D396069460B30C008C000091A0B
:10C100008D466E460121387931707070786819005B
:10C11000000AB070F27001A809F061FB2300FC3343
:10C120009B68002B08D023683A78C0331B681549F8
:10C130001D0020006B46A847134B310018683A6871
:10C140000368124D1B6A9847012384225B429200C8
:10C150006353A35004F07CFF0600635B7A6893424C
:10C160000BD004F075FFFA239B00F318984204D219
:10C17000236820001B699847EFE78423BD469B0096
:10C18000E058FEBDD3CA0200ECCB02000E02000054
:10C1900007B56B46002207331A7003490132034882
:10C1A000FFF7A2FF0EBDC0462D200000084600206C
:10C1B00007B56B4601220733024903481A70FFF79F
:10C1C00093FF0EBD2D2000000846002030B587B03B
:10C1D0006C4601231500601C0622237009F0FFFA4B
:10C1E0000023E95CE21A01339175102BF9D1230089
:10C1F000172203490348FFF777FF07B030BDC04659
:10C20000110C00000846002013B50400684601F038
:10C2100027F92300EC331B68002B11D02300F433E3
:10C220001B68002B0CD02300F8331B68002B07D0B1
:10C23000F0342368002B03D00121684601F013F984
:10C240006846012101F025F96846012101F016F93F
:10C2500001AC6846012101F027F92D21200001F0F1
:10C2600000F9207816BD0000F7B5019303680E00B1
:10C27000A4331F68002315000F491A000400B847B3
:10C28000002818D186239B00E3581A7832709A78D8
:10C29000597812020A432A80DA7801990A705A7989
:10C2A000197912020A4308990A809A79DB791B02EC
:10C2B0001343099A1380FEBD0110000013B50368F3
:10C2C00069461B6A0400984700280BD186239B000F
:10C2D000E2582300D334D9331178013B597001322D
:10C2E000A342F9D116BD0000F8B503680E00A433CF
:10C2F0001C68002317000E491A000500A047041E01
:10C3000014D186239B00EA58537811781B020B4303
:10C3100033809378872292003B70AB54054B318871
:10C3200018680939036889B29B6898472000F8BDEE
:10C330000220000018C9020070B588B004000E0089
:10C34000150000212022684609F065FA0F2200231B
:10C350006A44F15C013A5170E95C01335174102B6D
:10C36000F7D123682022A4331D680A496B462000B8
:10C37000A84700280BD10F23862118008900655893
:10C38000C21AAA5C0C9DEA54013BF8D2012008B005
:10C3900070BDC0461720000070B503680E00A433BE
:10C3A0001D68002307491A000400A847051E06D18E
:10C3B00086239B00E1580622300009F010FA28007D
:10C3C00070BDC0460910000070B503680E00A433AC
:10C3D0001D68002307491A000400A847051E06D15E
:10C3E00086239B00E1580822300009F0F8F9280064
:10C3F00070BDC04618200000F0B51678B7B0050033
:10C400001400052E1DD1BE4B21791868E37809026E
:10C410001943036852795B6A9847BA4B6279186886
:10C42000E17803685B699847B74B186803689B68B5
:10C430009847002803D00121B448FFF715FB37B017
:10C44000F0BD082E72D10234AD4BA1781D68E278A0
:10C45000637809021943002A63D02800FEF734FAF2
:10C46000C3073AD52B0087331800079301F005FA6C
:10C47000079801F006FA002829D02B0025AF3E705E
:10C48000983308361A780133BA55013E002EF9D197
:10C49000A1786378090219430622112300979B486B
:10C4A000FFF7C4FD0923320098483B8025AB1600F6
:10C4B000D436865D991A0132CE71062AF7D1A17859
:10C4C00066780902009331430823FFF7AFFD079810
:10C4D00001F0DBF9079801F0DCF9A1786378090233
:10C4E00019432B6880229B6E280098472B008533C8
:10C4F0001B78002B04D02B6828000433DB6F98478F
:10C500002A1D84352B78002B99D0A17860780902F8
:10C51000014300927D480422FFF788FD00232B7021
:10C520008DE72B6828009B6E984788E70E2E12D166
:10C530001379D1781B020B437549435284235279F6
:10C540009B00C250852263789200043B83540634DA
:10C550000432845073E70F2E0DD1537911791B02E9
:10C560006B4A0B4383528423A2789B00C250002263
:10C570000433C25463E7132E10D19178D61C89007E
:10C5800003315418A64200D159E72B687288B8339A
:10C5900031881B68280098470436F3E73E2E00D008
:10C5A0004DE790780138092800D948E705F0AAFC42
:10C5B00050008F0047FF47FFB200060147FF1901F7
:10C5C00096010A00D378D51C002B00D037E7083439
:10C5D0000794A9786E784A4B0902186831436E7F38
:10C5E00007682B79EA780496EE7EB44664462E7F7F
:10C5F000360226430396AE7E6C7E360226430296B2
:10C600002E7EEC7D36022643079C01960094FE693F
:10C61000B0473C4BA9786E786F7F186809022B7978
:10C62000EA783143066804972F7FEC7E3F02274368
:10C630000397AF7E6C7E3F0227430297EF7D2D7EEE
:10C64000079C2D023D4301950094B468A047F6E68F
:10C65000D378D51C002B00D0F1E608340794A978D4
:10C660006E78274B0902186831436E7C07682B7976
:10C67000EA780496EE7BB44664462E7C3602264366
:10C680000396AE7B6C7B3602264302962E7BEC7AB9
:10C6900036022643079C01960094FE69B047194B69
:10C6A000A9786E786F7C186809022B79EA78314393
:10C6B000066804972F7CEC7B3F0227430397AF7BF0
:10C6C0006C7B3F0227430297EF7A2D7BB8E7167BFE
:10C6D000D51C1F2E00D9B2E6D378012B00D0AEE6D0
:10C6E000094BAD19AD7A1868217907686DB20D3420
:10C6F000931D5279029501940096BC6BA0479EE66B
:10C7000018C9020020CC020018CA02000846002006
:10C710000E020000961C894BB1781F6873780902DD
:10C7200019433B6814AA1B6F38009847B178737897
:10C73000090219433800FEF7C7F8C3071FD5862042
:10C7400004AB1022C018002109F065F8B3787278A4
:10C750001B02134325AC2380002379481900DA31EA
:10C76000415CE21A01335174102BF7D12B6812226D
:10C77000A4331E68230073492800B0475FE6B178F0
:10C780007378090219433B680FAADB6F380098479A
:10C790002B686D4AA8331B680FA9002802D14121DC
:10C7A00004A8091828009847C0B20028C7D12A68F1
:10C7B000E31CA432166865490222DDE725AED11CD0
:10C7C00030000A2209F00BF80F237381604B0E2210
:10C7D000B3812B685F49A4331C6828003300A0474D
:10C7E0002DE6D3780993002B00D028E641200C33A6
:10C7F00014AF3B7004AB111DC018402208F0EFFFCE
:10C800002800211D4022443008F0E9FF4B4B1E68F0
:10C810003000FEF745F80790082800D90FE6484C8D
:10C8200041230622010000972000FFF7FFFB079934
:10C830003000FEF749F8042233680243D2B29B6EFF
:10C840000799300098472B00A43319002000089363
:10C85000FFF7BAFD29002000AC3125ADFFF7B4FD8C
:10C8600041220999280008F0D6FF20261F23232003
:10C87000F21ABA5CC11A5A551A00615C2032A954E6
:10C88000013BF5D20FAE11220021300008F0C3FFAA
:10C8900003232D272A000125337004ABFF180899C4
:10C8A000009741232C4800F0CDFE0BA9725D4B1B75
:10C8B00001351A74112DF9D11022380008F08FFFBC
:10C8C0002B000799009606222000FFF7AFFB234BB1
:10C8D000402223492000FFF707FCB0E5D378002B66
:10C8E00000D0ACE5154B1F683800FDF7D9FF0600F6
:10C8F000082800D9A3E52B000434D333B3352278BC
:10C90000013B5A7001349D42F9D131003800FDF7E6
:10C91000DBFF082204003B6802439B6ED2B2310069
:10C9200038009847E30600D489E50E4B0E4A186894
:10C93000310003689B6A984781E5C04618C9020028
:10C94000084600201A200000E24600201B200000BC
:10C95000FF0F000020200000384900200C46002076
:10C960002620000020CC02008C460020F0B50026D6
:10C970003B4D89B0F0352B68019104923000B342F1
:10C980006CD006AB0430DE7004F054FC029004203E
:10C9900004F050FC0400042004F04CFC03000700E9
:10C9A00006A82D68220002990330A847039606AB1B
:10C9B00003331B78B34235DDB3000593039B002B93
:10C9C00020D1396807ADB0002B00019A09582548DD
:10C9D00000F0C6FD019BDA782B789A4212D1019BB8
:10C9E0006A781B799A420DD1019BAA785B799A42A9
:10C9F00008D12368B20099580498062208F0EFFE87
:10CA0000012303932368B2009858002801D004F052
:10CA10001DFC3B68B2009858002801D004F016FCB9
:10CA20000136C4E7029B1868002801D004F00EFC10
:10CA3000029804F007FC2068002801D004F006FCEE
:10CA4000200004F0FFFB3868002801D004F0FEFB52
:10CA5000380004F0F7FB0398431E984109B0F0BD7D
:10CA60000846002038490020F8B5FC3005008068F1
:10CA700016001C00002818D003F0AEFFA619A86805
:10CA8000A6420CD027780F2F02D8084903F0A4FF44
:10CA900010223900A86804F022F80134EFE703F00F
:10CAA000A5FFA8680368DB689847F8BD18C20200B4
:10CAB000084B020003600023EC3213605360936064
:10CAC000D360136153619361D361034A8354034A72
:10CAD0008354704728CB02001D0200001D03000094
:10CAE00010B5054C2000FFF7E3FF044A044920007D
:10CAF00004F0DAFE10BDC046084600200000002009
:10CB000035B901007047704770B504000E0004F09D
:10CB10009FFA050004F09CFA401BB04205D223683E
:10CB20002000DB6898470028F4D070BD144B13B583
:10CB30001878002801D101F005F9002001F0EAF889
:10CB400001F05EF900214A2001F076FB01F080F946
:10CB5000002001F0DFF801F053F96A466B46D41D5E
:10CB600000220121063322704A202200197001F0B0
:10CB7000F8F901F06DF920784342584116BDC046DE
:10CB80004649002010B5002001F0DCF8FFF7CEFF89
:10CB900010BD0000124B07B51878002801D101F034
:10CBA000D1F8002001F0B6F801F02AF900214B205D
:10CBB00001F042FB01F04CF9002001F0ABF801F06C
:10CBC0001FF96A466B4600200121073206331070B8
:10CBD0004B30197001F0C5F901F03AF907BDC046B4
:10CBE0004649002010B5FFF7D5FF10BD134B37B5F0
:10CBF0001878002801D101F0A5F80025002001F0E7
:10CC000089F801F0FDF86B4629004C209C1DDD8061
:10CC100001F012FB01F01CF9280001F07BF801F093
:10CC2000EFF86B46022205331A70012122004C20D6
:10CC300001F097F901F00CF920883EBD464900202B
:10CC400010B5FFF7D3FF10BD164B37B505001878A8
:10CC50000C00002801D101F075F8002001F05AF80D
:10CC600001F0CEF801214E2001F0E6FA0122022166
:10CC700001A8048001F04DF901F016F901F0E8F87F
:10CC8000002001F047F801F0BBF86B469C1D002323
:10CC9000290022004E20238001F075FA01F0D8F817
:10CCA00020883EBD46490020012307B55B42012193
:10CCB00001A80193FFF7C8FF01980EBD164B37B5C9
:10CCC000050018780C00002801D101F03BF8002085
:10CCD00001F020F801F094F801214D2001F0ACFAA8
:10CCE0000122022101A8048001F013F901F0DCF80F
:10CCF00001F0AEF8002001F00DF801F081F86B466C
:10CD00009C1D0023290022004E20238001F03BFAC5
:10CD100001F09EF820883EBD46490020012307B55A
:10CD20005B42012101A80193FFF7C8FF01980EBDE6
:10CD30001A4B73B5050018780C00002801D101F0DA
:10CD400001F8002000F0E6FF01F05AF801214F2021
:10CD500001F072FAA1B20122280001F046FA03267E
:10CD600006342500354003D001F09EF80134F8E781
:10CD700001F06EF8280000F0CDFF01F041F86A469E
:10CD80006B460121941D0533D5804F202200197078
:10CD900001F0E7F801F05CF8208876BD46490020F4
:10CDA00010B508001100FFF7C3FF10BD024B034A86
:10CDB000083313607047C046F0CB020028490020BA
:10CDC000704770478180C2807047018170478172CF
:10CDD0007047807A431E9841C0B27047704710B5C3
:10CDE000040004F02FFA200010BD0000F0B5A5B03B
:10CDF00002931B7807000C00012B00D095E003681C
:10CE00005B6A9847CD4B03901D68CD4B1E68002888
:10CE100000D174E0BB7A012B01D90023BB7205AFAE
:10CE2000380000F025FD0121380000F036FD2B0010
:10CE30003A7886331A703A7806A85A70029B013302
:10CE40000393997800F00DFB039B0CAA9B782100BB
:10CE50001370039B28005B785370029B5B78937080
:10CE60002B685B6F98472B6821009B6E280002930C
:10CE7000FDF72AFD01220243029BD2B221002800C5
:10CE800098470722002114A808F0C5FC4821022376
:10CE900002AA52181370043102AA52180E331370EA
:10CEA00033683000DB6E9847492202AB9B1818703C
:10CEB000336830009B6E984707AB1870180000F07D
:10CEC000FEFA4B2202AB9B181870380000F0D3FC1E
:10CED0004D2202AB9B181870380000F0CCFC4E229B
:10CEE00002AB9B181870336814AA943300921D6823
:10CEF0000622072321003000A84725B0F0BD4821B5
:10CF0000904B02AA52181380336814AA00929433EB
:10CF10001F680622022321003000B84721002800A4
:10CF20002B68039A9B6E9847E7E7042B6CD1844BE0
:10CF300002991D6801312B002A00A333933208782F
:10CF4000013B587001319A42F9D107AE11220021FC
:10CF5000300008F060FC2A000423A432170033706C
:10CF60000C3311780132F154013B002BF9D12B68BD
:10CF7000009694331E680622112321002800B04732
:10CF80001F23281D0CA914AA06785E5406004036FB
:10CF9000367801309E54013BF6D22B0006AE019646
:10CFA00000979433684800F03FFCB0787378000233
:10CFB0001B04C018F378C01833782E00FC3637688D
:10CFC0001B061818002F04D0604905F035F808003A
:10CFD000B8477368002B00D18FE79847061E00D032
:10CFE0008BE75B4B05AA13802B68009294331F6874
:10CFF0000622022321002800B84732004F4B186850
:10D0000003689B6E21008EE7022B00D175E7052B8C
:10D0100005D14A4B0022186803689B6EF2E7082B83
:10D020000DD1464B02991B6801311A0087339732A4
:10D030000878013A507001319A42F9D15DE7092B25
:10D0400021D1043B14AD029AD21AD2795A55013B30
:10D05000F9D23B4B02991C68384B20681A68497812
:10D060001300983200928833066F2A002000B047E0
:10D070002300F4331B68002B00D13EE72100280079
:10D08000DA31984739E70C2B29D1029B2022591C11
:10D0900014A808F0A4FB0299202221311CA808F052
:10D0A0009EFB264B21001D682B6828009E6EFDF715
:10D0B0000BFC022202432100D2B22800B047204BD1
:10D0C00014A91C684022201D08F089FB236821490F
:10D0D000A4331D68002320001A00A8470DE70D2B7C
:10D0E00000D00AE70C3B14AD0299EA1AC95C01337F
:10D0F0001174112BF8D1114B21001E683000FDF77F
:10D10000E3FB10223368024302909B6ED2B22100EF
:10D1100030009847029B1B0709D4094B10221B685B
:10D12000290018008430029308F059FBE5E63B68BB
:10D130002A009B6A210038009847DEE618C90200E1
:10D14000BCCA0200050500003849002040420F001B
:10D15000050C000025200000F0B5584BA7B01E6854
:10D160000FAD336809921B6F2A0030000F009847FB
:10D17000534B1C68236820005B6A984721002520D8
:10D1800004ABD4310622C01808F029FB242204ABDA
:10D190009B1800221A702300210094330793103348
:10D1A00008933633039311AB02930DABB431019363
:10D1B0000095089B0CAD079A424800F0A9FA03229B
:10D1C0000021280008F027FB236820009B6E984769
:10D1D00021AB1870180000F072F928702368200045
:10D1E000DB6E9847A870002533680BAA9B6F390047
:10D1F000300098472B00642104AA5218535501357A
:10D20000102DF8D115AB04930DAB03930FAB029324
:10D210000BAB01931DAB0093079A089B11A92948FA
:10D2200000F0D0FA19AB04930FAB03930DAB02934C
:10D230000CAB01931DAB0093089A079B11A92148E1
:10D2400000F0C0FA2A00099915A808F0B9FA21AD32
:10D25000002821D10D232B70542104AA5218125CEE
:10D260002B1A01301A741028F6D1236800959433D4
:10D2700006221D68390011232000A847390030001C
:10D28000FDF722FB2022336802439B6ED2B23900A5
:10D290003000984727B0F0BD02220B49280008F063
:10D2A0009EFA2368009594331D68062202233900F4
:10D2B0002000A847336800229B6EE8E718C90200E7
:10D2C000BCCA0200384900201CCC020070B586B0F0
:10D2D0000BAB0DAC1B882688012A24D18588002D34
:10D2E00006D0C488002C03D0AB421ED3A3421CD866
:10D2F0001C0000220089002801D0864202D1002AA9
:10D3000011D03000002503AA9380094B1581094DE7
:10D3100050811868D48003950368009294331C6888
:10D3200005220C23A04706B070BD2B00E2E7C046E3
:10D33000BCCA02001201080073B5032A10D9DC78B8
:10D340009D7824022C43251DAA4209D11E785A78C3
:10D350001D1D122E05D1E3B204680095E46AA047B2
:10D3600073BD132EFCD1E3B204680095246BF6E77D
:10D37000F0B587B00F000C9C072B4FD9002104ABF0
:10D38000998013311970113959805A708588002D90
:10D3900010D0C18800290DD062782678120232435D
:10D3A000954205D8E278A57812022A43914201D22B
:10D3B00001229A800189002907D0E279A07912021E
:10D3C0000243914201D001229A80154B04AA1D68A4
:10D3D00003922B68009294331B6805221E003900CB
:10D3E00006232800B047039B9B88002B16D1E378C7
:10D3F000A2781B0213436278217812020A43E17972
:10D40000A6790902314328680191617926790902D8
:10D4100031430091846D39002800A04707B0F0BD6A
:10D42000BCCA0200044B083303600023436003813D
:10D43000013383727047C04624CC020010B5054CFE
:10D440002000FFF7EFFF044A0449200004F02CFA03
:10D4500010BDC0462C49002000000020C1CD0100B5
:10D46000704701707047027810B513000124A34380
:10D47000002901D023001343037010BD027810B5BA
:10D4800013000424A343002901D023001343037095
:10D4900010BD027810B513000824A343002901D061
:10D4A00023001343037010BD027810B5130020242D
:10D4B000A343002901D023001343037010BD00785B
:10D4C0007047002070B504008025834205DD0E5CA6
:10D4D000165401301028F8D170BD834201D1D554C3
:10D4E000F7E71454F5E70000F0B587B003930F2376
:10D4F00000240E00170002AA9B181C70164B1B6814
:10D500000293029B039A1B6800921D6E0F2302AACE
:10D510009B1831003A000298A847012814D01E2C0D
:10D5200018D00E4B01341D682B682800DB68984723
:10D53000C82003F0C3FD2B6828009B68984764202F
:10D54000604303F0BBFDDCE71E3C2000441EA0410D
:10D5500007B0F0BD0020FBE7BCCA020054C70200C0
:10D5600070B51D0000231C0088B06E469C55013329
:10D57000102BFAD1137804AC73735378B373937888
:10D580006A46F3732300FFF7AFFF0120637B2B7024
:10D59000A37B6B70E37BAB7008B070BD00200F23E2
:10D5A00010B5CC5C64002043D054C85CC009013B7A
:10D5B000F7D210BD002030B50C5C155C6C401C54DB
:10D5C00001301028F8D130BD70B51E0000230400D2
:10D5D00018008CB0150004AA98540133102BFBD10D
:10D5E0006B462000FFF780FF6B461B787F2B0ED821
:10D5F0002A0069462000FFF7D1FF2B787F2B12D835
:10D60000320029002000FFF7C9FF0CB070BD08AA46
:10D6100069462000FFF7C2FF2B00094A08A9200035
:10D62000FFF7C8FFE9E708AA29002000FFF7B6FFC7
:10D630003300034A08A92000FFF7BCFFE5E7C04616
:10D640007C260020F0B51C009BB0019216AB12AAFC
:10D6500006000091FFF7B8FF22000F230F32D51705
:10D660001D40AD182D1126D01C4225D1019B691EED
:10D670000901591812AA0AAB3000FFF79BFF0023DB
:10D680001A0002A95A540133102BFAD100276B1E3D
:10D6900002ACBB4224DD019B3A019A18210006AB83
:10D6A0003000FFF787FF230006AA00993000FFF73C
:10D6B0001BFF0137EBE70125144B234004D5102451
:10D6C000013B644223430133019A691E0901511849
:10D6D00030000EAAFFF7F5FE0AAB16AA0EA9CBE79B
:10D6E00006AB0AAA21003000FFF764FF230006AA58
:10D6F00000993000FFF7F8FE00231A5D2099CA5404
:10D700000133102BF9D11BB0F0BDC0460F000080D3
:10D71000F0B510259BB0029129490CAC060017000A
:10D7200013312A0004A8039308F059F83522002188
:10D73000200008F070F862232D2063701233A3706C
:10D74000083BE370073B237102AB2A003900C01885
:10D7500008F045F83D2002AB2A000399C01808F0F4
:10D760003EF84D2002AB093D2A002099C01808F070
:10D7700036F82A00219917A808F031F85B2302AA8D
:10D78000063D08AF9B181D70029A04A9300000974F
:10D790002023FFF757FF229B22000093390030001F
:10D7A0003523FFF74FFF239B2570300000932200A5
:10D7B00035233900FFF746FF28001BB0F0BDC046F7
:10D7C00060CC0200F0B510241F0095B005000E00DB
:10D7D00003A81100220008F002F82200390007A86F
:10D7E00007F0FDFF22001A990BA807F0F8FF1B991C
:10D7F00003220FA807F0F3FF3F20093C22001C99E9
:10D80000684407F0ECFF462022001D99684407F0A9
:10D81000E6FF1E9B2800009303AA41233100FFF777
:10D8200011FF012015B0F0BDF0B5202417001E0037
:10D8300005009BB0220006A807F0D1FF22003900A6
:10D840000EA807F0CCFF2099102216A807F0C7FFFA
:10D8500002AB009306AA502331002800FFF7F2FE26
:10D86000042205A9219807F0BAFF01201BB0F0BDE2
:10D870000023037070470078704701230078184038
:10D88000704700788007C00F704700784007C00FCE
:10D89000704700780007C00F7047027810B513007A
:10D8A0000224A343002901D023001343037010BDB9
:10D8B000704710B5040003F0C5FC200010BD000047
:10D8C00010B5044B04480833044A0549036003F0CB
:10D8D000EBFF10BDE4CC02003C490020000000201A
:10D8E000B1D801000023037070470000044B10B54D
:10D8F0001B68002B00D098470122024B1A7210BD02
:10D900004049002000140040037813B5002B28D0B4
:10D91000144B994200D219000023684600910193EC
:10D9200007F012FE0F2102694369C46801320A4000
:10D93000643B103192050C409B066404134323435F
:10D940003F248268114042680903224092010B4340
:10D950001343026822401343034A1361937ADB099D
:10D96000FCD113BD80436D3800140040094B0A4AB6
:10D970009A605A7852B2002AFBDB084A5A605A78F9
:10D9800052B2002AFBDB064A5A805A78D209FCD1EF
:10D990007047C046000C0040020400000203110062
:10D9A000044200000378002B05D0034B034A5A8041
:10D9B0009A7AD209FCD17047001400400080FFFF22
:10D9C00000B58BB0FFF7EEFF01220F4B52421B69EF
:10D9D00009920022089207929A0E643206929A01E6
:10D9E000120F013A05929A02D20E0492DA03D20E75
:10D9F00003921A059B06920E9B0E01A802920193B8
:10DA000007F0DCFF0BB000BD001400400221044B06
:10DA10001A888A431A809A7AD209FCD17047C04684
:10DA2000001400400222044B19880A431A809A7A93
:10DA3000D209FCD17047C046001400400122044BBB
:10DA400019880A431A809A7AD209FCD17047C046D5
:10DA5000001400400121044B1A888A431A809A7AE4
:10DA6000D209FCD17047C046001400402023F7B50E
:10DA70000026294A0F00916905000B439361274C4A
:10DA8000B7420BD1264B3E001A7870231A4205D0BC
:10DA900023881B0702D50126236901932800FFF77D
:10DAA00065FF2800FFF7B2FF2800FFF7C7FF638874
:10DAB0001C4A134063801C4B2380A37ADB09FCD1F2
:10DAC000C0211A4A08331360890053581B021B0AED
:10DAD00053500123E27913430722E371237F9343D9
:10DAE0002377A37ADB09FCD12800FFF79BFF2800EE
:10DAF000FFF7B0FF002F0BD1002E09D0019B002BA8
:10DB000006D02361A37ADB09FCD101332B70F7BD6A
:10DB10008423DB03F5E7C046000400400014004006
:10DB200038040040FFBFFFFF080A000000E100E0EA
:10DB30000022014B1A70704744490020034AD379F0
:10DB4000DB09FCD1A53313727047C04600100040BA
:10DB50000221064B1A788A431A70DA79D209FCD16D
:10DB6000997901320A439A717047C046001000400B
:10DB70000D4B0E4A30B59A600D4A5A605A78D20958
:10DB8000FCD10C4A0C495A800422CA67C021C02427
:10DB90000A4B49005A50A4001959094D29401951FE
:10DBA0001A600123037030BD000C00400204000025
:10DBB000020311000342000004E100E000E100E084
:10DBC000FFFF00FFF8B5037806000D001700002BDB
:10DBD00001D1FFF7CDFF0023474C2370E379DB0928
:10DBE000FCD1464B9D4250DC002D4ED0AD022800AA
:10DBF000FA21F530FF30890004F022FA404B9842B8
:10DC000047DC404B984248DC3F4B984249DC3F4B55
:10DC100098424ADC3E4B98424BDCFF284DDC7F2883
:10DC20004FDC3F2850DC1F2851DC0F2852DD102527
:10DC3000FF3BFF3B0F2101220B40002F4DD06079AD
:10DC40001B01024362710B226078884302436270B9
:10DC5000627811400B4363700423227813432370CE
:10DC6000E379DB09FCD13000FFF768FF022322785B
:10DC700013432370E379DB09FCD1FA208023800071
:10DC800068439B00C0188012F8BD80250B23ED016E
:10DC9000D0E780250A23AD01CCE7802509236D015B
:10DCA000C8E7802508232D01C4E780250723ED0060
:10DCB000C0E780250623AD00BCE7802505236D0065
:10DCC000B8E704238025B5E703234025B2E7022304
:10DCD0002025AFE700230825ACE720790243227115
:10DCE00062788A431343042263702378934323703A
:10DCF000E379DB09FCD1B6E7001000407F3E00006D
:10DD0000FF1F0000FF0F0000FF070000FF030000DF
:10DD1000FF01000010B5040003F09AF9044B1878D5
:10DD200003F0FCFC002802D0002CF7D0F4E710BD73
:10DD30008C26002010B51A2003F0F0FC431E9841F9
:10DD400010BD0000F8B5274B1B78002B01D0002830
:10DD500047D01823244E254F3370254C04333B7095
:10DD6000013B237000F0F4FB224D1A2804D8012354
:10DD70002B702378DB4323703078012103F056FCAD
:10DD80003878002103F052FC2078012103F04EFC8A
:10DD900001211A2003F04AFC01211A2003F092FC11
:10DDA0003078012103F08EFC2978207803F08AFC7A
:10DDB0000A2003F083F9297801252078694003F0CF
:10DDC00081FC0D4803F07AF900211A2003F07AFC57
:10DDD00000211A2003F02AFC084800F029FB014B1F
:10DDE0001D70F8BD464900208E2600208C2600209C
:10DDF0008D26002045490020EE02000068490020E1
:10DE000013B500246B466A461C7101235371019AB5
:10DE10000B490C4800F034FB0B4B2100187803F041
:10DE200051FC03F015F90400084B187803F076FC58
:10DE3000012804D003F00CF9001B0428F4D913BD09
:10DE400000127A00684900208E2600208C260020CF
:10DE500010B5044B0121187803F034FC024800F09F
:10DE60008FFA10BD8E2600206849002007B56B464A
:10DE7000D871D9790248C9B200F00AFA0EBDC0467D
:10DE80006849002010B50400FF20FFF7EFFF207065
:10DE900010BD70B50C0005000800FFF7F3FF2078F7
:10DEA000401B4342584170BD13B56B46DC1D002337
:10DEB00020002370FFF7E6FF207816BD70B505003F
:10DEC000084CFFF7F1FFEF2808D0013C002C01D0EF
:10DED000A842F6D1401B4342584170BD0120404248
:10DEE000FBE7C046E903000070B504000D00002008
:10DEF0001600FFF7BBFF6519AC4204D02078FFF78E
:10DF0000B5FF0134F8E7012E02D1EE20FFF7AEFF96
:10DF100070BDF8B5050008000E0017002C00FFF7D3
:10DF2000A5FF631B9E4204DD2078FFF79FFF0134AD
:10DF3000F7E7012F02D1EE20FFF798FFF8BD10B5EB
:10DF40000400000AFFF792FFE0B2FFF78FFF10BD59
:10DF500010B50400FF20FFF789FF002C00D02070CF
:10DF600010BDF0B585B01F0002ABDC1D002305001D
:10DF7000E020019116002370FFF7A0FF002802D1D6
:10DF8000002005B0F0BD2000FFF77CFF8022237841
:10DF90001543AB42F4D12000FFF774FF2378019AB8
:10DFA0009342EDD13800FFF7D3FF35003A78AB1B31
:10DFB0009A4204DD2800FFF765FF0135F6E72100EE
:10DFC000EE20FFF766FF0120DBE7F7B56B46DC1DAF
:10DFD00000230500E0200E0017002370FFF76EFFFE
:10DFE000002801D10020FEBD2000FFF74BFF80225A
:10DFF00023781543AB42F5D1FFF756FF00280DD02B
:10E000003800FFF7A5FF35003A78AB1B9A4205DDD3
:10E01000FF20FFF72BFF28700135F5E72100EE20E8
:10E02000FFF737FF0120DEE7F0B587B004ABDE1D58
:10E0300000230500E020039114003370FFF73EFF3A
:10E04000002802D1002007B0F0BD3000FFF71AFF12
:10E05000802233781543AB42F4D1FFF725FF0190BE
:10E060000028EFD005234343E3180293029B9C4210
:10E070001AD0FF20FFF7FAFE002720702378BB425A
:10E0800010DDA37865781B022B43E578FF202D0473
:10E090002B4325792D061D43FFF7E8FEED19287067
:10E0A0000137EBE70534E1E7019B039A9342C9D1BD
:10E0B0003100EE20FFF7EDFE0120C4E7F0B5A7B078
:10E0C0001F0004ABDD1D0023060002912B7006AC7F
:10E0D000590198005118013301510A2BF8D1E02061
:10E0E000FFF7ECFE002802D1002027B0F0BD280089
:10E0F000FFF7C8FE80222B781643B342F4D1FFF716
:10E10000D3FE031CB84200D93B1CDAB20192029A3A
:10E110001370019B002B1BD00027019BBB421CDD11
:10E12000FF20FFF7A3FE0026039023689B190293AC
:10E13000039BB34206DDFF20FFF798FE029B0136EA
:10E140001870F2E70023029A013713700434E4E7F1
:10E150002900EE20FFF79DFEC6E72900EE20FFF71D
:10E1600098FE0120C1E770B50500FF20FFF77EFE95
:10E170000400FF20FFF77AFE2402204380B2002D26
:10E1800000D0288070BDF0B5002485B002AB070038
:10E19000DD1DE020019116002C70FFF78FFEA042DC
:10E1A00002D1002005B0F0BD2800FFF76BFE8022F1
:10E1B0002B781743BB42F4D1FFF776FE00280ED030
:10E1C0003000FFF7D0FF3388A34208D9019BFF201E
:10E1D0001F19FFF74BFE01343870A4B2F3E7290092
:10E1E000EE20FFF756FE0120DCE770B504000D00BD
:10E1F00008001600FFF7A3FE6519AC4204D0207892
:10E20000FFF734FE0134F8E7012E02D1EE20FFF7CC
:10E210002DFE70BD70B5040002200D00FFF726FE34
:10E22000200AFFF723FEE0B2FFF720FE012D02D106
:10E23000EE20FFF71BFE70BD70B50400E0200D005E
:10E24000FFF714FE7F202040FFF710FE2800FFF7A5
:10E250000DFE002D02D1EE20FFF708FE70BD70B557
:10E2600006000C008D18AC4207D0336821789B68FB
:10E270003000984720700134F5E770BD7047704753
:10E2800010B50400406800F095FA0023237610BD15
:10E2900010B5406800F0B3FA10BDF8B5050040684D
:10E2A0000C0000F0A7FA2B68E7B2260A9B68012849
:10E2B00010D139002800FF2798472B68BC4304433E
:10E2C0009B6831002800984703022000384018431B
:10E2D00080B2F8BD310028009847FF262B68000265
:10E2E000344004439B68390028009847B4432043D6
:10E2F000EEE710B5040002F0A5FF200010BD0000FD
:10E3000010B54B1C0BD0102909D0EFF3108472B656
:10E31000102905DD02234376002C00D162B610BD22
:10E320000123427E1A43427618224A43044989183F
:10E3300016228A569340C2691343C361ECE7C04674
:10E3400034CD02004B1C17D0102915D0437E9B07FB
:10E3500012D4EFF3108272B618234B430749C91841
:10E360000123897D49B28B40C1699943C16100D1C4
:10E370004176002A00D162B67047C04634CD020013
:10E38000437E002B05D09A0704D5837E002B00D056
:10E3900062B67047DB07FCD5C369024A9BB2D36003
:10E3A000F7E7C04600180040037E002B04D14376F7
:10E3B0008376C36101330376704700007FB503693C
:10E3C00002AE04000D00029172608B4203D1828A7A
:10E3D000B3889A4226D0200006223100103007F080
:10E3E000FEF9606800F0FDF97379E17A013B581E8F
:10E3F0008341227B00936068002300F08FFB337918
:10E400000021013BDBB2022B01D8074AD15C074B4C
:10E410002A009D4200D91A00606800F0B3F96068D4
:10E4200000F0D5F97FBDC046F4CC0200001BB70058
:10E4300070B518260400FFF7B7FF33000821207AD3
:10E440000D4D4343EB18595603F080F93300082172
:10E45000A07A4343EB18595603F078F90821607A03
:10E460004643AD19695603F071F9044B200006CB01
:10E47000FFF7A4FF70BDC04634CD020088490020DC
:10E4800007B5437E00910192002B07D09A070AD569
:10E49000EFF310835A425341837672B60099019A82
:10E4A000FFF78CFF07BDDB07F8D5C369014A9BB2B4
:10E4B0009360F3E700180040F7B500240125194BDD
:10E4C000194A5D711A601C71184B19480833019381
:10E4D0000360184B184F4360184B194E03810D23EE
:10E4E0003A00310045750461047583720A3B047675
:10E4F000C472037303F0D8F91248134B019A4360B6
:10E50000124B4575038119233100026004613A0002
:10E5100004758372163B05730476C37203F0C4F965
:10E52000F7BDC0468849002000093D00F8CC020034
:10E530004849002064500020000000200C0B00001F
:10E540007FE20100684900206C500020171600008F
:10E550002120704710B501211A2003F067F801212E
:10E560001A2003F0AFF801211B2003F05FF800210F
:10E570001B2003F0A7F810BD10B5024801F0A7FE5C
:10E5800010BDC0469049002010B5024801F09FFE22
:10E5900010BDC046D44B002010B5024801F097FED4
:10E5A00010BDC046184E0020F0B51F4985B01F4869
:10E5B00000F058F81E491F4800F054F81E4D1F493E
:10E5C000280000F04FF81E4E1E49300000F04AF8B7
:10E5D0001D491E4800F046F81D4F1E49380000F046
:10E5E00041F8012403233900009301942300002201
:10E5F000194801F0E5FD00233100019300941D331B
:10E600001E22164801F0DCFD19230393013B0293FF
:10E61000163B01930094143317222900104801F08F
:10E620008BFD05B0F0BDC046000800425C500020E4
:10E63000000C0042645000206C500020001000428A
:10E640007450002000140042001800427C5000204A
:10E6500084500020001C004290490020D44B002030
:10E66000184E002000230371016070479446F0B5F6
:10E670009E1E721E96416246056892072F683606F6
:10E680003A4332432A60072505AC24780068A40188
:10E690002940214342680024022B00D05C0311432F
:10E6A00021434160F0BD30B5C0250368AD031C684F
:10E6B00012052A402243C0240904A4022140114328
:10E6C000196003685A6814435C6030BD0123026816
:10E6D00011680B43136003681A68D207FCD4DA6927
:10E6E000D207F9D470470223026811680B43136004
:10E6F0000268D3699B07FCD470470268137E9B07AE
:10E7000002D40379002BF9D1002303717047002252
:10E7100003685A8370470368187E4007C00F70472C
:10E720000368187EC0097047802302685B42117E2F
:10E730000B43137670470368588B8007C00F7047F0
:10E7400002230268518B0B43538370470368187E82
:10E75000C007C00F70470368188DC0B270470368C8
:10E760001A7ED207FCD589B21985012303711800DE
:10E770007047012203689A757047012203681A7571
:10E780007047000070B5012604684B0833403140E3
:10E79000256809075B070B432B432360046851007E
:10E7A000034803F0C3FB0138C0B2207370BDC046FC
:10E7B000006CDC020123026811680B4313600368DC
:10E7C0001A68D207FCD4DA69D207F9D47047022359
:10E7D000026811680B4313600268D3699B07FCD47D
:10E7E00070470368DA699207FCD402211A688A43E9
:10E7F0001A607047036818684000C00F70470268CD
:10E80000936A5B0A5B021943916203681A7E52079E
:10E81000FCD5986AC0B270470123026811680B43A7
:10E82000136003681A68D207FCD4DA69D207F9D4F6
:10E8300070470223026811680B4313600368DA69AA
:10E840009207FCD430215A8B8A43110010220A43CC
:10E850005A830268D3695B07FCD4704702210268BF
:10E8600013688B4313600268D3699B07FCD470471D
:10E8700080230268DB02116851680B4353607047C4
:10E88000036803491A685A680A405A607047C046CC
:10E89000FFFFFBFF032230B5036811401C68074DE2
:10E8A0005A6809042A40E4061143640F5960052C94
:10E8B00003D10268D3695B07FCD430BDFFFFFCFFC6
:10E8C00070B5056804006B8B9B069B0F022B0DD067
:10E8D0006B8B00209B069B0F032B32D06B8B9B070F
:10E8E00004D56B8B9B069B0F012B2AD16B6A4900C9
:10E8F0001143DB0AC9B2DB020B436B622368002AB7
:10E9000013D11A7ED207FCD55B8B9B069B0F022B83
:10E9100004D0490800222000FFF7D2FF2368588B5B
:10E920004007C30F012058400BE0187E8007C00F3E
:10E93000F4D11A7ED207F8D5C022596892020A4350
:10E940005A6070BD0368283319700268107EC007D2
:10E95000C30F508B002B06D1C007C00F08D1538BBB
:10E960009B07F3D570474007C30F01205840F9E7D4
:10E970001800F7E7036828331970036800201A7E2F
:10E98000520704D5588B01234007C00F58407047E9
:10E9900003681868C006400F043843425841C0B2AB
:10E9A00070470368588B8006800F023843425841F5
:10E9B000C0B270470368187E4007C00F70470368F5
:10E9C000187EC007C00F70470368588BC006C00F81
:10E9D00070470368187E8007C00F70470368588B24
:10E9E0000007C00F704703681A68D206520F052A45
:10E9F00005D11A7E920702D41A7ED207F9D52833A0
:10EA00001878C0B2704700000368214A30B59342BD
:10EA10002FD0204A93422FD01F4A93422FD01F4A13
:10EA200093422FD01E4A93422FD01E4A93421FD1A9
:10EA30000E2319220121032599401B48C02401609F
:10EA400099082B40AB40FC359D4089000918A40073
:10EA50000859A843C0259D402B0003430B51802338
:10EA6000DB011A43114B5A805A7852B2002AFBDB61
:10EA700030BD09231422DDE70A231522DAE70B2330
:10EA80001622D7E70C231722D4E70D231822D1E74B
:10EA900000080042000C0042001000420014004236
:10EAA00000180042001C004200E100E0000C0040A1
:10EAB000F8B504000F0016001D00FFF7A5FF2000A9
:10EAC000FFF704FE1C21BB000B4071072268090CF4
:10EAD0000B431360842322689375012F1AD11021F0
:10EAE000012E00D008390C4B69431868C00003F0B0
:10EAF0001DFA0722216802408B895203DB04DB0CDC
:10EB000013438B81226803049089DB0C400B400384
:10EB100018439081F8BDC04698260020F7B506003E
:10EB2000019308AB1F780D001400FFF743FE30007F
:10EB3000FFF76AFFC022240592031440BA070C278E
:10EB400017433C43C0270722BF022D0433683D40D2
:10EB500025431D60019B316813401A0080239B02EE
:10EB600013434B60F7BD70B504000D001600FFF7AE
:10EB70004BFF2000FFF750FE1C2221686D000B6840
:10EB800093431A0010231343FF220B6023681540A0
:10EB90005D62002E04D001232268516A0B43536248
:10EBA0000723226893752268D3695B07FCD470BD84
:10EBB000F8B504000F00FFF727FF2000FFF72CFE39
:10EBC0001422236879001A600C4B25681E683000F7
:10EBD00003F0ACF90A490400300003F0A7F97D23E3
:10EBE000FA215843C90003F0A1F9FF23241AE86869
:10EBF000053C1C4098430443EC60F8BD9826002077
:10EC000040420F000020704770B50F26CB1D013920
:10EC100002003240D5B22C0000093034092A00DD50
:10EC200007341C70013B8B42F2D170BD10B50C0053
:10EC30000B4B1868FFF7E8FF21000A4B08311868F2
:10EC4000FFF7E2FF2100084B10311868FFF7DCFFE7
:10EC50002100064B18311868FFF7D6FF202010BDA1
:10EC60000CA0800040A0800044A0800048A080004C
:10EC700008B4024B9C46103808BC60472DEC0100DC
:10EC8000704770473F20704713B56B460268D971D3
:10EC90000733546819000122A04716BD70B50A2633
:10ECA0000B7892B06E44023305000B703C220021B9
:10ECB000300006F0B0FD394801AC069038482421F8
:10ECC0000790062020776846364AA1742281364A8A
:10ECD000364BA281FD3AFF3A8018C1776846233946
:10ECE0000630C17768460730C17702A8C177072090
:10ECF000F277032608316944C87703A9CE7710213B
:10ED00002B366E443170092621851F3169440E70FF
:10ED10000CA9053E0E7033212380022369440B7039
:10ED200006360DA90E7022493536A1863B216E4468
:10ED3000307010A86274E27702703D3269446A4410
:10ED40000B70137040210022E37023716371A37371
:10ED500041336B44218719705A702B7DC039A370E1
:10ED6000A37263770133DBB2A3776A7D0B200D00BA
:10ED700068441543C5773120684403703A23501C1A
:10ED80006B441870412302320A436B441A7021000D
:10ED90004222084800F004FD12B070BD10010424A6
:10EDA000020605240904000001020000080B00000F
:10EDB00007050000F050002008B4024B9C461038B4
:10EDC00008BC60479DEC0100F8B5027D0B7904009A
:10EDD0000D0000279A420CD10B784E78A12B0AD156
:10EDE000212E06D10100072234311C4800F0D8FC46
:10EDF00001373800F8BD212BFBD1202E23D1010093
:10EE000007223431154800F00DFC9623626BDB00BD
:10EE10009A421FD13B342378DB071BD4FA2002F03F
:10EE2000F5FC00210D4800F0C3FD0127232EE0D1A1
:10EE3000EB78AA781B021343094A002107481360A4
:10EE400000F0B6FDD5E7222EEFD103008A783B33E0
:10EE50001A70DAE702F0E4FCE3E7C046F050002065
:10EE60009026002008B4024B9C46103808BC60472E
:10EE7000C9ED010010B534300822002106F0CBFCAA
:10EE800010BD000010B5417D006A013100F002FBA9
:10EE9000034B1B6801335A1E9341181810BDC0461E
:10EEA0009426002010B5417D006A023100F008FB75
:10EEB00010BD10B5417D006A023100F0CFFA10BDDF
:10EEC00070B50D00417D0400130002312A00006A74
:10EED00000F0BCFB002801D10123636070BD00007D
:10EEE00010B5054C23685A1C04D103685B69984728
:10EEF00003002060180010BD94260020074A03007C
:10EF0000106810B5411C03D001235B42136010BD93
:10EF1000597D186A013100F049FBF8E7942600207A
:10EF200070B5050002F094F8F423FF3300249842F2
:10EF300007D93B352C780A20631E9C41E4B202F0CD
:10EF4000BDF8200070BD002070477047704700007A
:10EF5000FA239B0010B58360114B0022C38203008B
:10EF6000283383610F4B04004260C26118005033A4
:10EF700023610830631D21622060DA770A4A2F334B
:10EF800003CA03C38323A362813BE3628033236309
:10EF900001F0E0FC2100103101F0ADFC200010BDBB
:10EFA0000302000054D002004CD00200022110B530
:10EFB000094B1A68437D5B01D318FF339C7A2143C8
:10EFC0009972437D0133DBB25B01D3180122FF3319
:10EFD000997A0A439A7210BDA855002010B50249CB
:10EFE0000248FFF7B5FF10BDF05000208C50002004
:10EFF000704710B5040002F025F9200010BD000094
:10F00000F0B5822919D1C3B2294D5A01AA189169C4
:10F01000284C80010C40C02189052143916126497B
:10F02000083340187021506128685B011A5C8A43DC
:10F03000110030220A431A54F0BD0029FCD1C02629
:10F04000C1B21B4C4B01E3189A681A4DB6052A4011
:10F0500032439A60194A800182185A600A000727D1
:10F06000246808325201115DB9430F000121394370
:10F0700011559F6910493D4040182E439E615861CB
:10F080007020115D814308001021014311559968DA
:10F090000B48A218084080214903014399609968F0
:10F0A000890B89039960402311790B431371C3E7DE
:10F0B000A8550020FFFFFF8F1C510020DC520020CC
:10F0C000FF3F00F0EFF3108303600123436072B64B
:10F0D00070470368002B02D162B6BFF36F8F704791
:10F0E00073B5836D0400002B1BD10600A83635785C
:10F0F0006846FFF7E7FF019BEDB2013B02D335788D
:10F10000EDB2FAE768460193FFF7E3FF002D01D166
:10F11000002076BD2300A4331868A0342368C01AE9
:10F12000F7E76846FFF7CEFF22000025019BF43287
:10F13000013B02D31578EDB2FAE768460193FFF779
:10F14000C8FF002DE4D02300F0331868EC34E5E765
:10F1500010B5436D4468DBB25A01A21891680948A2
:10F1600008330840802149030143916091685B01A5
:10F17000890B890391602268D318402219790A43C8
:10F180001A7110BDFF3F00F0F7B5436D4268DBB266
:10F19000190004000831106849014118C979C907EC
:10F1A00011D55B01D21893689B049B0C0CD12000F5
:10F1B000FFF7CEFF63681A68636DDBB208335B014B
:10F1C000D3187F22DA71F7BDE16D002923D1210028
:10F1D000A4310B6023000125AC33E565684653601C
:10F1E000FFF770FF260020002100019BA836013B9D
:10F1F000F430F5315A1C33D0357002785F1ED2B22C
:10F200000A700A78002A04D120000193FFF7A0FFBA
:10F21000E8E73B00EEE72100F0310B600023E365F7
:10F220002300603353606846FFF74CFF012526003A
:10F2300020002100019BF436013BA830F5315A1C17
:10F240000ED0357002785F1ED2B20A700A78002A9A
:10F2500004D120000193FFF77BFFE8E73B00EEE7D6
:10F2600068460193FFF735FFA4E737B56B46DC1D11
:10F2700000230D00237001F06DFB210001F0F8FA6E
:10F280002B681818286020783EBD00000078002800
:10F2900010D00121084B1B681A898A431A81082261
:10F2A000198B0A431A830422198B0A431A830022FA
:10F2B000024B1A607047C046A8550020A055002098
:10F2C00010B50F4A93699B0B9B039361136802224D
:10F2D000FF331A729879823A02439A711A7A920726
:10F2E000FCD57F24074A2140937A0800A3431900E4
:10F2F000802301439172917A5B420B43937210BD5C
:10F30000A85500200050004110B50C0001F022FB70
:10F31000210001F0E0FA002804D1034A93699B0B15
:10F320009B03936110BDC046A8550020F8B50D00A1
:10F33000832A19D1CBB23B4C5A01A21891693A48A1
:10F34000AD010840C021890501439161374920681A
:10F350006D187021083355615B011A5C8A431100F6
:10F3600040220A431A54F8BD022A55D1304A8B0074
:10F370009858002802D003685B699847F82001F08C
:10F3800059FF0400274E2B4B4660036040220021AA
:10F39000083006F040FA22000023A032A36465651D
:10F3A000E3642365A365E3655360D364137213605C
:10F3B00013654C3213725372FF222B001340590114
:10F3C00071188868184F08330740C02080053843FB
:10F3D0008860306807265B01195CAD00B1430E0000
:10F3E0000321314319542300616D606811404901C4
:10F3F000411860334B60616D63680A401B685201BD
:10F400009B180122FF33997A20000A439A72FFF772
:10F410009FFE074B5C51A6E711002800FFF7F0FDA7
:10F42000A1E7C046A8550020FFFFFF8F1C51002018
:10F43000F4500020BCD0020070B505000124064B3A
:10F44000A200D258002A06D0210028000134FFF77C
:10F450006DFF0A2CF3D170BDC85000200B4BCAB20F
:10F460000B488901C9185301C318596199690832B9
:10F47000890B89039961036852019A180223D37199
:10F480005179823B0B4353717047C0461C51002099
:10F49000A8550020084B8A00D05810B5002803D08A
:10F4A00003689B68984710BDC9B2044B49015918BD
:10F4B00088688004800CF6E7F4500020A8550020EE
:10F4C00010B50C00FFF7E6FF00280CD0064BE4B2A5
:10F4D0001B68083464011C19802362795B42134362
:10F4E00063710223E37110BDA8550020F0B51C0024
:10F4F0002A4B85B01B6807000D000292002B4AD0F2
:10F50000274B8A00D058002808D0036822005B6887
:10F51000029998470400200005B0F0BD3800FFF7BD
:10F52000B9FF844204D929003800FFF7B3FF040073
:10F530000121EBB21B4E03935B010193F218936818
:10F540009B0B9B039360019A336802989B18FF33CF
:10F550005A7A0A435A72144BA901C918220006F0BC
:10F560003EF9002CD7D029003800FFF793FF002880
:10F57000D1D14021039B326808335B01D31818793D
:10F58000014319710121D971019BD318FF339A7A74
:10F590000A439A72BFE701246442BCE7A0550020E9
:10F5A000F4500020A8550020DC52002013B56B4613
:10F5B000DC1D22000123FFF799FF012801D12078EB
:10F5C00016BD01204042FBE770B5CBB2124A13488A
:10F5D0005C0189018918021951609168104D083346
:10F5E0000D40802149032943402591609168890B92
:10F5F0008903916001685A018A181679354315719B
:10F6000095796D06FCD55B01C918CB79DB07FCD574
:10F6100000198068C0B270BDDC520020A8550020DF
:10F62000FF3F00F070B50D0000211400FFF7CCFF84
:10F63000A04200D9200000230349A34203D0CA5CA2
:10F64000EA540133F9E770BDDC520020F0B51E002A
:10F650003A4B85B01B680F000192002B35D08023F8
:10F66000DB019E4231D80025354B8A01D318029325
:10F67000002E2CD0334B1B680393FF233B401C0010
:10F6800000930834039B64011C19A379DB0921D082
:10F690002D4B2E49186802F049FC2D4B1721584379
:10F6A00002F044FC2B4BE279920713D4DA5D002A76
:10F6B00001D10138F7D20122DA55009B5A01214BC2
:10F6C0009B189A69920B92039A6101256D4228005A
:10F6D00005B0F0BD00221F4B3400DA553F2E09D98A
:10F6E000009B40245A01174B9B18802299691206EF
:10F6F0000A439A6122000199029806F070F8009B73
:10F70000A1045A010F4B890C9B18029A2D195A61BA
:10F710009A69361B920B92030A439A61009B039AE3
:10F7200008335B01D3180222DA715979823A0A430D
:10F730005A71019B1B1901939AE7C046A0550020FE
:10F740001C510020A85500209826002040420F00A0
:10F75000701101001151002070B50D001C000D4BFF
:10F76000AE01F61811003000220006F038F8EDB2B4
:10F7700009496D014D196E61AB69084A20001340BB
:10F78000AB61AB69A2049B0B920C9B031343AB616F
:10F7900070BDC0461C510020A8550020FF3F00F05E
:10F7A000F7B5104B01901B780F001500002B0CD102
:10F7B0000D4B16001C78002C09D00C4E0C483488D8
:10F7C0002018641906F00BF834802800FEBD002EC6
:10F7D000FBD03A19330000210198FFF7BDFF241830
:10F7E000361AF4E79C5400209D5500209E550020B9
:10F7F0009D540020F8B50F0016000024012A26D9D8
:10F80000100005F0B7FF0500380007F099FA032350
:10F8100002220130400028706B7096420DD9397871
:10F8200000290AD0531CDBB20137A9549E4203D0F1
:10F830000232EC54D2B2F0E7320029000548FFF75B
:10F84000AFFF441EA041C4B2280005F09DFF200078
:10F85000F8BDC046F0500020F0B50024012685B068
:10F86000184B0F0069461E7005000094FFF7FDFC61
:10F87000154B01A90B806A3BFF3BCB715A330B72CE
:10F88000009B8C7109334B800E4B4E7108711C70BC
:10F890003A00092F0FD00D4F09223E700C4E280060
:10F8A00000943480FFF77CFF69462800FFF7DDFCF9
:10F8B000328808493C702800FFF772FF012005B02C
:10F8C000F0BDC0469C540020090200009D55002058
:10F8D0009E5500209D54002070B5CE7892B0050052
:10F8E0000C00022E0BD18B79C9792C4809021943DF
:10F8F000FFF7B2FF411E8841C0B212B070BD01F0E7
:10F9000029F8210000F0C8FF002803D0C117081A09
:10F91000C00FF2E7012E0ED1E279A37912021A4349
:10F920001F49112A13D8D2B2002A10D02800FFF79D
:10F9300037FF0120E1E7032EDFD1A378002B08D1A8
:10F94000E279A37912021A431649032AEBD90A78FD
:10F95000ECE7022B08D1E279A379120212491A438B
:10F960002800FFF747FFC8E7012B05D1E279A3790B
:10F9700012021A430D49F3E7032BBED141220100C5
:10F9800001A805F048FF00F0E5FF01A900F094FF91
:10F99000E279A37912021A4301A9E1E7F0500020AD
:10F9A000FCD00200ECD00200D8D00200F0D002005F
:10F9B000CBB204495B01C9188B699B0B9B038B611C
:10F9C0007047C046A855002037B5050048780C00A0
:10F9D0000B2810D802F08CFA061B0F2B0F40456144
:10F9E000494C5A5D097801AA002906D102231180E9
:10F9F0002800FFF7B1FE01203EBD00231380284BF5
:10FA00001B78012B00D1137002230021F0E78A78C4
:10FA10000023012A03D101AA1380224BF0E7204AD8
:10FA20001370214A93699B0B9B039361E3E78C78E6
:10FA3000012C06D100211B4B01AA1C701170230060
:10FA4000D6E70120002CD7D1154B174A18709369BF
:10FA50009B0B9B039361CFE789782800FFF730FC6D
:10FA6000C9E72800FFF738FFC6E701230F4ACCE7B4
:10FA70000B780020DB06BFD12800FFF7DDFCA27861
:10FA80000A4B0B481A60FFF791FACAE70123094AAB
:10FA9000BBE78A78074B1A60C3E70020ACE7C04693
:10FAA0001051002018510020A8550020A05500201A
:10FAB0008C500020A45500203A4BF7B51E78050065
:10FAC000002E5FD1384C23689A8B12070DD508227F
:10FAD00031009A833000FFF793FA10222368FF3336
:10FAE000997A0A439A72314B1E6023689A8B5207A7
:10FAF00001D504229A83FF331A7A920603D5202275
:10FB0000597A0A435A721A7AD20623D569460800EE
:10FB1000274AC0CAC0C0A268920B9203A2604022CA
:10FB2000587902435A7160230A7828001A422AD170
:10FB3000FFF74AFF2368FF33002827D080229979F6
:10FB400052420A439A711A7A520603D54022597AD0
:10FB50000A435A727F2601252368FF331E722F0045
:10FB6000236808377F01DB19DB79002B07D0114BA5
:10FB7000AA00D05800280DD003681B6898470135AB
:10FB8000082DECD1F7BDFFF7BFFBD3E720210A4AD0
:10FB90009171D8E729000948FFF7D8F92368DF19E0
:10FBA000FE71ECE79D550020A8550020A0550020CF
:10FBB000DC520020F4500020FF5000418C50002007
:10FBC00010B50248FFF778FF10BDC046F050002086
:10FBD00080235B0003800023436007330372704778
:10FBE00083000148C0187047C8500020836C402B28
:10FBF00009D03F22036CC154036C013313400364EA
:10FC0000836C013383647047F7B505006846FFF7DE
:10FC100059FA00264022019B013B02D32E6D961B10
:10FC2000FAE768460193FFF754FAAB6D6846002B7C
:10FC30004FD1FFF747FA2900019BA831013B5A1C1D
:10FC40000CD00C785A1EE4B2002C05D16846019302
:10FC5000FFF73FFA2000FEBD1300F0E7684601936E
:10FC60000024FFF736FA2A002900A0321368A431D5
:10FC7000B4420ED0086898420BD92800591CEB18E2
:10FC80001160603319780830C9B2FFF7AFFF013453
:10FC9000E9E709689942DDD1002313600133AB65C0
:10FCA0006846FFF70FFA2F002A000021019BA837B2
:10FCB000013BF532581CC9D0397010785E1E0028FF
:10FCC00005D0117028000193FFF742FAEBE73300EB
:10FCD000F0E7FFF7F7F92900019BF431013B5A1CCB
:10FCE00006D00C785A1EE4B2002CAFD01300F6E711
:10FCF000684601930024FFF7ECF92A002900EC3252
:10FD00001368F031B44202D0086898421DD80968DF
:10FD100099429FD1002368461360AB65FFF7D2F983
:10FD20002F002A000021019BF437013BF532581CBB
:10FD300000D18BE7397010785E1E002811D0117049
:10FD400028000193FFF704FAEAE72800591CEB1892
:10FD50001160AC3319780830C9B2FFF747FF01349E
:10FD6000CBE73300E3E710B50400FFF74DFF206D4C
:10FD700010BD10B50400FFF747FF236D002B03D023
:10FD8000E36CE418207A10BD01204042FBE7F7B590
:10FD900017000E000400FFF737FF6846FFF792F9DF
:10FDA0003F2200259446019B013B5A1C19D0BD42BD
:10FDB00015D2226D002A12D00121226D4942002A5B
:10FDC0000AD06046E26CA218117AE26C013202405D
:10FDD000E264226D013A226571550135E7E7013B86
:10FDE000E3E768460193FFF774F92800FEBD0000C1
:10FDF000014B024A1A607047A8550020005000418C
:10FE00002023F7B5474A0500D1690F200B43D36182
:10FE1000012245490B7813430B70444B19788143F9
:10FE2000197006211C782143197041490C7822432E
:10FE30000A701A7802401A70602219780A431A7000
:10FE40003C4B3D4A5A805F78FF09FCD13B4801F0AA
:10FE5000F9F801233A4C3B4E2268300011780B43ED
:10FE6000137080223900520005F0D5FC2268937887
:10FE7000DB07FCD456621F26334B1B68590B980CCA
:10FE80009B01314030405B0FB14200D105211F285A
:10FE900000D10238072B00D1043B31408901178D76
:10FEA00001912A4930400F40019939431185118D44
:10FEB0000700B143080038431085118D1803244B07
:10FEC0007F260B4003430C2013850823D178814300
:10FED0000B430321D3702268D3788B4301390B4342
:10FEE000D370226813783340137004232268167885
:10FEF000334313702268C1241389A4008343154837
:10FF0000138103591B021B0A0351802303601378DA
:10FF100011481943012311702B700021FEF7B0FE28
:10FF2000F7BDC04600040040584400413C44004135
:10FF300059440041000C004006400000C1FB010094
:10FF4000A8550020AC550020246080003FF8FFFF3A
:10FF5000FF8FFFFF00E100E08C5000200120704780
:10FF600010B50368014A1B6A984710BD13040000CE
:10FF7000FC30006A704787239B00C018C36880204C
:10FF80004000C01A70470300FC331A6A002A03D0ED
:10FF9000DB69C018007D704701204042FBE710B5C7
:10FFA00004000069FEF792FB22000023FC329361FB
:10FFB000D361136287229200A4186360A360E36098
:10FFC00010BD872310B59B00C218D368002BFCD14D
:10FFD0000069FEF792FB10BDF02001403039484225
:10FFE00048417047F0231B011940802306209B00E5
:10FFF00099420AD00133FF330130994205D0802362
:020000040002F8
:1000000002385B00994200D0002070470F20014069
:100010000020012903D00239481E8141481C704745
:100020008B23F0B5182685B002919B000400C05CBC
:10003000330008214343324D1700EB18595601F0A5
:1000400085FB304B0821E05C33004343EB185956E5
:1000500001F07CFB2C4BE25C0393022A09D11133A3
:10006000E05CFF2805D008214643AE19715601F027
:100070006DFB8C26B600A05DFF2819D0012101F090
:10008000D5FA1822A35D21495A43AB56AD18DB01BE
:1000900058188D21890060501D4901225B188E215E
:1000A0008900635069688A408F21890062501A6014
:1000B0000122029B11002069FEF7FAFC39002000A2
:1000C000FFF790FF390005002000FFF79FFF390080
:1000D00006002000FFF780FF330000902900206910
:1000E0000122FEF7C3FA0B4B2069E25C039BE15C43
:1000F000FEF7D9FA2069FEF7F6FA05B0F0BDC04662
:1001000034CD02002D0200002F02000018440041EF
:10011000144400412E020000802210B50400520059
:10012000002105F078FB23000022FC335A602000F8
:100130009A60DA6010BD0000F0B585B01D000AAB12
:100140001B78040000930BAB1B78160001930CABDB
:100150001B780F0002930DAB1B78039300234360C1
:10016000FA239B008360124B083303601430FFF7BF
:10017000D3FF20002130FF30FFF7CEFF8B236A46EC
:100180009B002761E6540B4B1278E5540A4B200084
:10019000E2546A46094B1279E2546A46127A0133F4
:1001A000E2546A46127B1033E25405B0F0BDC046FB
:1001B00010D102002D0200002E0200002F020000CC
:1001C000F7B51D0008AB1B780400009309AB1B7842
:1001D0001600019300234360FA239B008360114BB8
:1001E0000F00083303601430FFF796FF2000213022
:1001F000FF30FFF791FF8B236A469B002761E6548F
:10020000094B1278E554094B2000E2546A46084B2A
:100210001279E2548C22313BFF3B9200A3541032FE
:10022000A354FEBD10D102002D0200002E020000DA
:100230002F020000F7B5EFF3108300930123019321
:1002400072B680260200FF25019BFC327600013B3E
:100250005C1C0FD0D4685F1EB44209D054680155AD
:10026000546801342C405460D4680134D460EEE703
:100270003B00EDE768460193FEF72BFFF7BD13B592
:10028000EFF3108300930123019372B6019B5A1E72
:100290000192002B15D00300FC33DA68002A0DD040
:1002A0009A68845C9A680132D2B29A60DA68013A3C
:1002B000DA606846FEF70DFF200016BD0124644297
:1002C000F7E701246846FEF704FF6442F4E710B53F
:1002D00004000069FEF72FFA002805D02069FEF718
:1002E0003AFA2069FEF72CFA2069FEF714FA002882
:1002F0001BD02069FEF72FFA010020001430FFF711
:1003000099FF8C239B00E35CFF2B0ED02300FC3372
:100310001A6A80235B009B1A092B06DC8D238F222F
:100320009B009200E358A2581A602069FEF70EFA6B
:1003300000280ED087239B00E318DB68002B14D025
:1003400020002130FF30FFF79AFFC1B22069FEF78D
:1003500006FA2069FEF7E4F9002805D02069FEF7C7
:10036000E3F92069FEF7D3F910BD2069FEF705FA1D
:10037000EFE70000F8B5040000690D00FEF7E6F9AC
:1003800087239B00E618002802D0F368002B34D0A6
:1003900001278022F3685200934223D1EFF31083A8
:1003A0003B4210D1174B5B68DB05DB0DF1D0103BF6
:1003B0005BB2002B10DAF13A1340083B9B08124A5B
:1003C0009B009B181B682069FEF7C0F90028E0D04D
:1003D0002000FFF77CFFDCE79B08C0330B4A9B0043
:1003E0009B58F0E720002130FF302900FFF722FF63
:1003F0002069FEF7BEF90120F8BD29002069FEF74B
:10040000AEF9F8E700ED00E01CED00E000E100E0EF
:1004100010B504001430FFF732FF8C239B00E35C1F
:10042000FF2B0ED02300FC331A6A80235B009B1A3B
:100430000A2B06DD8E238F229B009200E358A258E0
:100440001A6010BDF7B501921822162442433F4BA3
:1004500007009B181C570091631C6ED0102C6CD0A9
:100460003B4B3C4E1D68002D27D1290044223A48C1
:1004700005F0D1F929004422384805F0CCF91022C2
:10048000374B38491D60CA67C021C120364B49002F
:100490005A5080001958FF35A94319501A60334B40
:1004A000334A5A8002233278134333707378DB095E
:1004B000012BFBD00122264B1A600125A540736950
:1004C00000212B437361380001F040F9009B002BA1
:1004D00031D00027224B20499C461B68BA00BB4202
:1004E0001DD16046013303608D501C4B009999501B
:1004F000072C19DD0123083CA4000721A140154A5F
:100500009B009B189A698A439A61019A042A12D81F
:100510001000996901F0ECFC0B12141618008858B1
:10052000A842E1D00137D9E7A4000023E5E705227E
:10053000A2400A439A61ADB2F560F7BD0422F7E725
:100540000322F5E70222F3E70122F1E734CD0200AE
:100550003457002000180040F0560020AC56002010
:100560003857002004E100E000E100E0000C00400A
:1005700005400000F8B50024094B1B68A34200D8D1
:10058000F8BD084E084FA5003369EA591A4204D055
:10059000064BEB589847EB5933610134ECE7C04602
:1005A0003857002000180040F0560020AC560020BC
:1005B00010B5002801D006F00FFA10BD10B5041ECA
:1005C00005D006F02DFA210001F020FE0C002000DD
:1005D00010BD10B50400884203DA081AFFF7EEFFD9
:1005E0002418200010BDFEE7000208437047F0B554
:1005F00089B00191037D0400012B00D08AE0021D27
:100600000292100001220493002352421C001500A4
:10061000049E03920178002900D06EE04178002901
:1006200000D06AE0511C65D001335BB204998B4263
:1006300001DD049303920134E1B202304CB2082987
:10064000E8D100263700039BBB4204DC049B039ADD
:100650009B18BB4253DC0F22029B1D782B111540C7
:10066000029ADCB25278111107916946097F05910F
:100670000F2111400691002B08D021005731092B82
:1006800000DC2739019800F0ABF936182C4308D06C
:1006900029005731092D00D82739019800F0A0F919
:1006A0003618059B1C430AD01900079B5731092BAC
:1006B00001DC05993031019800F092F9361806995D
:1006C000069B5731092B01D819003031019800F0F1
:1006D00087F93618072F04D03A21019800F080F9E5
:1006E0003618029B013702330293082FABD130003A
:1006F00009B0F0BD2200330098E72A009BE7039B76
:10070000BB42EED1002BE7D13A21019800F068F905
:100710003618E1E703000500002613331035029375
:1007200029780A22019800F0DAF92E2107000198B1
:1007300000F056F9029B3F180135F6199D42EFD1A2
:10074000E17C0A22019800F0CAF93618CFE70000D0
:1007500010B50400054B0175083303601022002119
:10076000043005F058F8200010BDC04644D1020006
:1007700010B504000021FFF7EBFF200010BD0000C2
:10078000F7B50F0000211D0008AB1B780400019392
:10079000084B16000833036001750C22043005F085
:1007A0003AF86B461B7927746674A5742000E374CD
:1007B000FEBDC04644D1020070B50D00002104000A
:1007C000054B0175083303600C22043005F023F853
:1007D0002561200070BDC04644D1020070B50D00F7
:1007E00000210400074B0175083303601022043018
:1007F00005F011F8200029000422103004F0EFFF6A
:10080000200070BD44D1020070B50D00002104002D
:1008100001751022043004F0FEFF2000290004229C
:10082000103004F0DCFF200070BD10B50A000C7D14
:10083000017D00238C4207D1011D101D102204F000
:10084000BFFF43424341DBB2180010BD07B5012191
:100850000548FFF77DFF0021044800910B000A00C6
:10086000FFF78EFF07BDC0463C57002054570020BD
:1008700070B50E0000254468002C0BD023683100B1
:100880005B6820009847002802DB2D18E468F3E736
:1008900001256D42280070BD70B50D004468002C24
:1008A00008D0236829009B6820009847002802D1BF
:1008B000E468F4E7200070BD70B50D004468002CBA
:1008C00007D0236829002000DB689847E4682D18CA
:1008D000F5E72C7070BD70B50D004468002C08D091
:1008E000236829001B6820009847002802D1E4688B
:1008F000F4E7200070BDF8B542788B790D00017ADD
:100900009B18040000208B4222DC6368834219D1CB
:100910006560002623786A71EA792B719B18237031
:10092000AB79B34213D9AB68B7006078DF19FFF732
:1009300057F93B68013603606378F6B201336370A0
:10094000EEE70B00D9680029FBD1DD60E1E701206B
:10095000F8BD000070B50126054D064C2B683342EA
:1009600003D12000FFF734F92E60200070BDC0468F
:100970006C57002070570020F7B506000D000C00E2
:100980008B180193019B671B9C4207D03368217829
:100990001B683000984701340028F3D13800FEBDB1
:1009A00070B5040008000D0006F0CAF923680200C3
:1009B00029005B682000984770BD10B50B1E02D05F
:1009C000FFF7EEFF0300180010BD10B503688A683A
:1009D0005B680968984710BD10B5FFF7EEFF10BDC2
:1009E00010B503681B68984710BD000010B5024998
:1009F000FFF7D6FF10BDC04650D1020070B505000C
:100A0000FFF7E3FF04002800FFF7F0FF201870BD98
:100A100070B50400FFF7D1FF05002000FFF7E6FFE7
:100A2000401970BDF0B58BB06B4615000022053340
:100A30000600DA770800012D00D80A2509AC290044
:100A400001F0FAFACAB2130037330700DBB2092902
:100A500002D813003033DBB2013C2370002FEED1FB
:100A600021003000FFF7A9FF0BB0F0BDF8B506007C
:100A70000C00151E04D10368C9B21B689847F8BD65
:100A80000A2A0CD100290BDA2D21FFF7A9FF6142B8
:100A900007002A003000FFF7C5FF3818EFE7D2B291
:100AA00021003000FFF7BEFFE9E710B5FFF7DEFFDA
:100AB00010BD70B50400FFF7D9FF05002000FFF757
:100AC00095FF401970BD10B5002A04D10368C9B262
:100AD0001B68984710BDD2B2FFF7A4FFFAE710B524
:100AE000FFF7F1FF10BD70B50400FFF7ECFF050044
:100AF0002000FFF77BFF401970BD10B5040000F027
:100B0000A7FAE060236820005B699847002808DAAC
:100B100000F09EFAE368C01AA3689842F2D301205D
:100B2000404210BD8160704770B50D000749040058
:100B300000F068F82800FFF7E0FF002804DBC1B2EE
:100B4000200000F037F9F5E7200070BD52D1020017
:100B50000B6803604B6843608B68836000230B6005
:100B60004B608B60704710B504000068002801D00E
:100B700004F00AFE200010BD10B504000068002833
:100B800001D004F001FE00232360A360636010BD68
:100B900070B504000D000068013105F073FF031EFD
:100BA00001D0012028C470BD036810B50400002BDB
:100BB00004D043688B4201D3012010BD2000FFF711
:100BC000E7FF0028F9D0A368002BF5D12268137045
:100BD000F3E770B50E00110004001500FFF7E4FF05
:100BE000002804D12000FFF7C7FF200070BD2A00B5
:100BF0003100A560206804F0F2FD00232268A1689E
:100C00005354F2E7002370B504000D000360436005
:100C10008360994207D0080006F092F8290002008C
:100C20002000FFF7D6FF200070BD70B5050008005A
:100C30000C0006F085F8210002002800FFF7C9FF2C
:100C400070BD10B5002304008AB023606360A36008
:100C5000080001A900F0C6FA200001A9FFF7E5FF8E
:100C600020000AB010BD70B50E0011000400150080
:100C7000FFF79AFF002804D12000FFF77DFF200036
:100C800070BDA5603100206806F052F8F7E770B536
:100C900005000C0088420CD0006804F075FD236844
:100CA0002B60A368AB6063686B6000232360A36064
:100CB000636070BD10B50B000400884205D0096860
:100CC000002904D09A68FFF784FF200010BDFFF7C9
:100CD00053FFFAE7002310B504000360436083600C
:100CE000FFF7E8FF200010BD10B50400FFF7CFFFAD
:100CF000200010BD10B50400002903D0FFF795FFB8
:100D0000200010BDFFF738FFFAE770B504000D1E94
:100D100009D0080006F014F8290002002000FFF7AF
:100D2000A2FF200070BDFFF727FFFAE7002310B5F0
:100D30000400036043608360FFF7E7FF200010BDFD
:100D4000F7B5040001911600002902D10025280002
:100D5000FEBD0125002AFAD08368D7183900FFF7B5
:100D600023FF051EF2D02368A2680199981832006B
:100D700004F035FD00222368A760DA55E7E710B5D7
:100D80008A680968FFF7DCFF10BD70B50500080030
:100D90000C0005F0D5FF210002002800FFF7D0FF6E
:100DA00070BD002310B5994202D0FFF7EEFF03009B
:100DB000180010BD07B56B46D97107330122190021
:100DC000FFF7BEFF0EBD10B58A6809680400FFF783
:100DD000B7FF002802D12000FFF7CEFE200010BD93
:100DE00010B50400002904D12000FFF7C5FE200043
:100DF00010BDFFF7D6FF0028F6D0F8E7026810B55F
:100E00000B68002A13D0002B0CD181681800002930
:100E100007D0107805E089681000002901D0187803
:100E2000404210BD1900100005F078FFF9E7002BD3
:100E3000F1D11800F5E7036810B5002B11D0002997
:100E40000BD182680800002A06D0187804E00A78DE
:100E50001800002A00D0504210BD180005F05EFFB7
:100E6000FAE70029F3D10800F6E7826810B5944646
:100E70008A680023944504D1FFF7C0FF43424341F1
:100E8000DBB2180010BD836810B5002B07D101201C
:100E9000002903D0087843425841C0B210BD006811
:100EA000002901D10078F6E705F038FFF3E770B5C7
:100EB0000123884217D082688C680023A24212D195
:100EC0000133002A0FD005680C68287800280CD060
:100ED00006F0B6F80600207806F0B2F801350134C5
:100EE0008642F2D00023180070BD0123FBE770B5E5
:100EF00083688D685C1B002394420CD30068984281
:100F000009D00968994206D080182A0005F01FFF11
:100F100043424341DBB2180070BD836810B59C4664
:100F20008B6800229C4502D3FFF7E1FF020010000E
:100F300010BD000083688B4203D903685818002B4A
:100F400002D10023014803707047C0467C5700203F
:100F5000836810B5934208D904680968A01805F0A1
:100F600007FF002801D0001B10BD01204042FBE715
:100F700010B50022FFF7ECFF10BD0000F8B5060029
:100F80000F0014001D009A4201D92C0015000949D8
:100F90003000FFF737FEBA68A24208D9AA4200D94A
:100FA0002A003968121B09193000FFF712FE3000C1
:100FB000F8BDC04652D102000368002010B583423C
:100FC00002D0180004F00AF910BDFEE7034B10B57B
:100FD0001B68002B00D0984710BDC04680570020EA
:100FE00070B50F490F4CA14204D100F033F900F065
:100FF00001F9FEE70C4D00238D42F6D0CA18E8181F
:10100000A24205D3094B8242EFD00949002204E0F5
:10101000006804331060F1E704C38B42FCD3E4E7BB
:101020000000002068290020DCD60200682900208A
:10103000C057002010B500F06FF8002801D100F073
:1010400055F810BD014B18607047C046805700200E
:10105000014B18687047C04684570020F7B5134805
:10106000012284461249134C8E68636805689B0E02
:101070001340019288686268019F920E3A40674669
:101080003F6893420ED1BD420CD186420AD35B1910
:10109000FA254868AD00861B07486B437043000D76
:1010A000C018FEBD3D0013000600E3E78457002092
:1010B00010E000E000ED00E05555000070B5041EA2
:1010C00010D0FFF7CBFF050000F025F8FFF7C6FFB3
:1010D000054B401B9842F7D9FA23013C9B00ED18C1
:1010E000002CF3D170BDC046E703000010B5034AE1
:1010F00013680133136000F09BFB10BD8457002080
:1011000010B5002806D030230321584300F00EFF0D
:101110000138FDD110BD704700207047F0B50C00BC
:101120008BB01600002926D0931E222B2DD80A2A18
:1011300005D1002803DA0127404201AD0AE000276B
:10114000FBE7310000F078FFCBB2092916D8303325
:101150002B7001352A000028F3D101ABAB42F0D04F
:101160002300002F02D02D21631C217001A98A4287
:1011700006D800221A7020000BB0F0BD5733E7E705
:10118000013A117819700133F0E70024F3E7F0B564
:101190000D008BB0170000290ED0931E222B1FD8F4
:1011A00001AC26002300002809D1A64207D02A005E
:1011B000B34210D80023137028000BB0F0BD3900E3
:1011C00000F03AFFCBB2092903D830332370013441
:1011D000E8E75733FAE7013B197811700132E7E786
:1011E0000025E9E710B5FFF799FF10BD10B5FFF72F
:1011F000CEFF10BD10B500F0F7F804F085FAFDF74A
:10120000A9F90120FFF75AFF084C2000FEF7F8FD6E
:101210002000FEF73BF8E7F73BFAE9F723FA044B27
:10122000002BFAD000E000BFF7E7C046F0500020E6
:101230000000000010B504F09DFA10BD10B504F0D8
:1012400099FA10BD10B504F09FFA10BD10B504F066
:101250009BFA10BD1E22F0B5504851494368514DCC
:1012600093431A0002231343436008238A691343FC
:10127000FE228B612B68D2039B0213404A4A134320
:101280004A4A936113000422DC681442FCD0012412
:10129000474A14701678264203D0567876B2002E4C
:1012A000F8DB01249460547864B2002CFBDB414CE1
:1012B0005460547864B2002CFBDB8224E401548037
:1012C000547864B2002CFBDB02249C840E34DE686C
:1012D0002642FCD0384CDC621024DE682642FCD06A
:1012E0002C68A40E3F2C00D1203C9E6A334FA402F0
:1012F0003E4034439C629C6A314EA40AA4023443AB
:101300009C62304CDC6200249C841034DE682642EF
:10131000FCD02D4C9C841024DE682642FCD0022494
:101320009E8C34439C841024DE682642FCD000242A
:101330009460547864B2002CFBDB244C54605478E5
:1013400064B2002CFBDB1C6A214E344080261C62F8
:101350001C6AB4431C62032393601E4B5360537892
:101360005BB2002BFBDB0023FF240B721A4A4B728B
:101370008B72CB72194B1A60194A2B6811689A0646
:101380005B01C90E2340520F12020B431343154A4F
:1013900013858023426813434360F0BD0040004141
:1013A00000040040246080000606000000080040A1
:1013B000000C004001040100B905FF7DFF03FFFFA1
:1013C000FF01000080BB0A1C240500000007030089
:1013D000FFFCFFFF03060100006CDC0298260020E2
:1013E0002060800000400042FA21314B10B518689F
:1013F000890000F09BFD2F4B0138984256D82E49AA
:101400002E4A4860C020136A00061B021B0A0343D1
:101410001362002407238C600B608021136A090685
:101420001B021B0A0B431362FC22254B196A0A4359
:101430001A62FC22196A92010A431A62A022196AEE
:10144000D2020A431A62E0B20021013400F0EEF841
:101450001F2CF8D11B4B1C005A7852B2002AFBDB20
:10146000194A5A80194B1A00597EC9090129FBD023
:10147000E421C90099803F21D970537EDB09012BFB
:10148000FBD0C02300205B011361907000F02EF8A8
:1014900063785BB2002BFBDB0D4B0E4A6380D37984
:1014A000DB09012BFBD04123537010BDFEE7C04682
:1014B00098260020FFFFFF0010E000E000ED00E0B4
:1014C00000040040000C00401E40000000400042AC
:1014D0002140000000480042914202D002D98A1AFD
:1014E000D0407047521A9040FBE70000164A00B502
:1014F0001300517EC9090129FBD00138042816D8F0
:101500001969124A0A400F211A615A788A4300F079
:10151000EFFC0308060B0300110001220A435A7076
:1015200000BD11000322F9E711000222F6E7F023C3
:1015300011691B050B430F21136153788B4319006D
:1015400002230B435370EBE700400042FFFFFFF024
:1015500010B504000D2801D80E34E4B2012120009A
:1015600000F0F4F81823102163432B4CE418615663
:10157000002901D014290DD1284B1800DA79D2099D
:10158000012AFBD002241A78A2431A70C379DB091E
:10159000012BFBD022480300427ED209012AFBD056
:1015A0001F2402692140A2430A4302615A7ED209E4
:1015B000012AFBD0022219780A431A705A7ED209F6
:1015C000012AFBD00222197B0A431A731A7ED20722
:1015D000FCD501221A765A7ED209012AFBD00222BA
:1015E000197B0A431A731A7ED207FCD5588B80B236
:1015F0005A7ED209012AFBD002211A788A431A7036
:101600005A7ED209012AFBD0064B1A68064B19688C
:10161000FFF762FF10BDC04634CD02000048004213
:1016200000400042A02600209C260020182330B550
:101630001D00040045430820204A55192856013052
:1016400014D0032912D808006343D156D31800F0F0
:101650004FFC02280E1B5868CB010221184A9B1828
:101660001A1840321170012282405A6030BD586809
:10167000CB010621124A9B181A1840321170012220
:1016800082405A609A61F1E75868CB0106210C4A02
:101690009B181A1840321170012282405A605A6118
:1016A000E4E75868CB010221054A9B181A1840321A
:1016B0001170012282409A60D8E7C04634CD020002
:1016C000004400411823F0B508245843114A131868
:1016D0001C5701341BD0012635005F688356BD407E
:1016E0000D4ADB019A18906805420BD10C00601E70
:1016F0008441D2194032107834400336A400B043FC
:1017000020431070044A9B18002901D15D61F0BD8F
:101710009D61FCE734CD020000440041182310B560
:101720000824434307490020CA181457013408D03D
:101730005B560549DB015B18186A5368D8400123E2
:10174000184010BD34CD020000440041182242432D
:10175000F8B52C4E0300B218127A52B214000132BE
:101760000ED0481C00240C280AD800F0C1FB07202A
:10177000202020202020200B0B0B0B000124644292
:101780002000F8BD092905D10021D8B2FFF74EFF8E
:101790000024F5E70A2902D1D8B20839F6E7002477
:1017A0000B29EDD1D8B20A39FFF740FFE8E718203E
:1017B0004343F2185568F3562C00134ADB016E08B8
:1017C00017389B18C9B204409E19002C0DD00F2465
:1017D00030363278090122401143C9B25B193170A9
:1017E00040331A7810431870D2E732000F27303296
:1017F00016785B19BE433143117040331A78104399
:101800001870BDE734CD02000044004110B504005B
:10181000FDF79BFB014B1C6010BDC046A4260020B9
:101820000122024B52421A607047C046A426002093
:10183000164A10B51368591C26D0013B1360002BC3
:1018400022D172B6124B134A0433934213D9124A6F
:1018500001211000147D0C42FCD02021148BFF319B
:101860009B085B0021431183D3610C4B1380012340
:10187000027D1A42FCD0BFF34F8F094B094ADA6050
:10188000BFF34F8FC046FDE710BDC046A426002021
:1018900000200000030200000040004102A5FFFFFD
:1018A00000ED00E00400FA050B0010B5010018007F
:1018B00003F09AFC10BD4B68016043604B681860F0
:1018C000486070470368426813605A60704710B5FB
:1018D00003F05EFC70B504000D00160000F0F2FA93
:1018E000002807D0002200232000290000F0A4FCDB
:1018F000002802D02900200070BD200029003200FD
:1019000000F06CF804000D0000F0DCFA002807D0AD
:10191000002200232000290000F08EFC0028E9D0DE
:1019200003F070FC22230360E4E7C046F8B5274AC1
:101930004B005B0D9A180C000700132A10DC002ADC
:1019400036DB234B13410B423AD08024240314414D
:10195000002064189C430600250030002900F8BDD3
:10196000332A0EDD80230600DB000D009A42F4D1FD
:1019700002000B003800210001F094FC06000D006D
:10198000EBE7144D0600AC46012563446D42DD4093
:10199000AC4663460D000342DFD033239A1A323B34
:1019A00093401818874200D94C1C63469843D2E7ED
:1019B000C90FCC070020531CCDD1074B1C43CAE7ED
:1019C00006000D000028C0D1C7E7C04601FCFFFF9C
:1019D000FFFF0F00EDFBFFFF0000F03F4B0070B575
:1019E0005B0D14000A00002B1AD14B005B08034367
:1019F00015D0234B002202F07BFB224B9C422DDBB7
:101A00000A004B005B0D363B1F4DE318AB422ADC4E
:101A1000002B0DDD1D4C1B0522401A43110070BD2B
:101A20001B4DAB42F0D102000B0001F03BFCF6E78E
:101A30001D00353519DA174B02009C4209DD0B00F9
:101A40001548164900F036FA134A144B02F050FBC1
:101A5000E5E70B001248134900F02CFA104A114B2D
:101A600002F046FBDBE70200E9E7084C3633224090
:101A70001B051343190000220B4B02F039FBCEE784
:101A800000005043B03CFFFFFE070000FFFF0F8047
:101A9000FF07000050C300009C7500883CE4377EBF
:101AA00059F3F8C21F6EA5010000903C70B5FF25E8
:101AB000C30D2B401A007F3A82B01E2A24DC511C31
:101AC0001FDBC40F162A22DC154BA200D658011CBE
:101AD000301C00F0D5FC01900198311C01F074F924
:101AE00043000ED0802143025B0A09041943962368
:101AF000C00D05405D1BE9400800002C02D04042AB
:101B000000E0002002B070BD01F022FBFAE7802166
:101B10004002400A09040843963B9840EDE7C0465E
:101B200054D10200F0B54746CE4680B58DB01D00B9
:101B300006000F00140000F061F82E4B0090019198
:101B40001B785BB2984601333CD022002B0020006A
:101B5000290003F087F8002834D132003B00300020
:101B6000390003F07FF8814600282BD100220023A2
:101B70002000290000F060FB002823D001230293FD
:101B80001D4B0496059703934B460A9343460694D0
:101B90000795002B1DD0002300221900100001F032
:101BA0009DFE434608900991022B14D103F02AFBB5
:101BB000212303600A9B0093002B15D1089B099CED
:101BC00000930194009801990DB00CBC9046994681
:101BD000F0BD0896099702A800F07EF90028E5D02C
:101BE0000A9B0093002BE9D003F00CFB0A9B0093A7
:101BF0000360E3E7A82600205CD10200F0B5574659
:101C00004546DE464E465C006408E0B5250083B0DC
:101C100092469446154322D09B4E4D006D08B54226
:101C20001DDC56421643994FF60F2643BE4216D886
:101C3000CE0FF60783460700B146A54220DC06001A
:101C40008846A54213DB904211D319D14B46DA0FD7
:101C50008F4BD2009B181E685B68984607E002F025
:101C600047FA02000B0001F039FE060088463000FA
:101C7000414603B03CBC90469946A246AB46F0BDF7
:101C8000844EB54245DD2E15B346834EB0465E46C2
:101C9000464401967F4EB44200DDA5E0002C00D002
:101CA000BDE05646002E00DCE7E07C4EB046012643
:101CB0007642B34656467600D844B246002EF6DC4D
:101CC000774EB246019E564500DA7EE08025090334
:101CD000090B6D030D437249884568DB80241B03A3
:101CE0001B0B64032343424601998E1A6246E91A8C
:101CF000B81A002E2DD0674592415242891A19D444
:101D00000A0002431CD04900C50F4D194700013E8F
:101D1000ECE7002D76D15E46002E00DCB0E05F4E91
:101D20000196019E013E01965E467600B346002E66
:101D3000F7DCAFE7FA0F6D00AD187F00013ED5E785
:101D40004B46D90F524BC9005B181E685B6898461A
:101D50008DE767459B415B42C91A01D538002900D0
:101D60000B000343ECD04B4B1A00994209DCC30F24
:101D70004900C91801235B429C464000E04491425F
:101D8000F5DD474B98455FDA42469B1A142B67DC1A
:101D900002000C004348DA404044194184404B465D
:101DA00020000B43994610430600C8465FE74346B0
:101DB000C91A1F291EDC10003A4B8C404344D840FE
:101DC0008A400300944623438DE75146019E8F1BB2
:101DD0001F2F32DCB24606003249BD405144CE408E
:101DE000B8403543070076E72615B0462A4EB2467E
:101DF000D04465E741462C4B5B1A9A401300002201
:101E0000944670E7EE02B046254E0196019E013ED3
:101E1000019646467600B046002EF7DC3AE7E60229
:101E2000B2461F4EB04601267642B346564676006D
:101E3000D844B246002EF6DC42E7019D1A4900273D
:101E4000491B8840050046E7184B194C9C464B46F9
:101E500044446144240519430C430600A04606E7A8
:101E60001F2B05DCD8400F4B4344994008439BE7A8
:101E70000D4B9B1A1941080096E7084EB0461FE724
:101E8000064E019606E7C046FFFFEF7F0000F07F99
:101E900068D10200FFFF0F0001FCFFFFEDFBFFFF19
:101EA00002FCFFFF1E040000E2FBFFFF0000F0FF4A
:101EB000FF03000030B54A00DB0FDB0752081A436E
:101EC000110030BD034B48009C4640086044C00FE1
:101ED0007047C046000010800020704702B4714671
:101EE00049084900095649008E4402BC7047C04663
:101EF00002B4714649084900095C49008E4402BC9D
:101F00007047C04603B47146490840004900095E65
:101F100049008E4403BC704703B471464908400031
:101F20004900095A49008E4403BC70470022430807
:101F30008B4274D303098B425FD3030A8B4244D391
:101F4000030B8B4228D3030C8B420DD3FF220902D3
:101F500012BA030C8B4202D31212090265D0030B92
:101F60008B4219D300E0090AC30B8B4201D3CB0388
:101F7000C01A5241830B8B4201D38B03C01A5241CA
:101F8000430B8B4201D34B03C01A5241030B8B42CC
:101F900001D30B03C01A5241C30A8B4201D3CB02B7
:101FA000C01A5241830A8B4201D38B02C01A52419C
:101FB000430A8B4201D34B02C01A5241030A8B429F
:101FC00001D30B02C01A5241CDD2C3098B4201D3B7
:101FD000CB01C01A524183098B4201D38B01C01A35
:101FE000524143098B4201D34B01C01A52410309AC
:101FF0008B4201D30B01C01A5241C3088B4201D35B
:10200000CB00C01A524183088B4201D38B00C01A07
:10201000524143088B4201D34B00C01A5241411A2E
:1020200000D20146524110467047FFE701B500203B
:1020300000F0F0F802BDC0460029F7D076E77047FF
:1020400003460B437FD4002243088B4274D3030919
:102050008B425FD3030A8B4244D3030B8B4228D3BA
:10206000030C8B420DD3FF22090212BA030C8B42E0
:1020700002D31212090265D0030B8B4219D300E080
:10208000090AC30B8B4201D3CB03C01A5241830B05
:102090008B4201D38B03C01A5241430B8B4201D3B5
:1020A0004B03C01A5241030B8B4201D30B03C01ADE
:1020B0005241C30A8B4201D3CB02C01A5241830A58
:1020C0008B4201D38B02C01A5241430A8B4201D387
:1020D0004B02C01A5241030A8B4201D30B02C01AB1
:1020E0005241CDD2C3098B4201D3CB01C01A524118
:1020F00083098B4201D38B01C01A524143098B42A1
:1021000001D34B01C01A524103098B4201D30B0189
:10211000C01A5241C3088B4201D3CB00C01A5241AE
:1021200083088B4201D38B00C01A524143088B4273
:1021300001D34B00C01A5241411A00D2014652410C
:10214000104670475DE0CA0F00D04942031000D32B
:102150004042534000229C4603098B422DD3030A80
:102160008B4212D3FC22890112BA030A8B420CD390
:10217000890192118B4208D3890192118B4204D3B9
:1021800089013AD0921100E08909C3098B4201D339
:10219000CB01C01A524183098B4201D38B01C01A73
:1021A000524143098B4201D34B01C01A52410309EA
:1021B0008B4201D30B01C01A5241C3088B4201D399
:1021C000CB00C01A524183088B4201D38B00C01A46
:1021D0005241D9D243088B4201D34B00C01A52411D
:1021E000411A00D20146634652415B10104601D3AA
:1021F0004042002B00D54942704763465B1000D334
:10220000404201B5002000F005F802BD0029F8D0D9
:1022100016E770477047C0468446101C62468C46DD
:10222000191C634600E0C0461FB501F0F9FE002806
:1022300001D40021C8421FBD10B501F051FE40423B
:10224000013010BD10B501F0EBFE002801DB0020CD
:1022500010BD012010BDC04610B501F0E1FE002800
:1022600001DD002010BD012010BDC04610B501F0F9
:1022700073FE002801DC002010BD012010BDC04607
:1022800010B501F069FE002801DA002010BD012020
:1022900010BDC0468446081C6146FFE71FB500F02C
:1022A00011FC002801D40021C8421FBD10B500F068
:1022B00093FB4042013010BD10B500F003FC002834
:1022C00001DB002010BD012010BDC04610B500F09C
:1022D000F9FB002801DD002010BD012010BDC04623
:1022E00010B500F0A1FB002801DC002010BD01208A
:1022F00010BDC04610B500F097FB002801DA0020A1
:1023000010BD012010BDC046002B15D1002A13D1ED
:10231000002906DB01DC002806D00020C04341086C
:1023200002E080210906002007B4024801A14018FC
:10233000029003BDE1FEFFFF03B4684601B50298B9
:1023400000F082F8019B9E4602B00CBC7047C0466C
:10235000F0B5CE46474615042D0C2E0080B5070477
:10236000140C3F0C9946030C7E435D436743634363
:102370007F19340CE4199C46A54203D980235B02E3
:102380009846C4444B4643435143250C36046544A8
:10239000360C2404A4195B19591820000CBC904673
:1023A0009946F0BD70B500220C4B04000D00FFF7FC
:1023B00067FF002804D12000290002F06FFC70BDE7
:1023C000064B00222000290002F004F902F066FC0E
:1023D00080231B069C466044F1E7C0460000E041B4
:1023E00070B500220B4B0D00040001F081FEFFF7D9
:1023F000D9FF060002F0C2FC0022074B01F078FE74
:1024000002000B002000290002F0E4F8FFF7CAFFE9
:10241000310070BD0000F03D0000F04170B50600D5
:10242000080002F071FC0022064B01F061FE0D0075
:102430000400300002F0A2FC2B00220000F032FF6A
:1024400070BDC0460000F041F0B583B016001F001B
:102450000090019102F0C4FD04000D0002000B0089
:1024600030003900FFF774FF009A019B121A8B416C
:10247000089920000A604B60290003B0F0BDC046F7
:10248000F8B54746CE4643025B0A4400C20F9C465D
:102490004800DD004B02240E5B0A000E80B5984612
:1024A00026009146C90FDB00271A8A4229D0002F47
:1024B00015DD00284AD1002B00D095E0ED08FF2C57
:1024C00000D188E06B025B0AE6B25B02F605580AAF
:1024D0003043D20710430CBC90469946F8BD002FFC
:1024E00000D087E0601CC0B2012800DCB6E0EE1A24
:1024F000720100D5C5E0002E3DD100220026002348
:10250000E3E7002F00DC96E000285DD0FF2C60D0D0
:102510008022D20413431B2F00DDECE02022D21BCB
:1025200018009340F8405A1E93410343ED186B0185
:102530007BD50134FF2C00D1B7E0012207262A40C9
:102540006B089A4D1D4015432E4029E0FF2CB5D055
:102550008022D20413431B2F00DDB2E02022D21BC5
:1025600019009340F9405A1E93410B43ED1A6B0139
:102570005BD5AD01AE09300002F008FD053886409C
:10258000844265DC041B330020200134E340041B3B
:10259000A640751EAE41334307261D0000241E4091
:1025A00001224B461A40002E04D00F232B40042B4F
:1025B00000D004356B0100D480E70134E6B2FF2C73
:1025C0002FD1FF26002380E7002B52D1FF2C00D013
:1025D00074E70A00ED08002DF3D08023DB032B43C2
:1025E0005B025B0AFF2670E7013F002FBED0FF2C85
:1025F000B1D163E7002C47D0FF2869D08024E404E0
:102600007A4225431B2A00DDC5E02C002026D44059
:10261000B21A95406A1E954125435D1B0400894608
:10262000A5E7AB015B0A50E7002401224B461A40A4
:102630006B07BAD142E7002F3BD10134E0B2012849
:102640004ADDFF2CBDD00726ED186D082E40A7E708
:102650000723574D241A35401E40A1E7002C1BD1FB
:10266000002D6ED1002B00D19AE00A001D003C0025
:1026700024E7013F002F00D158E7FF2C00D04AE7A4
:10268000A7E75E1B894676E7002D1CD10A00FF28CC
:102690001FD004001D0011E7002D5DD1002B17D1C4
:1026A00080230022DB03FF260FE70A00FF2600231A
:1026B0000BE7002C21D1002D66D1FF28E9D11D00A8
:1026C00087E7012352E77A1CA7D0FA43FF2899D164
:1026D0000A001D00FF24F1E6002E21D1002D4FD06D
:1026E000002B4CD0ED186B019ED5314B07362E4098
:1026F00001241D4054E7012318E7FF28DFD0802480
:10270000E4047F4225431B2F4DDC2026F61B2C00C2
:10271000B540FC406A1E95412543ED18040006E7CC
:10272000002DCCD0002B00D153E780216046C90397
:10273000084203D04046084200D11D00012111404B
:1027400047E7002B00D1B9E6EA1A500125D5072644
:102750005D1B2E40894623E7FF24002B00D1ADE608
:1027600080226046D203104204D04046104201D17C
:102770001D00894601224B46FF241A409EE62B008D
:10278000DD080A0000249DE67A1CC6D0FF43FF281E
:10279000B9D11D001DE701253FE7151E00D044E714
:1027A0000022002391E60125B7E7C046FFFFFF7D29
:1027B000FFFFFFFBF8B557464E464546DE4644024E
:1027C000E0B546008846640A360EC70F002E63D077
:1027D000FF2E24D08023E400DB041C430023994611
:1027E0009B467F3E434642465D02D20F5B006D0A28
:1027F0001B0E9046924665D0FF2B55D080220021BB
:10280000ED00D2047F3B1543F61A43464A467B400F
:102810000F2A00D98DE06D48920082589746002C0F
:1028200054D108239946063BFF269B46DAE700254C
:10283000534602291BD0032900D1BFE0012928D02B
:1028400030007F30002820DD6A0704D00F222A40A4
:10285000042A00D004352A0103D530005C4A8030B8
:102860001540FE2803DCAC01640AC2B201E0FF227D
:1028700000246402D205600ADB07104318433CBC05
:1028800090469946A246AB46F8BD0122101A1B2875
:102890007CDD00220024ECE7002C1DD104239946A6
:1028A000033B00269B469DE7FF3E002D20D10221E1
:1028B00043464A467B400A430F2AD8D845489200EF
:1028C00082589746002D19D10121F1E70C23994632
:1028D000093BFF269B4685E7200002F057FB762642
:1028E000431F9C4000237642361A99469B4679E75F
:1028F0004A4603231A439146032186E7280002F043
:1029000045FB431F36189D40763600217DE7802425
:102910000023E403FF22ACE700258023DB031C42F5
:1029200028D01D4226D12B435C02640A4346FF2275
:102930009FE762016C01A24224D21B210025013EC7
:10294000012710006D005200002801DB944201D8DD
:10295000121B3D4301390029F3D11400621E94413A
:1029600025436DE7BA46594625005346022900D053
:1029700061E77CE78023DB031C436402640A3B00BD
:10298000FF2276E7121B1A210125D9E79E362A007D
:10299000B5402C00C240651EAC411443620704D010
:1029A0000F222240042A00D00434620103D4A4017F
:1029B000640A00225DE7012200245AE78024E40330
:1029C0002C436402640AFF2253E7C04678D1020018
:1029D000FFFFFFF7B8D1020070B542004E024C0075
:1029E00045026D0A120EC30F760A240EC90FFF2A84
:1029F0000FD0FF2C11D00120A24200D070BDB542F3
:102A0000FCD18B420DD0002AF8D12800451EA841E8
:102A1000F4E70120002DF1D1EBE70120002EEDD1EC
:102A2000E9E70020EAE7C04670B54A004E024502D9
:102A300044006D0A240EC30F760A120EC90FFF2C34
:102A400015D0FF2A0ED0002C15D1002A01D1002E5E
:102A50001CD0002D14D08B4227D00220013B1840FF
:102A6000013870BD002EEED002204042F9E7002D63
:102A7000FAD1FF2A0ED0002A0ED1002EEDD00BE0A5
:102A800001230139994308000130EAE70020002DB5
:102A9000E7D0E2E7002EE7D18B42DED1944205DD9C
:102AA0000221581E08400138DBE70024A24204DC62
:102AB000B542D2D80020B542D3D2581E0123984344
:102AC0000130CEE730B5420044024D02C30F48004A
:102AD000640A120E6D0A000EC90FFF2A12D0FF28D9
:102AE0000CD0002A12D1002819D1002D17D1002CAA
:102AF0002BD00220013B1840013826E0002DF0D0F9
:102B0000022022E0002CFBD1FF281FD000281FD17B
:102B1000002D1DD10220013B1840013815E0002C8A
:102B20000ED08B42E5D10022904204DCAC42E0D8CA
:102B30000020AC4209D2581E01239843013004E022
:102B40000123013999430800013030BD002DD7D150
:102B50008B42CED18242E7DD0221581E0840013867
:102B6000F3E7C046F0B54E4657464546DE46E0B56B
:102B700043025B0A450083B00F1C99462D0EC60F19
:102B8000002D57D0FF2D24D08020DB00C004184337
:102B9000002381469A469B467F3D7C027A00FB0FCC
:102BA000640A120E984623D0FF2A4BD0E3008024FB
:102BB0000020E4047F3A1C43AD186B1C4746019388
:102BC000534677403A000F2B48D87D499B00CB589D
:102BD0009F46002B00D085E008339A46063B9B4673
:102BE0007C027A00FB0FFF25640A120E9846DBD1A7
:102BF000002C00D090E0524601231A439246012057
:102C0000DBE74C4658461700022824D0032800D1A1
:102C1000CFE00022002301284DD15802D205400AFE
:102C2000FF071043384303B03CBC90469946A24688
:102C3000AB46F0BD002B5BD104239A46033B002535
:102C40009B46AAE7FF35002C60D1524602231A4367
:102C500092460220B1E7FF220023DEE74B461B0C21
:102C60009C464B462604360C180461463300220C61
:102C70006446000C43434E435043544380191A0C9E
:102C80001218964203D9802149028C4664441B04E1
:102C90001B0C1004C01883015E1EB341800E184344
:102CA000130C1B199B0103431C00230179D501233D
:102CB00062081C401443019A7F32002A4DDD6307ED
:102CC00004D00F232340042B00D00434230103D568
:102CD0003C4B019A1C408032FE2ABCDCA3015B0AFB
:102CE000D2B29AE70C239A46093BFF259B4654E74C
:102CF000180002F04BF94A46431F76259A400023FC
:102D00006D4291462D1A9A469B4646E7524603234A
:102D10001A439246032050E7200002F037F9431F80
:102D20002D1A9C40763D002047E780230027DB03D7
:102D3000FF2272E7424666E74C463200584662E799
:102D400080234A46DB031A4222D01C4220D123436F
:102D50005B025B0A4746FF225FE701239A1A1B2AA0
:102D600021DC23000199D3409E318C401A002300BE
:102D70005C1EA34113435A0704D00F221A40042AB1
:102D800000D004335A0111D49B015B0A002244E7AE
:102D900080234A46DB0313435B025B0A3700FF22B2
:102DA0003BE7019587E70022002336E70122002355
:102DB00033E78023DB0323435B025B0AFF222CE71C
:102DC000F8D10200FFFFFFF7F8B54746CE464400B2
:102DD000C20F80B547024802400A84466646480052
:102DE0007F0A240EF60025009046FB00000EC90F56
:102DF000B146FF2800D185E001267140261A914294
:102E000057D0002E43DD002800D07FE0494600293E
:102E100000D1AAE0013E002E00D0F7E05B1A5A0173
:102E200000D48BE09B019C09200002F0AFF805382C
:102E30008440854200DDD3E0451B2300202001357E
:102E4000EB40451BAC40621E944123430724002500
:102E50001C40012241460A40002C04D00F21194099
:102E6000042900D00433590100D480E00135ECB2CC
:102E7000FF2D00D0A3E0FF2400235B02E405580AE5
:102E8000D207204310430CBC90469946F8BD002E53
:102E900074D1601CC0B2012800DCA7E04A469C1A2D
:102EA000620100D5B6E0002CBED100220024002330
:102EB000E3E7002E00DC85E0002846D0FF2C49D057
:102EC00080224846D2041043814601221B2E09DC91
:102ED00020204C46801B84404A462000F240441E7D
:102EE000A04102439B185A0128D50135FF2D00D17E
:102EF000A8E00122072494491A405B080B401343C1
:102F00001C40A6E7002E00D078E775E7FF2C54D0D0
:102F100080224946D2041143894601221B2E09DC36
:102F200020214846891B88404A460100F240481E3D
:102F300081410A439B1A5A0100D573E70122414699
:102F40000A40590700D089E711E04846002858D1C7
:102F5000FF2C0CD1DB08002B00D18CE78020C003B4
:102F600003435B025B0AFF2487E7FF2C25D0DB08C5
:102F7000FF2DF0D05B025B0AECB27EE7002C4DD057
:102F8000FF2818D08024E404724223431B2A00DD6A
:102F9000C4E01C002025D440AA1A93405A1E934135
:102FA00023434A460500D31A884638E7721CF8D0F6
:102FB000F243FF28EAD10A004B46FF25D7E79B01E1
:102FC0005B0A5AE7002E41D1651CE9B2012945DDB3
:102FD000FF2D00D14FE707244B445B081C4038E726
:102FE00007225A4B2D1A2340144032E7002C1DD1E2
:102FF000002B7AD14B46002B00D191E00A0000252E
:10300000B5E7013E002E19D14B446CE7FF2C84D16B
:10301000FF25ACE74A468846D41A05E7002BC5D100
:103020000A00FF28C8D005004B46A0E7002B49D175
:103030004B46002B77D00A00FF2598E7FF2C00D0E5
:1030400043E787E70A00FF24002316E7002C15D189
:10305000002B57D1FF28E6D14B467BE7002C20D12F
:10306000002B57D04946002953D04B445A0168D50C
:103070000724364A1C4001251340EAE6FF28EBD01E
:103080008022D204764213431B2E53DC2025AD1B35
:103090001A00AB40F2405C1EA34113434B440500B1
:1030A00021E7002BD8D04946002900D152E78021E2
:1030B000C9030F4200D14DE76046084200D049E7FE
:1030C0004B4647E74846FF25002800D14FE78022BE
:1030D000D203174204D06046104201D14B468846C5
:1030E00001224146FF250A4041E7484600281FD0FB
:1030F0001A1A500120D54A460724D31A1C40884684
:103100000025A6E6741CC9D0F643FF28BCD14B4667
:1031100020E799464B460025DB082BE7012340E7D3
:1031200000220023A9E680230022DB03FF24A4E67B
:1031300000251CE70123B1E7002AF1D01300002588
:10314000FCE60025FAE6C046FFFFFF7DFFFFFFFB20
:1031500041024200C30F490A120E00207E2A0DD9F7
:103160009D2A0CD8802000040143952A0ADC962071
:10317000821AD1404842002B00D108007047034A10
:103180009818FBE7963A9140F4E7C046FFFFFF7FAF
:1031900070B500283DD0C317C5185D40C40F280086
:1031A00001F0F4FE9E22121A962A07DCD2B20828F9
:1031B00033DD083885406802400A23E0992A0BDD98
:1031C000052329001B1AD94003001B339D402B0007
:1031D0005D1EAB4119430D00052801DD431F9D40D5
:1031E0002B000F490B406E0709D00F263540042DE8
:1031F00005D004335D0102D59F220B40121A9B01BA
:10320000580AD2B24002D205400AE40710432043D4
:1032100070BD002400220020F4E76802400AF1E7B4
:10322000FFFFFFFB70B5041E34D001F0AFFE9E22FD
:10323000121A962A07DCD2B208282EDD08388440FC
:103240006002400A21E0992A09DD030021001B33B6
:1032500099404B1E994105231B1ADC400C4305285D
:1032600001DD431F9C4023000D490B40650709D039
:103270000F252C40042C05D004335C0102D59F227D
:103280000B40121A9B01580AD2B24002D205400AE2
:10329000104370BD00220020F7E76002400AF4E707
:1032A000FFFFFFFBF0B54F464646D6460C0009032C
:1032B000C0B5490A470F5E0039431F03DB0F9C4628
:1032C00065007B0A570F1F436D0DE40F760DA14675
:1032D000C000B846D200AB1B64457BD0002B5FDD3D
:1032E000002E00D0A4E03E00164300D112E15E1E85
:1032F000002E00D09EE1871A4346B8428041012546
:10330000C91A4042091A0B0200D431E149024E0A9F
:10331000002E00D16EE1300001F038FE0300083BC2
:103320001F2B00DD61E120223900D21A9E40D140DE
:103330009F400E439D4200DD51E15D1B6B1C1F2B26
:1033400000DD7CE12021C91A3D0030008F4088401B
:10335000DD40791E8F41310007222843D9400025E6
:1033600007433A40002A09D00F233B40042B05D0E5
:103370003B1DBB42BF417F42C9191F000B0200D455
:1033800026E26A1CC64B55056D0D9A4200D106E136
:10339000C44AFF080A40530752023B43120B8EE017
:1033A000002B00D0B8E06B1C5B055B0D012B00DC33
:1033B00030E1871A4346B842B641CB1A76429E1B8B
:1033C000330200D54CE13B003343A1D1002200245D
:1033D000002570E0002B00DCE5E0002E00D183E04A
:1033E000AF4EB54260D0802636043743B846382BFE
:1033F00000DC3EE1434613431F007A1E97413F180D
:1034000087428041404209180B0200D4B0E0A44B2F
:1034100001359D4200D1C3E0A24A7B080A40012148
:103420000F401F435108D30707221F433A4099E733
:103430009B4EB54238D0802636043743B846382BE9
:1034400000DDDCE01F2B00DC30E11E004746203EA3
:10345000F740BC46202B04D04026F31A46469E4037
:103460003243170063467A1E97411F43CCE0002B7E
:1034700000D104E24346134300D159E14B07C00891
:1034800018438023C9081B03194208D04546ED089C
:103490001D4204D14346D008590708432900420F72
:1034A000C9007F4D1143C0004B07CA087C49C008C2
:1034B00003438D4268D012036D05120B6D0D002180
:1034C00012031800130B0A0D12051A43764B2D0533
:1034D00013402B435B00E4075B08234319001CBC2B
:1034E00090469946A246F0BD3E00164312D05E1E9D
:1034F000002E00D000E187188742804141444042BD
:10350000091801250B0233D5022585E764463300EF
:10351000414610001D00C7E7002D00D0DAE00C0086
:103520000443F3D05C1C00D19FE15D4CA64200D166
:103530002FE1DB43382B00DD66E11F2B00DD83E14B
:1035400020240500E41A0F00DD40D940A040434686
:10355000A7405B1A441EA04198462F433843171AD0
:10356000BA42924143465242991A64463500CAE62D
:1035700007223A40002A00D0F6E64B07CA0848491D
:10358000FF083B438D4296D11900114300D19EE1C3
:10359000802109030A431203120B414D8FE71500E6
:1035A000002200238BE7002B00D0C7E06B1C5F05D7
:1035B0007F0D012F00DCF1E0394DAB4200D1B9E0C5
:1035C00085180A0085428941424449425118072220
:1035D000CF076D082F4349083A401D00C2E6072275
:1035E0003049ED1A31403A40BCE63E00283886406A
:1035F00000279FE6380001F0C9FC20308EE64346E4
:1036000013431F007A1E9741C71BB84280414042B6
:10361000091A78E60E003B0006431343002D61D1E2
:10362000002E00D0F4E0002B00D11BE164463900ED
:10363000100039E71A4FBB427AD03300FFE6300062
:103640001F3DE840202B03D04021CB1A9E4037433A
:103650007B1E9F41072207433A400021002589E74E
:10366000171A4346BA42B641591A76428E1B64462F
:103670004EE61F2B00DDADE020264746F61AB74088
:10368000B9461700B246DF404E463E433700564625
:10369000B240561EB24117434246DA408918AEE6A0
:1036A000FF070000FFFF7FFFFFFF0F802026474638
:1036B000F61AB740B9461700B246DF404E463E43C1
:1036C00037005646B240561EB24117434246DA40D2
:1036D000891A99E77F4CA6425BD0802424045B4280
:1036E000214327E7002E0CD1002B00D1CBE064460C
:1036F00039001000774DD7E6764FBB4218D0330023
:1037000075E6002B14D04B07C00818438023C90866
:103710001B03194207D0FC081C4204D17907D008CA
:103720000843E14621004C46420FC9001143C00046
:10373000684DB9E61D0000220023C0E6002D5BD1D4
:103740000D00054300D1E2E65D1C00D1B0E0614D03
:10375000AE421FD0DB43382B71DC1F2B00DD96E01F
:1037600020250F00ED1AAF40B9460700AA46DF40FA
:103770004D463D432F005546A840D940451EA8411F
:1037800088440743BF189742924151424144350053
:103790003AE6644635004146100085E60B000343D7
:1037A000002D00D063E6002BF5D04346134300D133
:1037B0007AE687188742804107224144404209182F
:1037C0003A400B0200D4D5E6434B01351940C9E518
:1037D000380069E61E004746203EF740BC46202BD5
:1037E00004D04026F31A46469E40324317006346F3
:1037F0007A1E97411F4302E6364DAE42CAD080255D
:103800002D045B422943A6E70843411E8841A6E6F2
:10381000002B00D148E6871A4346B842B641CB1A7E
:1038200076429E1B33024BD5171A4346BA42924149
:10383000591A5242891A072264463A4092E50143D6
:103840000F00791E8F419DE71C000F00203CE740D0
:10385000202B03D04024E31A99400843411E88419D
:1038600038437CE60022002425E6171A4346BA4274
:103870009241591A5242891A6446350043E541463D
:103880001000144D10E680220024120380E61D0073
:103890000F00203DEF40BC46202B03D04025EB1A03
:1038A0009940084307006346781E87411F4369E734
:1038B000871897429B4141445B42C9183500A3E5F4
:1038C0003B003343CED0072231003A4052E600237A
:1038D0001A00F4E5FF070000FFFF7FFFF0B5574631
:1038E000DE464E464546E0B5834607000E034800D7
:1038F00085B092461C00360B400DCD0F002800D13C
:103900009DE0954B984239D08023F6001B041E435E
:10391000924A7B0F334399469446030063440093D5
:1039200000230026FF00029323031B0B984663002D
:10393000E40F52465B0D019400D1B3E086498B42FF
:1039400000D19EE04246D100802212040A43514633
:10395000490F11438B46814952468C460099634476
:10396000CB1A0021D20000932B0063409A460F2E01
:1039700000D905E17A4BB6009B599F465B4633431D
:10398000994600D0B8E00223082600270090029351
:10399000CAE7CB463A0002990195019B9A46022953
:1039A00027D0032900D180E2012944D06D49009B32
:1039B0008C4663441C00002C38DD530700D013E212
:1039C000D2085B46DB0109D55946674B19408B4647
:1039D0008021C9008C46009B63441C00634B9C42C1
:1039E00007DC5B4664055F075B0217431B0B620D38
:1039F00002E000230027584A00211B031C0B0B0D7B
:103A00001B05234314055A4A380013401C435346F0
:103A10006400DB0764081C43210005B03CBC9046F1
:103A20009946A246AB46F0BD0122524201231B1B20
:103A3000382B00DCADE1002200230027DCE75B46E9
:103A4000334399465ED0002E00D18AE1300001F068
:103A50009DFA03000B3B1C2B00DD7BE11D22D31ADA
:103A60005A460100DA4008398E4013005F4633435E
:103A700099468F403F4B00261B1A00930023029368
:103A800052E7414653460B433B499B468C46009BBD
:103A9000634400935B46002B3BD1022300221E436C
:103AA000022161E7434613439B4637D04346002B30
:103AB00000D162E1404601F069FA03000B3B1C2B88
:103AC00000DD53E102004146083A914088461D213D
:103AD000CB1A5146D9400B0041460B439B465346F7
:103AE00093401A00009B25499C46604403008C4685
:103AF00063440093002137E70323B14600900C266E
:103B0000029311E700230093013304260027029358
:103B10000AE70323C3461E43032125E701331E435F
:103B20000022012120E700239A46802300271B035F
:103B3000094A61E7802349461B03194200D1E2E0AC
:103B40005946194200D0DEE00B431B0317001B0B44
:103B5000A246014A50E7C046FF07000001FCFFFFF4
:103B600038D20200FF030000FFFFFFFEFE07000047
:103B7000FFFF0F800DFCFFFF01F8FFFFF3030000C4
:103B8000D94500D9CBE000D1C6E03C00484600272B
:103B9000009B013B00935B46160E1B021E43130263
:103BA000984633041B0C9946310C0191FEF744FAF8
:103BB0004A4642430B04210C050019438A4207D9A7
:103BC0008919013D8E4203D88A4201D9851E89197F
:103BD000881A0199FEF730FA09048C464A462104F6
:103BE00064464243090C030021438A4204D98919DF
:103BF000013B8E4200D8F1E02D041D43AB46434605
:103C0000891A4246280C12041D0C5B46140C220033
:103C10001B041B0C5A4303946B43444302956843B3
:103C20001B19150CEB189C4203D980246402A4468E
:103C300060441C0C15041B042D0C20185D198142D6
:103C400077D373D00C1AA24A7D1BAF42BF41944672
:103C5000009B7F426344E01B1C00864200D1DBE0F6
:103C60000199FEF7E9F94A4642430B04290C070083
:103C700019438A4207D98919013F8E4203D88A42E3
:103C800001D9871E8919881A0199FEF7D5F9090407
:103C90004A46894629044D464243090C03002943FC
:103CA0008A4207D98919013B8E4203D88A4201D939
:103CB000831E89193F04891A3A00039F1A4338006A
:103CC00013041B0C584381460298150C6F43434361
:103CD00045434846000C8446DB1963449F4203D9A0
:103CE000802040028446654448461F0C00041B04A3
:103CF000000C7D191818A94200D284E000D17FE0A1
:103D000001231A4357E680234A461B0313431B0330
:103D10001B0BAA466F4A6FE6BA4200D935E74B46FD
:103D2000DC0758087B081C43FF0734E70024AF4238
:103D300089D247444745A4415B466442A4196418AC
:103D4000013BA6421ED2A0426DD800D1B6E0241A93
:103D50009B4678E703005A46283B9A400027914645
:103D600088E6584601F012F9203072E60300524608
:103D7000283B9A4093460022B4E6504601F006F9EB
:103D800020309AE6A642E2D1B845DCD9341A9B46E7
:103D900059E71F2B65DC504C0099A4465C466144F2
:103DA00008008C4011008240D940501E82410C43D3
:103DB00014435A46DA401300620709D00F2222400A
:103DC000042A05D02200141D9442894149425B18FF
:103DD0001A0262D50122002300270DE68A4200D88C
:103DE0000AE7831E891907E70F231340042B00D12C
:103DF000E6E5171D9742924153429B44FA08E0E5DD
:103E0000002800D1D7E57118531EB14227D3A9422B
:103E100015D358D01A0073E7002B00DC04E6012309
:103E200000229B44CDE502234744474589415B423C
:103E30009C46494289190C19E344241A03E7434676
:103E40005F0047459B41B8465B429E19023A89197B
:103E5000A94200D054E7404500D051E7ABE51A0035
:103E6000F6E71F215F4649420C1BE740202B07D095
:103E70001A49009B8C46634418005B4683401A43F2
:103E8000501E82413A4307270023174009D00F21D3
:103E9000002311401400042995D122005F075B0222
:103EA0001B0BD20817430022A6E5802359461B03AB
:103EB0000B431B0317001B0B064A9DE5BD42B2D8FE
:103EC0009B460024BFE68045B9D31A00C3E7C0462D
:103ED000FF030000FF0700001E0400003E04000076
:103EE000F0B54F464646D6468446C0B58046194E84
:103EF00018030F034D00000B5C0082463F0B6D0D55
:103F0000C90F9146640DDB0F0120B5420AD0B442BF
:103F100003D0A54201D157450CD01CBC9046994610
:103F2000A246F0BD66463E43F7D1AC42F5D15446B9
:103F30001443F2D10120C845EFD1994207D0002D9A
:103F4000EBD163461F433800471EB841E5E7002028
:103F5000E3E7C046FF070000F0B54F464646D646A9
:103F60004D00C0B50E03C90F8A462C491F035C00E3
:103F70008046360B6D0D91463F0B640DDB0F8D4275
:103F80001ED08C4216D0002D1ED130438446002C0A
:103F900001D13A4323D06246002A1AD09A4529D04B
:103FA000514602200139084001381CBC9046994610
:103FB000A246F0BD39001143E5D002204042F4E7AB
:103FC0003043FAD1AC420FD0002C0FD13A43E7D0A6
:103FD0000CE00122013B934318000130E5E7634602
:103FE0000020002BE1D0DBE73A43E6D19A45D7D158
:103FF000A542D5DCA54205DBBE42D1D808D00020C1
:10400000BE42D2D250460123013898430130CCE75A
:10401000C845C5D80020C845F4D3C6E7FF0700004F
:10402000F0B54F464646D6464D00C0B50E03C90F03
:104030008A462E491F035C008046360B6D0D914663
:104040003F0B640DDB0F8D4218D08C4211D0002D38
:1040500018D130438446002C1ED13A431CD163460C
:104060000020002B30D05146022001390840013891
:104070002AE039001143EAD0022025E03043FBD189
:10408000AC4226D0002C26D13A4324D151460220FE
:1040900001390840013817E06246002A0FD09A45DE
:1040A000E1D1A54205DBBE42DDD819D00020BE42D9
:1040B0000AD25046012301389843013004E001221E
:1040C000013B9343180001301CBC90469946A24620
:1040D000F0BD3A43D0D19A45C5D1A542C3DCE0E753
:1040E000C845C0D80020C845E3D3EDE7FF0700006E
:1040F000F0B55746DE464E464546E0B583460600D7
:104100000F03480087B092461D003F0B400DCC0FB7
:10411000002800D16FE0DE4B984238D08023FF00AA
:104120001B041F43730F3B430193DA4B002799464F
:1041300000239B46F60081442B0369001B0B52466B
:104140009846490DED0F002900D185E0D04B9942EA
:1041500000D173E04346DA0080231B041343524628
:10416000CC48520F84461343524600206144D2008B
:1041700089442100694000918C46012149448A46C6
:104180000F2F00D990E0C449BF00CF59BF465B460E
:104190003B43019300D06AE10223082700268146B1
:1041A0009B46C9E732005846019B614600910228B0
:1041B00000D175E0032800D1FEE1012800D02CE1F8
:1041C00000230027002600253F032A0D3F0BB3489C
:1041D00012053A4302401B051343009A5B00D107C6
:1041E0005B080B433000190007B03CBC9046994671
:1041F000A246AB46F0BD5B463B43019300D12FE1A5
:10420000002F00D1A5E1380000F0C0FE03000B3BF9
:104210001C2B00DD96E11D22D31A5A460100DA401C
:104220005E4608398F4013008E403B4301939C4B00
:1042300000271B1A994600239B467DE741465346BB
:104240000B4393498C46E144002B00D01AE1022233
:104250000220174300228CE7134300D10DE14346AF
:10426000002B00D181E1404600F090FE02000B3AA5
:104270001C2A00DD72E10100434608398B40984654
:104280001D239A1A5346D3401A00434613435246FD
:104290008A404946081A824989468144002068E7D5
:1042A0007B4B002700268EE7140C1204120C110021
:1042B000370C3604350C794328008C462E006043B9
:1042C0006044834656432100300C8046584679436B
:1042D00040440291844506D98846802149028C4693
:1042E000E044414602913604010C360C00048B4632
:1042F00081191E0C1B041B0C0391190079438C4679
:10430000280075436544A8465843050C4544774347
:10431000A94203D9802149028C466744290C8C4666
:1043200039000004000C2D042D186144AB440591A4
:104330005946049101990F043F0C080C3900514370
:104340004243904602008C46090C8B4662437C43F4
:1043500044445C44A04503D9802149028846424434
:10436000210C884661460904090C8C4639005943E2
:10437000434370437E430F0CF6182404BE19644473
:1043800042448C46B34203D980235B0298464044A2
:10439000029B61469846049B370443449B46AB45C9
:1043A000AD416B420D0405992D0C8C467F19674475
:1043B000FD18A8465D462D19A542A44193466442C6
:1043C000A446C344DC448F42BF4198459B4193457A
:1043D0009241A445A4415B427F421F43360C5242A6
:1043E0006442BF192243BF18624638184302D20DF7
:1043F000039913436A020A43501E82416146ED0D40
:104400002A434E023243D90100D4B3E001265008BA
:1044100032400243DE0732435B08224C5444002CF6
:1044200062DD510709D00F201040042805D0101D6F
:104430009042924152429B180200D90104D5802437
:104440001948E400034054441848844200DD27E73B
:104450005E075B02D2081F0B630516435B0DB2E6D5
:10446000002399460133042700269B4664E6032374
:10447000019781460C279B465EE6012201201743E7
:10448000002276E6032303201F43434671E6C0461D
:10449000FF07000001FCFFFF78D20200FFFF0F8042
:1044A0000DFCFFFFFF030000FFFFFFFEFE07000003
:1044B0000023802700933F030026434B83E6019BA4
:1044C0003200A446584670E6AC466EE68027019955
:1044D0003F0339422DD03B422BD11F433F033F0BBB
:1044E00000951600384B6EE601252D1B382D00DD9A
:1044F00066E61F2D40DC35481C0050441600824003
:104500008440EE40501E824134431443EB40620726
:1045100009D00F222240042A05D02200141D944203
:10452000804140421B181A023ED501230027002675
:1045300049E68027019B3F031F433F033F0B009445
:10454000214B40E603005A46283B9A400026019240
:104550006DE6584600F01AFD203057E6030052463B
:10456000283B9A401300002293E6504600F00EFDCF
:1045700020307BE6CA4650E71F201E004042041B45
:10458000E640202D03D0124C5444A3401A43501E41
:104590008241324307260027164009D00F2000230E
:1045A000104014000428B9D122005E075B021F0BE3
:1045B000D2081643002306E680273F031F433F032C
:1045C0003F0B1600004BFEE5FF0700001E04000035
:1045D0003E040000F8B557464E464546DE460C0000
:1045E0000903E0B5490A460F5F0031431E03DB0FA4
:1045F000760A9B46530F3343C84E6500C000E40F54
:10460000D2006D0DA24681467F0D9C469046B74272
:1046100000D1B9E05B46012673409B46EE1BA345E3
:1046200000D183E0002E63DD002F00D0B1E06346AF
:10463000134300D123E1731E002B00D0BAE1861A88
:104640006346B04280410125C91A4042091A0B0253
:1046500000D447E149024B0A98464346002B00D15B
:1046600089E1404600F092FC0300083B1F2B00DD6F
:104670007CE120223000D21A4146D040994002000D
:104680009E400A439D4200DD6AE15D1B6B1C1F2BAF
:1046900000DD94E1202110003500C91A8E40DA4077
:1046A0008840DD40711E8E411100072228430025FD
:1046B00006433240002A09D00F233340042B05D093
:1046C000331DB342B641764289191E000B0200D455
:1046D0003DE26A1C914B55056D0D9A4200D119E1DE
:1046E0008F4AF6080A40570752023743120B9BE0E5
:1046F000002E00D0C5E06E1C7605760D012E00DC84
:1047000048E16746861ACB1BB042BF417F42B8469C
:104710001F004346FF1A3B00B8461B0200D55FE16D
:1047200037439AD100220024002579E0002E00DCD6
:10473000FAE0002F00D18DE0784B9D4267D08023B6
:1047400067461B041F43BC46382E00DC52E163461B
:1047500013435A1E93411E18864280414042091855
:104760000B0200D4BEE06D4B01359D4200D1D2E07A
:104770006B4A73080A4001210E401E435108D307BB
:1047800007221E43324095E71E00164300D045E73E
:1047900040E7624B9D423AD0802367461B041F438B
:1047A000BC46382E00DDEBE01F2E00DC3AE1330082
:1047B0006746203BDF403B00202E05D04027BF1B33
:1047C0006646BE40324390464646721E964133438B
:1047D000DAE0002B00D114E26346134300D168E114
:1047E00080234E07C008C9081B030643194208D09E
:1047F0006046C008184204D163460100D2085E0733
:104800001643F3009946C900720F444D11434B46BD
:10481000DE08424B4F073743CA089D4200D16EE085
:1048200012036D05120B6D0D00211203130B0A0DFF
:1048300012051A433B4B2D0513402B435B00E40745
:104840005B082343380019003CBC90469946A246B9
:10485000AB46F8BD6346134311D0731E002B00D046
:1048600007E18618864280416144404209180125CB
:104870000B0237D502257BE73E00614691463500A5
:10488000C5E75C46002D00D0E1E00B000343F3D008
:10489000731C00D1ACE1214B9F4200D13AE1F343BC
:1048A000382B00DD6FE11F2B00DD8CE120250E0091
:1048B000ED1AAE40B0460600AA46DE4045463543F6
:1048C0002E005546D940A8406346451EA8415B1AB4
:1048D0009C463043161AB242924163465242991A9C
:1048E0003D00B4E607223240002A00D0E4E60B4B3C
:1048F000F6084F073743CA089D4200D090E73B00B7
:10490000134300D1A6E180231B031A431203120BA9
:10491000024D89E715000022002785E7FF07000008
:10492000FFFF7FFFFFFF0F80002E00D0C7E06B1C52
:104930005E05760D012E00DCF0E0C84DAB4200D1E3
:10494000B9E085180A0085428941624449425118FC
:104950000722CE076D082E43490832401D00A9E604
:10496000BF49ED1A114007223240A3E63200283831
:104970008240002686E6300000F008FB203073E617
:10498000634613435A1E9341C61AB04280414042C7
:10499000091A5CE60E00674606431743002D5ED1F8
:1049A000002E00D0F3E0002F00D11EE15C466146EE
:1049B00091462CE7A94FBE427BD01E00F1E61000C5
:1049C0001F3DE840202B03D04021CB1A9A401643CC
:1049D000731E9E410722064332400021002583E7D3
:1049E000161A6346B2428041591A40420B1A984641
:1049F0005C4632E61F2E00DDABE02027BB1B9A464B
:104A000063465746BB40994613004F46F3401F4349
:104A10003B005746BA40571EBA4113436246F24024
:104A2000891898E62027BB1B9A4663465746BB4029
:104A3000994613004F46F3401F433B005746BA4088
:104A4000571EBA4113436246F240891A9CE7834BD2
:104A50009F425FD080252D047342294320E7002E1A
:104A60000CD1002F00D1D0E05C46614691467B4DD1
:104A7000CDE67A4FBE421CD01E0065E6002F18D04E
:104A8000C0084E0706438020C9080003014208D031
:104A90006346DC08044204D12100DA46D2085E07EE
:104AA0001643F300994601245346C900720F11437F
:104AB0001C406A4DABE61D0000220027B4E6002D25
:104AC00059D10B00034300D1D6E6731C00D1B2E0EC
:104AD000624B9F421ED0F343382B6FDC1F2B00DD4F
:104AE00097E020250E00ED1AAE40B0460600AA461B
:104AF000DE40454635432E005546A840D940451E68
:104B0000A8418C440643B6189642924151426144F2
:104B10003D0025E63D006146914678E60B000343E3
:104B2000002D00D055E6002BF5D06346134300D18D
:104B30006DE6861886428041614440420918002291
:104B40000B0200D4D0E6464B01351940B2E5B14620
:104B50005DE633006746203BDF403B00202E05D05A
:104B60004027BF1B6646BE40324390464646721EF3
:104B700096413343EFE5394B9F42CBD080252D043E
:104B800073422943A8E70843411E8841A2E6002F4B
:104B900000D13CE66346861ACF1AB0429B415B4285
:104BA000FB1A98461B024ED5161A6346B242924132
:104BB000591A5242891A5C4600227BE501430E00D5
:104BC000711E8E419FE71D000E00203DEE40B04655
:104BD000202B04D04025EB1A9940084381464846D3
:104BE0004346411E8841184374E60022002417E61C
:104BF000161A6346B2429241591A5242891A3D002E
:104C000025E561469146154D01E6802200241203F8
:104C100079E61D000E00203DEE40B046202B04D06A
:104C20004025EB1A9940084381464E464346711E83
:104C30008E411E4367E7861896429B4161445B4262
:104C4000C9183D008CE547463743CED00722414680
:104C5000324049E600273A00E6E5C046FF0700007B
:104C6000FFFF7FFF70B50C4E0D031C0349005B0076
:104C70002D0B490D240B5B0DB14208D006490020D5
:104C80008B4203D114432000441EA04170BD054354
:104C90000120002DFAD1F1E7FF07000030B5144DD7
:104CA0000A034B00120B5B0DC90F0024AB4211DD50
:104CB000104CA34210DC8024640322430E4CE41AFF
:104CC0001F2C0CDD0D48C31ADA4013005C4200298A
:104CD00000D11C00200030BD094BCC18FAE7094D6B
:104CE000E040AC4663449A4013000343EEE7C046FD
:104CF000FE0300001D040000330400001304000044
:104D0000FFFFFF7FEDFBFFFF70B500282DD0C3171D
:104D1000C5185D40C40F280000F038F9154B1B1A68
:104D20005B055B0D0A2815DD0B38854000222D033D
:104D30002D0B002110002D030A0D2D0B12052A4307
:104D40000D4D1B052A4013435B00E4075B0823431A
:104D5000190070BD02002900153291400A000B2194
:104D6000081AC5402D032D0BE3E70024002300257E
:104D70000022DEE71E040000FFFF0F8010B5041EB6
:104D800025D000F003F9144B1B1A5B055B0D0A28B4
:104D900012DD0B38844000222403240B0021100074
:104DA00024030A0D240B120522430C4C1B05224040
:104DB00013435B00590810BD0200210015329140D9
:104DC0000A000B21081AC4402403240BE6E7002341
:104DD00000240022E2E7C0461E040000FFFF0F800F
:104DE0004100090E4B1C70B5DBB24602750AC40FB8
:104DF000012B14DDE0239B006D07360BCB1800213F
:104E00000A0D280012051C4D32435B052A405B0841
:104E100013435B00E4075B082343190070BD0029BE
:104E200014D1002D1ED0280000F0B0F80A281CDC98
:104E30000B232A001B1ADA40030015339D400F4B49
:104E400012031B1A5B05160B5B0DD8E7002D06D06D
:104E5000320B802636036D071643094BCFE7084B0C
:104E60000026CCE700230026C9E703002A000B3BFD
:104E70009A400025E3E7C046FFFF0F80890300004A
:104E8000FF070000F0B54C00640D0B03621C5B0AC9
:104E9000460F5205C90F1E43C500520D012A29DDD8
:104EA000374BE718FE2F1CDC002F3BDD8001431E33
:104EB00098410722F3006D0F03432B431A40002A49
:104EC00004D00F221A40042A00D004338022D204D6
:104ED0001A4024D00137FAB2FF2F02D09B01580AA2
:104EE00001E0FF2200204002D205400AC90710431A
:104EF0000843F0BD3543002C04D1002D0AD1002217
:104F00000020F0E7002DECD08020C0033043FF22CA
:104F1000E9E7002400235B02580AE2B2E3E7DB087A
:104F20003C00F8E73B001733F3DB80231B043343DB
:104F30001E26F61B1F2E14DD02225242D71B1A001A
:104F4000FA401700202E04D00E4A94466444A34031
:104F50001D432B005D1EAB4107223B431A40002737
:104F6000ADE7094A2800A218954093406C1EA54160
:104F7000F04007222B4303431A4000279FE7C04617
:104F800080FCFFFFA2FCFFFF82FCFFFF1C2101232E
:104F90001B04984201D3000C10391B0A984201D31C
:104FA000000A08391B09984201D30009043902A2FA
:104FB000105C40187047C046040302020101010161
:104FC000000000000000000010B5002903D1FFF729
:104FD000DDFF203002E0081CFFF7D8FF10BDC046FF
:104FE000F0B54E465746DE464546E0B50F00002177
:104FF00083B006008946002F06DA390000274642B2
:105000008F41012149428946002B07DA4946C943AD
:10501000100089461900002342428B4134003D00B4
:1050200092469846BB4269D866D041465046FFF743
:10503000CBFF834639003000FFF7C6FF5B461B1AE3
:105040009C46203B9B4600D575E051465846814022
:105050000B005146604681400A00BB4261D85ED0D9
:1050600034003D005946A41A9D41002900DA7AE037
:105070000021002001260090019159468E400196A2
:10508000614601268E4061460096002950D0D9071E
:1050900056085F080E4363460EE0AF4201D1A642B8
:1050A0000CD8A41BBD41012124196D410022013BF4
:1050B00064185541002B06D0AF42EED9013B2419AC
:1050C0006D41002BF8D1009801995B4600196941A8
:1050D000002B3DDB2E00DE4063462C00DC405B46AF
:1050E000002B4BDB34005D46AC4023006446A640F9
:1050F0003200801A994103E0B24296D90020002183
:105100004B46002B04D003000C0000215842A14163
:1051100003B03CBC90469946A246AB46F0BDB142B6
:105120009ED9002100200090019161460029AED156
:1051300000980199E4E72023624651469B1AD94022
:105140004046009161468840030000990B4380E788
:10515000624620239B1A2A009A40260013006246CA
:10516000D6401E43B8E7614620260127761A002064
:105170000021F74000900191019781E767462023C5
:1051800062463500BC409B1ADD4023002B43ADE74F
:1051900010B5062001F0BCFC012004F0D7FA000095
:1051A00030B51C00094B05001B6885B0D868084B5A
:1051B000002A01D1074B1A000292019300912B00A3
:1051C0002200054900F08EF9FFF7E2FFAC2600202F
:1051D000B8D2020052D10200C5D2020010B50A2294
:1051E000002101F071FE10BD10B504000448130049
:1051F000002804D00A000220210000E000BF10BDFA
:1052000000000000014B18687047C046AC26002023
:10521000F7B58A8905000C00130760D44B68002B92
:1052200004DC0B6C002B01DC0020FEBDE76A002FC4
:10523000FAD000232E682B6080235B01216A1A407C
:1052400034D0606DA3895B0706D56368C01A636BB1
:10525000002B01D0236CC01A0200216A0023280011
:10526000E76AB847A189431C06D12B681D2B30D8AB
:105270002B4ADA40D3072CD50023636023692360CF
:10528000CB0405D5431C02D12B68002B00D16065EF
:10529000616B2E600029C7D023004433994202D0AD
:1052A000280000F055FD00206063BEE701232800C0
:1052B000B847431CC6D12B68002BC3D01D2B01D08F
:1052C000162B01D12E60AFE74023A2891343A3819F
:1052D000ABE740230B430120A3814042A5E70F69C0
:1052E000002FA1D00B680F60DB1B019300239207F6
:1052F00000D14B69A360019B002B00DC94E7019B6C
:105300003A00216A2800A66AB047002803DC40233F
:10531000A2891343DFE7019B3F181B1A0193EAE7B9
:10532000010040200B6970B505000C00002B01D175
:10533000002070BD002804D08369002B01D100F04B
:105340005FF80B4B9C4209D16C680C22A35E002BCA
:10535000EED021002800FFF75BFFEAE7054B9C42F7
:1053600001D1AC68F1E7044B9C42EED1EC68ECE76C
:1053700014D3020034D30200F4D20200002310B58B
:10538000040003604360836081814366C2810361DE
:1053900043618361190008225C3000F03CFA054B40
:1053A00024626362044BA362044BE362044B2363F5
:1053B00010BDC046456C0200716C0200A96C020071
:1053C000D56C020010B5024900F09CF810BDC04633
:1053D0002553020070B568254A1E55430E0029006A
:1053E000743100F0FFFC041E08D000212A00016087
:1053F00046600C30A060683200F00DFA200070BDED
:10540000836913B50400002B28D18364C36403654A
:10541000134B144A1B6882620193984201D1012305
:105420008361200000F020F86060200000F01CF88C
:10543000A060200000F018F80022E06004216068FD
:10544000FFF79CFF01220921A068FFF797FF0222C6
:105450001221E068FFF792FF0123A36113BDC0464C
:1054600054D30200C5530200F8B51C4B07001E6858
:10547000B369002B02D13000FFF7C2FF4836B46891
:105480007368013B04D53368002B07D03668F6E714
:105490000C22A55E002D0DD06834F2E704213800FF
:1054A000FFF798FF30600028F0D10C2304003B6028
:1054B0002000F8BD20000A4B656625606560A56088
:1054C000E36025616561A561082229005C3000F078
:1054D000A2F96563A563A564E564E9E754D3020016
:1054E0000100FFFF0EB403B5010003AB044804CB79
:1054F0000068019300F0FCFC02B008BC03B0184740
:10550000AC260020F7B504000700002601914834BE
:10551000002C01D13000FEBD6368A5680093009B9C
:10552000013B009301D52468F2E7AB89012B08D930
:105530000E22AB5E013304D029003800019B98474E
:1055400006436835EBE70000074B70B51C680500A3
:10555000E36B002B03D1242000F00CF9E06328005A
:10556000E16B00F003F870BDAC260020F0B50668D2
:10557000476885B0594A002330000C003900FCF719
:10558000C3FE574A0190851800233000534A390062
:10559000FCF7BAFE161E06DA524A504B9446F6182D
:1055A000019B63441D00E12130000901FCF748FD27
:1055B000E121A06009013000FCF728FE0E003C212B
:1055C0003000FCF73DFD3C2160603000FCF71EFE22
:1055D000E81C21600721FCF719FE002900DA0731D9
:1055E000A161281E404901DA404BE818FCF728FD6C
:1055F00007003F483F49784345192800FCF796FCCF
:105600003D4946192800FCF791FC3C49361A280010
:10561000FCF78CFC6E21361AFF313000FCF786FC5B
:10562000374901903000FCF781FC334945193000BF
:10563000FCF77CFC6E21019BFF3159432D1A6B1A3C
:10564000052618007043992102300293FCF76EFC86
:10565000050099206843029B310001330230039317
:10566000FCF764FC039B033E1B1A0393092D00D92E
:105670000C3EC8235B005F43019B7619FF18012590
:105680000023B5425B41FF183223029AFF339A424E
:105690000ED91500333DFF3D1A4B2000FF18039B28
:1056A000E561E360002367612661236205B0F0BD18
:1056B000019B9B0706D164210198FCF7BDFC2800E3
:1056C000002906D1C82101984900FCF7B5FC4842E1
:1056D0004841029D3B352D18DEE7C0468051010050
:1056E0006CFA0A006BFA0A00B13A020050C5FDFFDD
:1056F0004FC5FDFFAC8E0000B4050000B03A0200BB
:10570000948E000094F8FFFF70B500260C4D0D4CF0
:10571000641BA410A64209D1002604F019F80A4D12
:105720000A4C641BA410A64205D170BDB300EB580F
:1057300098470136EEE7B300EB5898470136F2E799
:10574000E4280020E4280020E42800206429002028
:10575000EC30006870470000044B1B681B6A002B8C
:1057600000D1034BEC3318687047C046AC260020CC
:105770001027002010B5034B0100186800F032FB21
:1057800010BDC046AC26002010B5034B01001868C0
:1057900000F0DEFA10BDC046AC26002082B0002921
:1057A00000D101A9101E06D0002B06D013780B6083
:1057B0001078431E984102B0704702204042FAE739
:1057C00030B50024A24201D1002005E0035D651C34
:1057D0000C5DA34201D0181B30BD2C00F2E7002362
:1057E00010B59A4200D110BDCC5CC4540133F8E727
:1057F00010B5884202D98B18984203D3002307E0E2
:105800008B5C8354013AFBD210BDCC5CC454013391
:105810009A42FAD1F8E703001218934200D1704778
:1058200019700133F9E70000F7B5016804003B295E
:105830000BD93C22684601F07FFF63680099019A0A
:105840005B186360002A51DB226061683B290BD939
:105850003C22684601F070FFA3680099019A5B182A
:10586000A360002A47DB6260A16817290BD91822C0
:10587000684601F061FFE3680099019A5B18E360F4
:10588000002A3DDBA26021690B290BD90C22684656
:1058900001F052FF63690099019A5B186361002A65
:1058A00033DB226165691C23AA070FD1642128001C
:1058B000FCF7ACFC1D23002908D13C4B9131E818C2
:1058C000FF31FCF7A3FC4B424B411C33E2681D2720
:1058D000002A45DD03261C272269E168012A43D0FE
:1058E000334D90004059814241DC3CE03C32013B69
:1058F00022606360A9E73C32013B6260A360B3E7CA
:105900001832013BA260E360BDE70C32013B22612B
:105910006361C7E72269013A2261013217D10B2383
:10592000032265692361681E6061113310420ED144
:105930006421FCF76BFC3B00002908D11D4B913121
:10594000E818FF31FCF762FC4B424B411C332169E4
:105950001A00012902D0164A89008A58B618E66052
:10596000E668002ED6DDF7BD8B42FCDA1800091A76
:105970000132E16022610C2AAED100236569236106
:10598000681C60613B003042A6D16421FCF73EFCFC
:105990001D230029A0D1084B9131E818FF31FCF7F5
:1059A00035FC4B424B411C3396E7C0466C07000068
:1059B00060D302006B0700006D070000F0B58BB0EC
:1059C000040002F079FD07002000FFF72DFF3C23C3
:1059D0006268A168534322689B18E12212014A437E
:1059E0009B180093E268DB1701932369501EB54AA8
:1059F00099008A588218049262690392012B14DD7F
:105A000013009B0711D164211000FCF7FFFB002954
:105A100008D1039BAC4A9131FF319818FCF7F6FB93
:105A2000002902D1049B01330493049BA749E3613D
:105A3000039BA74A5B18934200D974E1039B462B52
:105A400000DC88E0C8264625760003231D4200D0EE
:105A50007FE064212800FCF7D9FBB7235B00002915
:105A600008D1994B3100E818FCF7D0FB4B424B4171
:105A70006E33FF33049A0135D3180493039BAB4272
:105A8000E3D1049A934B53431800D917009A019B12
:105A900012184B410092019301F090FB01F090FB32
:105AA0008D4B1D68002D4CD06369874A9818236A76
:105AB00005930893002B01DD012308937B68834243
:105AC00000D089E0B86CF96C3B6D02000993099B2A
:105AD0000693DB170793BB6A1D00DE179C460B007D
:105AE000521BB3411E00019B15009E420EDC02D1E9
:105AF000009B9D420AD8069A079B801A9941019BF8
:105B000099426EDC02D1009B98426AD806980799A8
:105B10003A6A7B6A121A8B413968002963D001996D
:105B20008B420ADC02D100998A4206D8019B9E4230
:105B300060DC02D1009B9D425CD8059B0025002BB8
:105B40005CDABB6A1E00DF17009A019BB6185F4142
:105B5000A6E06E238DE7039B462B92D0C8264525F1
:105B6000760016E0002B30D164212800FCF74EFBB4
:105B7000B7235B00002908D1534B3100E818FCF72C
:105B800045FB4B424B416E33FF33049A013DD31A20
:105B900004930323039A2B40AA42E3DB002B16D184
:105BA00064211000FCF732FB002912D1039B464A06
:105BB00091319818FF31FCF729FB4B4259416E3166
:105BC000FF31049B5B1A04935BE76E23DCE76E21D5
:105BD000F6E7B7214900F4E701F040FA002800D0C9
:105BE00070E7089D51E001998B429FDC02D100993A
:105BF0008A429BD8059B0125002B49DB089E6E40FD
:105C0000012E42D16346099A9B1A002D00D15B42B6
:105C100018002268D917D2182260009A019B121826
:105C20004B4100920193E36820000593FFF7FCFDD0
:105C3000E368059A9B1A28D0012B20DC5A1C00DB54
:105C40001E00049BE2699B1904930323B61847D5F1
:105C5000039A501E184215D16421FCF7D7FA002987
:105C60002DD11E4A039B9446913163441800FF31A5
:105C7000FCF7CCFA4B4259416D31FF3104E001266B
:105C80007642DEE7B6214900E161012D00D058E7F8
:105C90003B6D01251E00DF17009A019BB6185F417E
:105CA00001F08DFA0498256204300721FCF7AEFA62
:105CB000002936DBA161300039000BB0F0BD6E2148
:105CC000DBE7C04690D302006C07000010270000FD
:105CD000204E000080510100AC5700206B070000EF
:105CE000039A1A4216D164211000FCF78FFA00299A
:105CF00012D10F4A039B9446913163441800FF313F
:105D0000FCF784FA4B4259416E31FF318E4206DA7C
:105D1000E661BAE76E21F8E7B7214900F6E7761A9F
:105D2000F6E70731C6E701267642F717C3E7C04614
:105D30006C0700004A4370B51100140000F052F8DF
:105D4000051E03D022000021FFF765FD280070BD6D
:105D500070B50500002910D00C1F2368002B00DA55
:105D6000E418280002F043FC1D4A1368002B05D1FB
:105D700063601460280002F03BFC70BDA34209D9A7
:105D8000216860188342F3D118685B68411821606C
:105D9000EEE713005A68002A01D0A242F9D9196827
:105DA0005818A0420BD1206809185818196082426F
:105DB000E0D110685268411819605A60DAE7A042D1
:105DC00002D90C232B60D5E721686018824203D1E9
:105DD000106852684118216062605C60CAE7C04682
:105DE00088570020032370B5CD1C9D43083506005D
:105DF0000C2D1ED20C25A9421DD8300002F0F7FB55
:105E0000254A14682100002919D1244C2368002B4D
:105E100003D1300000F040FE20602900300000F087
:105E20003BFE431C2BD10C233000336002F0E0FB1F
:105E300003E0002DDFDA0C233360002070BD0B6817
:105E40005B1B19D40B2B03D90B60CC18256003E026
:105E50004B688C420DD11360300002F0C9FB20006A
:105E600007220B30231D9043C31AE7D05A42E25059
:105E7000E4E763600C00EFE70C004968C3E7032325
:105E8000C41C9C43A042E1D0211A300000F004FE63
:105E9000431CDBD1C7E7C046885700208C57002041
:105EA000936810B5013B9360002B04DA9469A34218
:105EB00007DB0A2905D01368581C10601970080008
:105EC00010BD01F03BFB0100F9E7F8B506000F003B
:105ED0001400D518AC4201D1002007E021783A0027
:105EE0003000FFF7DDFF0134431CF3D1F8BD0000A3
:105EF000F0B59FB002900F0016000593002805D062
:105F000083690493002B01D1FFF77AFA7B4B9F4200
:105F10005BD1029B5F68BB891B0762D53B69002B85
:105F20005FD0002306AC6361203363761033A37621
:105F300035002B78002B01D0252B5CD1AB1B0493B3
:105F40000CD0320039000298FFF7BFFF431C00D18C
:105F5000C4E06269049B9446634463612B78002B20
:105F600000D1BBE0012200235242626002A95432F8
:105F700052186E1C2360E360A3601370A365317830
:105F800005225F4802F028FB751C002835D12268E5
:105F9000D30604D5532302A95B18202119701307D7
:105FA00004D5532302A95B182B21197033782A2BAF
:105FB0002CD0350000210A20E3682A786E1C303A84
:105FC000092A64D900292ED026E04E4B9F4202D1E7
:105FD000029B9F689FE74C4B9F429CD1029BDF68CE
:105FE00099E73900029801F01FFB002899D00120A1
:105FF00040421FB0F0BD01359BE7414B2268C01AFB
:1060000001238340134323602E00B8E7059B191D2D
:106010001B680591002B01DB099304E05B42E36000
:106020000223134323602B782E2B0AD16B782A2B63
:1060300035D1059B02351A1D1B680592002B2BDB01
:106040000793324E29780322300002F0C5FA002867
:1060500006D04023801B8340226801351343236010
:10606000297806222A486E1C217602F0B5FA00280B
:106070003AD0284B002B25D10722059B07339343A9
:10608000083305936369039A9B18636150E74343A0
:1060900001219B18350090E701235B42D0E70023E4
:1060A0000A201A000135636029786E1C30390929ED
:1060B00003D9002BC5D00792C3E7424301235218EE
:1060C0003500F1E705AB00933A00134B210002982D
:1060D00000F0C0F80390039B0133D3D1BB895B066A
:1060E00000D584E70B9884E705AB00933A000A4B90
:1060F0002100029800F068FBECE7C04614D30200D0
:10610000C0D3020034D30200F4D20200C6D302008E
:10611000CAD3020055620200CB5E0200F0B58BB01C
:1061200014001D1E129953DA802424061B191D0029
:1061300014002D230B702023149E03229E43462E11
:1061400007D03300453B59424B411099013ACB18D7
:10615000109309AB049308AB0393139B0092029333
:10616000109B220001932B0001F084FB0700472EB7
:1061700002D1119BDB0724D5109BFB180793462EF9
:1061800014D13B78302B0CD10022002320002900B1
:10619000FCF752F8002804D10123109A9B1A139A95
:1061A0001360139B079A1B68D318079300220023E0
:1061B00020002900FCF740F8302200280DD0079B72
:1061C00009933800099B159ADB1B13600BB0F0BDD7
:1061D0000023AFE7591C09911A70099B07998B425C
:1061E000F8D3EEE7F0B5831C85B0019306000C00F0
:1061F00002702B23002901DA2D234C427370092CE5
:1062000022DD02ABDD1D20000A21FBF7FFFF6F1E20
:106210003031397020000A21FBF712FF04000928F1
:106220000BDC023D3034019B2C7002AA07321800AF
:10623000AA4204D8801B05B0F0BD3D00E3E72A78F0
:1062400001351A700133F0E73023E418B370301DC4
:10625000F470EFE7F0B595B00C000A920B931A9D1D
:10626000099002F02DF9036818000C9300F068FD06
:106270000023129323680E900D930D99277E2B68AF
:106280000722C90545D59B1893431A0008322A6096
:106290001A685B68A264E3640122E56CA66C6B007B
:1062A0005B080F935242AC4B30000F99FEF7DAFCBB
:1062B000002830D10122A84B524230000F99FBF741
:1062C000CBFF002827D10022002330002900FBF754
:1062D000B9FF002803D023002D2243331A709F4DAD
:1062E000472F00D89E4D032300260D9A23610133CA
:1062F0009A4322600B9B13AA009321000A9B0998E2
:1063000000F0F4F9431C00D093E00120404215B0A6
:10631000F0BD0733B8E732002B0030002900FEF74C
:10632000A1FC002804D08F4D472FDCD88E4DDAE732
:1063300080230D996268DB000B43511C43D1073267
:10634000626012AA0021059211AA039223222360FF
:106350000691019308A963685218029200933200D3
:106360002B0004970998FFF7D9FE20233A00050077
:106370009A43472A07D1119BDA1C02DB62689342D9
:1063800045DD023FFFB21199652F25D82000013964
:106390003A0050301191FFF725FF129A06001318AA
:1063A0002361012A02DC2268D20701D5013323616F
:1063B000232308AA9B181B78002B9BD023002D2297
:1063C00043331A7096E7672F00D176E1472FB8D193
:1063D000002AB6D10122B3E7662F19D163680029DC
:1063E0000CDD2161002B02D12268D20702D50133D6
:1063F0005B182361119B0026A365D9E7002B03D10D
:1064000001222168114200D09A1C2261F2E767271D
:10641000119B129A934205DB22682361D207E9D5CA
:106420000133E6E70121002B01DC4918C91A521893
:10643000EBE72268530508D423692A000A990998D2
:106440000B9DA847431C29D15FE7652F00D8E0E0EA
:10645000A06CE16C00220023FBF7EEFE002834D094
:106460000123424A0A9909980B9DA847431C00D171
:106470004BE7119B129A934202DB2368DB070DD591
:106480000B9D0E9B0C9A0A990998A8470025431C5E
:1064900000D13AE7129B013BAB420ADC23689B0721
:1064A00000D508E1139BE068984200DB2FE7180055
:1064B0002DE7220001231A320A9909980B9EB04752
:1064C000431C00D121E70135E4E7119B002B2DDCB3
:1064D0000123264A0A9909980B9EB047431C00D114
:1064E00013E7119B002B05D1129B002B02D12368CF
:1064F000DB07D3D50B9E0E9B0C9A0A990998B047DF
:106500000026431C00D100E7119B5B42B34201DC33
:10651000129B92E7220001231A320A9909980B9FD5
:10652000B847431C00D1F0E60136EDE7A36D129F9A
:106530009F4200DD1F00002F08DD3B002A000A9962
:1065400009980B9EB047431C00D1DEE600230D9353
:10655000FB43DB170F9318E0FFFFEF7FD5D302005B
:10656000D1D30200DDD30200D9D3020018C2020049
:10657000220001231A320A9909980B9EB047431C46
:1065800000D1C2E60D9B01330D930F9BA66D0D9AB2
:106590003B40F31A9342EBDC119B129AAD199342E4
:1065A00010DB2368DB070DD4129F119BBE1BFF1A63
:1065B000B74200DD3700002F0DDCFE43F317002546
:1065C0000C931CE00E9B0C9A0A9909980B9FB847F4
:1065D000431CE9D199E63B002A000A9909980B9DD2
:1065E000A847431CE9D190E6220001231A320A99F8
:1065F00009980B9EB047431C00D186E60135119ADD
:10660000129B0C999B1A3A000A409B1AAB42EBDC96
:1066100044E7129B012B02DC01231A4232D00123F2
:106620002A000A9909980B9FB847431C00D16CE6D1
:106630000E9B0C9A0A9909980B9F0135B847431C89
:1066400000D162E6A06CE16C129B00225F1E002369
:10665000FBF7F2FD3B00002814D000250AE02200E1
:1066600001231A320A9909980B9FB847431C00D19D
:106670004BE60135129B013BAB42F0DC22003300BC
:106680005032DBE62A000A9909980B9DA847431C63
:10669000F4D13AE62200012319320A9909980B9E97
:1066A000B047431C00D130E60135E368139A9B1ACA
:1066B000AB42EFDCF6E60025F7E7002A00D189E6D9
:1066C0000021069112A9059111A90391232108A87F
:1066D00009182360019300922B0004970291320065
:1066E0000998FFF71BFD050045E6C046F7B5150004
:1066F00001938A680B6900900C00934200DA130042
:1067000022002B6043321278002A01D001332B6023
:1067100023689B0602D52B6802332B60062723686B
:106720001F4027D0230043331B785A1E9341226811
:10673000920630D42200019943320098089EB04757
:10674000431C25D0062320682A68E1680340002501
:10675000042B03D18D1AEB43DB171D40A36822697C
:10676000934201DD9B1AED180027BD4220D1002085
:1067700010E00137E3682A689B1ABB42D2DD220091
:106780000123193201990098089EB047431CF0D1AB
:1067900001204042FEBD3020E11843310870210045
:1067A0005A1C45310978A218433202331170C1E7EF
:1067B000220001231A3201990098089EB047431C19
:1067C000E6D00137D1E70000F0B589B004920A00A5
:1067D00043320593039002920A7E0C000E9B6E2AB0
:1067E00000D186E01FD8632A33D008D8002A00D110
:1067F0008CE0582A4DD0250042352A7030E0642ABA
:1068000001D0692AF7D1196825680A1D280629D5FB
:1068100008681A60002803DA2D23029A4042137098
:106820006B4E0A274FE0732A74D008D86F2A1FD006
:10683000702AE0D1202209680A43226003E0752A09
:1068400016D0782AD7D12200782145321170614EB6
:1068500022E025001A684235111D196013682B705B
:10686000012365E008681A606906D3D500B2D1E754
:1068700019682568081D186008682E0605D5544E4D
:1068800008276F2A1BD00A2719E06D06F7D580B2BA
:10689000F5E745314E4E0A7018682268011D006800
:1068A0001960150621D5D30702D520231A4322608B
:1068B0001027002803D1202322689A432260230056
:1068C000002243331A706368A360002B58DB042254
:1068D000216891432160002854D1029D002B5AD099
:1068E0002500337842352B7055E05506DBD580B254
:1068F000D9E71A680D68101D4969186013682E06DB
:1069000001D5196002E06D06FBD519800023029DB8
:1069100023614FE01A68111D196015680021626833
:10692000280001F059FE002801D0401B6060636818
:1069300023610023029A13703CE023692A00049922
:106940000398059DA847431C3ED023689B0715D498
:10695000079BE068984239DA180037E022000123EB
:10696000193204990398059EB047431C2CD0013579
:10697000E368079A9B1AAB42F0DCE9E70025F7E7EA
:106980000028ADD0029D3900FBF756FB735C013D3A
:106990002B700028F7D1082F09D12368DB0706D513
:1069A00063682269934202DC3023013D2B70029B15
:1069B0005B1B2361059B07AA00932100049B03989E
:1069C000FFF794FE431CB8D10120404209B0F0BD4E
:1069D000E1D30200F2D302000D4B70B51C68050034
:1069E000A36B002B0FD11820FEF7C4FE094BA06348
:1069F0000360094B01224360084B83600B238381B2
:106A00000023026143610022A36B1D615A6170BDC6
:106A1000AC2600200E33CDAB34126DE6ECDE050063
:106A2000124B10B51C68A36B002B0FD11820FEF77A
:106A3000A1FE0F4BA06303600E4B012243600E4B7F
:106A400083600B238381002302614361A46B0B4AA3
:106A5000206961690A4BFBF77BFC01220023801847
:106A60005941206161614800400810BDAC260020FA
:106A70000E33CDAB34126DE6ECDE05002D7F954C68
:106A80002DF4515810B5034B0A000100186802F0AC
:106A900097F810BDAC260020002370B5064C050009
:106AA0000800236002F03CFE431C03D12368002B46
:106AB00000D02B6070BDC046BC57002070B50400EC
:106AC0000D001F2904D9162303600120404270BD28
:106AD000436C002B04D08A009B181A68002A08D146
:106AE000200000F031F82A000100200000F01AF820
:106AF000EDE70020012AEAD0511C03D11623013012
:106B00002360E4E7002428001C6090472000DEE7B3
:106B100010B5034B01001868FFF7D0FF10BDC04649
:106B2000AC260020002370B5064C050008001100BB
:106B3000236002F0DDFD431C03D12368002B00D04D
:106B40002B6070BDBC57002010B502F0C1FD10BD18
:106B50000CB430B5164B9DB00C1E1D6808DA8B23A3
:106B600001202B6040421DB030BC08BC02B0184769
:106B7000822302A99B008B810023029008619C4222
:106B800000D0631E8B604B6101235B42CB81209A56
:106B900021AB2800019302F09BF8431C01DA8B2300
:106BA0002B60002CDFD00023029A1370DBE7C04675
:106BB000AC2600200EB400B50B499CB01DAB029072
:106BC0000690079104910948094904CB0591006892
:106BD00002A9019302F07CF80023029A13701CB002
:106BE00008BC03B01847C046FFFFFF7FAC2600205B
:106BF0000802FFFF0EB4812370B59DB002AC21AD39
:106C00009B0040CDA3810290069000F099F80B4BB9
:106C1000606063620023606109486363A364013BB1
:106C2000E38132002B0021000068019502F0AAF9EF
:106C30001DB070BC08BC03B01847C0466D6C0200A4
:106C4000AC26002070B50C000E25495F02F080FCD8
:106C5000002803DB636D1B18636570BDA389024ABE
:106C60001340A381F9E7C046FFEFFFFF0020704704
:106C7000F8B51F008B8905000C001600DB0505D553
:106C80000E23C95E0022022301F026FCA389054AD7
:106C900028001340A38132000E23E15E3B0000F088
:106CA000AFFCF8BDFFEFFFFF70B50C000E25495F8C
:106CB00001F012FCA389421C03D1054A1340A381B1
:106CC00070BD802252011343A3816065F8E7C0467E
:106CD000FFEFFFFF10B50E23C95E00F01BFD10BDD6
:106CE000F8B507000E003C78FEF736FD03220019C8
:106CF00043781340012B00D120343578FEF72CFD6A
:106D00000322401943781340012B00D12035601B2A
:106D100003D101370136002DE5D1F8BD02780B789B
:106D2000002A03D0013001319A42F7D0D01A7047BF
:106D300003000A7801311A700133002AF9D1704733
:106D40000023C25C0133002AFBD1581E7047002388
:106D500030B59A420AD0013AC45CCD5CAC4204D151
:106D6000934202D00133002CF6D1631B180030BDD2
:106D700010B50378002B0FD10B785A4253415B4278
:106D8000184010BD0023CA5C002AFAD0C45C9442AB
:106D900001D10133F7E701300378002BF2D118005D
:106DA000EFE70000F0B51F000E0087B005900191DD
:106DB00002920C983478FEF7CBFC08220019437835
:106DC000751C134036D12D2C36D1B51C7478012694
:106DD000002F62D0102F09D1302C07D120222B7820
:106DE0009343582B54D110276C7802352D4B390022
:106DF000F31818000393FBF71FF9049101210023F6
:106E0000494202008C4618002100303909291AD85D
:106E10000C00A74223DD591C09D06346824206D3E9
:106E200002D10499A14202DB0123784320182C7877
:106E30000135E9E72E00BCE72B2C01D01E00C7E787
:106E4000B51C7478FAE721004139192901D8373C7B
:106E5000DFE721006139192901D8573CD9E75A1CCD
:106E600008D1059A23331360029B0398002B09D1A4
:106E700007B0F0BD002E00D04042029A002AF7D0A1
:106E8000002B01D06B1E0193029B019A1A60EFE761
:106E90003024002FAAD10827A8E7302C9ED00A273B
:106EA000A4E7C046FFFFFF7F13B5054C2468246AA2
:106EB000002C00D1034C0094FFF774FF16BDC046B0
:106EC000AC2600201027002037B51300064A050025
:106ED0001068046A002C00D1044C0A0000942900B8
:106EE000FFF760FF3EBDC046AC2600201027002003
:106EF000F0B51F000E0085B00390019102920A9830
:106F00003478FEF725FC082200194378751C1340DD
:106F100038D12D2C38D17478B51C01330093002F53
:106F200065D0102F09D1302C07D120222B78934324
:106F3000582B57D110276C78023501203900404278
:106F4000FAF7F4FF0600012039004042FBF774F81D
:106F5000002301228C4618005242210030390929B1
:106F600017D80C00A74222DD002B1EDB130086423F
:106F700005D301D1A44502DB0123784320182C78E6
:106F80000135EAE72E00BAE72B2CC7D1B51C74787F
:106F9000C4E721004139192901D8373CE2E7210033
:106FA0006139192903D8573CDCE71300E7E7002BC8
:106FB00009DA22230120039A40421360029B002B2E
:106FC0000AD105B0F0BD009A002A00D04042029AD2
:106FD000002AF6D0002B01D06B1E0193029B019A70
:106FE0001A60EEE73024002FA7D10827A5E7302C40
:106FF0009BD00A27A1E7000013B5054C2468246A3A
:10700000002C00D1034C0094FFF772FF16BDC04660
:10701000AC2600201027002037B51300064A0500D3
:107020001068046A002C00D1044C0A000094290066
:10703000FFF75EFF3EBDC046AC26002010270020B3
:1070400010B50400FEF788FB0322001943781340B3
:10705000012B00D12034200010BD0000F0B589B014
:10706000040001F029FA4E4B060000209C425FDD2F
:107070006E2564214B4BFF35E01845434A4B746045
:10708000E0184A4B80102D184942E018FAF7D8FF53
:10709000C821474B2D184900E018FAF7D1FF6421A9
:1070A0002B1820000093FBF7B1F80191C8212000B4
:1070B0004900FBF7ABF80A0053425A4133005833FA
:1070C0000793032335001C40029104920835059470
:1070D0002B78EF684A2B2DD1009BDC19059B002BE8
:1070E00002D1019B002B03D10021029B8B4203D1D3
:1070F00001213B2F00DC00216418013C2D492B6944
:107100004C43E4182B6AE418AC61079BE417EC616C
:107110002835AB42DCD1F16C726A0123914205DC67
:1071200003D1B26C316A8A4200D800230120336057
:1071300009B0F0BD442B02D1009BDC19DEE7059BB2
:10714000049A002B03D1019B002B00D00122302395
:1071500053430693184B00219C466868009C069A8E
:1071600001318B009B186246043BD358039388423D
:1071700010DC201D0721FBF749F8791A00D50731EB
:10718000AB685A1E072353435918039B994204DAEC
:107190006418B3E7039BE418E1E70739F5E7C04655
:1071A000B10700004EF8FFFF4FF8FFFF93F8FFFF15
:1071B000BFF9FFFF8051010050D5020070477047B2
:1071C00010B5024B186800F003F810BDAC26002083
:1071D000F0B58DB0070001F06FF9AF490600380037
:1071E00001F064F9AD4D041E0DD1AD4BAD4A1860F0
:1071F000AD4B1860AD4B28681A605A60FEF7C4FAB0
:107200002C600DB0F0BD2968002959D12868FEF71F
:10721000BBFA2000FFF794FD411C3800FEF7E2FDA9
:107220002860002851D12378A1493A3B5A42534162
:10723000E418A04A0AAB2000FFF7DCFC0028E0DDE0
:107240000A9BE41823782D2B43D12E3B0134049361
:10725000162702ABFF18002308AD3B802B800AAB3A
:10726000039302950193009707AA93492000FFF723
:10727000C1FC0028C5DD3C233A88904F53432A883F
:107280008A4D9B1802AA918AE12212014A439B1857
:10729000049A87495A43874BB2622B600A9B3A0093
:1072A000E41820000AABFFF7A5FC002818DC2B68C7
:1072B000B26A6B607A4B1A6000227B4B1A60A0E7BF
:1072C000FFF72CFD00289CD0A0E72100FFF730FD40
:1072D000A9E701222B3B04925A425341E418B7E735
:1072E0000A9B6F60E41823782D2B00D08DE02E3B95
:1072F000013404931627002302AABF1807AD138395
:107300002B803B8008AA0A930AAB02920393019355
:1073100000972A0068492000FFF76CFC002800DD78
:107320007AE0B36A664A9B1833650A9B3700E41813
:1073300000230837049323782C3B5A425341E41826
:1073400025784D2D00D078E01E2202A95218029215
:1073500009AA00921A220AAB5218039301935949C1
:107360002000FFF747FC032800D04AE702AB598B07
:107370004B1E0B2B00D944E702AB9A8B531E042BF8
:1073800000D93EE702ABDB8B062B00D939E73D7015
:107390007960BA60FB600A9BE518022307AA138094
:1073A000002302A908ACCB8223800A932B782F2BD1
:1073B0000BD1162102A809180AAB0091039302947D
:1073C000019341492800FFF715FC02ABDA8A3C2300
:1073D000534322889B1807AA1188E12212014A43CD
:1073E0009B183B610A9B2837EC18049B012B22D188
:1073F0007068FFF733FEB26A294B1A60336D9B1A2F
:107400005A1E9341284A1360FBE601222B3B04924B
:107410005A425341E4186DE73C233A882988534384
:1074200002AA128B9B18E12212014A439B18049A6C
:107430005A43130078E701237CE7442305934A2D40
:1074400001D1013405950A220BA92000FFF7E4FDC4
:107450001E2302AA0B9D9B181880A54216D1049BDF
:10746000002B08D14D3333720323F360013B3361AA
:10747000049B736191E733004D2230331A700B2364
:1074800073630A3BB3630023F36386E76B461B7D9C
:1074900080B23B70F86080E703D40200A857002058
:1074A000B057002006D40200AC5700207C280020F2
:1074B0000AD402009B5700202DD4020090570020D0
:1074C000F0F1FFFF19D402002CD4020030B51400F3
:1074D0009BB005001A00002C05DA8B230360012005
:1074E00040421BB030BD822368469B00838100234D
:1074F000009104919C4200D0631E029305930123E6
:1075000069465B42CB8128001E9B01F0E1FB431CD6
:1075100001DA8B232B60002CE3D00023009A137038
:10752000DFE7000007B5009313000A0001000248DE
:107530000068FFF7CBFF0EBDAC260020F8B50500B4
:107540000E001400002804D08369002B01D1FDF740
:1075500057FF224B9C422DD16C68A369A360A3897D
:107560001B0731D52369002B2ED023682269F7B27F
:10757000981A6369F6B2834205DC21002800FDF702
:10758000D1FE002826D1A3680130013BA360236807
:107590005A1C22601F706369834204D0A389DB07F1
:1075A0001AD50A2E18D121002800FDF7BBFE0028AD
:1075B00012D00FE00A4B9C4201D1AC68CDE7094BD9
:1075C0009C42CAD1EC68C8E72100280000F02CF8E2
:1075D0000028CAD0012676423000F8BD14D302003C
:1075E00034D30200F4D202000B1E04D0FF2A04D9C7
:1075F0008A2303608B3B180070470A700123FAE767
:1076000070B50500080011000022064C22601A0027
:1076100002F094F8431C03D12368002B00D02B60A8
:1076200070BDC046BC570020364B70B51D680600C3
:107630000C00002D05D0AB69002B02D12800FDF70E
:10764000DFFE314B9C420FD16C680C23E25E93B29B
:1076500019072DD4D90611D40923012033603733FB
:107660001343A381404270BD284B9C4201D1AC68BA
:10767000EBE7274B9C42E8D1EC68E6E75B0713D5C4
:10768000616B002908D023004433994202D03000B6
:10769000FEF75EFB002363632422A3899343A38147
:1076A00000236360236923600823A2891343A38115
:1076B0002369002B0BD1A0218022A389890092008D
:1076C0000B40934203D02100300000F041FF012322
:1076D000A289134011D00023A36063695B42A361B8
:1076E000002023698342BED10C23E25E1306BAD583
:1076F00040231343A3810138B5E7920700D463699F
:10770000A360EDE7AC26002014D3020034D30200BE
:10771000F4D20200002370B5064C05000800236077
:1077200001F0C6FF431C03D12368002B00D02B605F
:1077300070BDC046BC57002070B50E00040011009B
:1077400030001500FAF762FD002E07DB002901DA90
:107750000130491B20606160200070BD0029F9DD07
:1077600001384919F6E7F0B503690C6989B00700DB
:1077700005910026A34265DB0B00013C1433A500F4
:1077800003935B1904930300143302935D19049B64
:1077900028681B68591C0193FAF7C8FB0190B04296
:1077A00029D0039B02989C460696624608CA9446D6
:1077B000019A99B251431B0C534389190A0C9B1827
:1077C00007931E0C036889B29AB2069BD21803680D
:1077D000521A190C6B469B8BCB1A11145B18191497
:1077E00092B21B041A43049B069104C06345DCD289
:1077F0002B68002B2DD00599380001F00FF90028D7
:107800001FDB0025019B0298013303990193026855
:1078100008C992B255199AB2AA1A05681B0C2D0C08
:10782000EB1A15145B191D1492B21B04134308C004
:10783000049B8B42EBD2029AA300D3181A68002A49
:1078400011D0019E300009B0F0BD2B68002B04D18F
:10785000013C029B043DAB42F7D33C61CBE71A6885
:10786000002A04D1013C029A043B9A42F7D33C61BE
:10787000E7E70000F0B516001F00446A9BB00290D5
:10788000239D06960797002C08D11020FDF772FF64
:10789000029B5862446084600460C460029B5B6A1F
:1078A000196800290BD05A68012393404A608B6005
:1078B000029800F0D6FE0022029B5B6A1A60002F3D
:1078C00020DA01232B607B005B080793079CB24BF7
:1078D000220017931A409A4217D1B04B229A136094
:1078E000069B002B03D1240301D100F087FDAC4B94
:1078F000249A0893002A02D0AA4B249A136008986D
:107900001BB0F0BD00232B60E0E7069E079F00221E
:10791000002330003900FAF78FFC051E0BD001233D
:10792000229A1360A04B249A0893002AE7D09F4A1A
:1079300024990A60E3E718AB019319AB0093320076
:107940003B00029801F0E8F8630003905B0D74D0EF
:107950003A03974C120B14432100964A30001695B7
:107960009E180022944BFCF735FE944A944BFCF78A
:10797000BFFB944A944BFBF795FC040030000D00CC
:10798000FDF7C2F9914A924BFCF7B2FB02000B00E3
:1079900020002900FBF786FC04000D00FDF77EF9AE
:1079A00000220700002320002900FAF74BFC0028E2
:1079B00009D03800FDF7A8F92B002200FAF73CFCAB
:1079C000434258413F1A01231493162F0DD8814981
:1079D000FB00C91808684968069A079BFAF746FC35
:1079E000002846D00023013F1493189B9E1B0023C0
:1079F0000A933300013B0B9304D501239B1B0A938D
:107A000000230B93002F36DB0B9B1197DB190B9395
:107A100000230493209B0124092B00D984E0052B2B
:107A200002DD0024043B2093209B981E032800D9EC
:107A300084E0FAF75DFA7577286A189B199A9E1800
:107A4000654BF218202A0FDD40239B1A9C40634BA4
:107A50000698F318D8402043FDF790F90123604CB5
:107A6000013E091916937CE7202306989B1A98403B
:107A7000F2E71490B9E70A9BDB1B0A937B4204935D
:107A800000231193C6E701230D93219B002B59DDA1
:107A90000C930993029A556A00226A60043210001E
:107AA00014306968984252D9029800F0A2FD029BF6
:107AB00028605B6A1B680893099B0E2B00D90AE1BA
:107AC000002C00D107E1069B079C12931394002F12
:107AD00000DC89E00F213A003E4B0A40D2009B189F
:107AE0001D685E6802233C110E93E3060BD53D4BE7
:107AF0000C401A6A5B6A12981399FBF7EFFE032396
:107B0000069007910E9300233AE001230D93219BE9
:107B1000FB180C9301330993002BBBDC0123B9E75D
:107B20000023B1E70023F1E700230D942093013BEC
:107B300000220C93099313332192ABE701230D9399
:107B4000023BF5E701230C9309931A00F4E7013196
:107B500069605200A3E701231C420ED00E9B214A0C
:107B600001330E93109B2800DB009B1831001A682C
:107B70005B68FCF7BDFA05000E00109B6410013332
:107B80001093002CE7D1069807992A003300FBF7E1
:107B9000A5FE0690079142E00000F07F0F2700004D
:107BA00049D502004CD5020018C2020019C20200D9
:107BB0000000F03F01FCFFFF0000F83F61436F63EE
:107BC000A787D23FB3C8608B288AC63FFB799F50F6
:107BD0001344D33FD8D50200320400001204000041
:107BE000000010FEB0D5020002230E93002F16D025
:107BF000129813997C420D332340CE4ADB00D318F0
:107C00001A685B68FCF774FA002301261D000690D1
:107C100007912411002C00D08CE0002BB9D1149BCB
:107C2000002B00D196E0069C079D0022C24B20004D
:107C30002900FAF707FB002800D18BE0099B002BF5
:107C400000D187E00C9B002B41DDBC4B00222000C3
:107C50002900FCF74DFA0E9B0690079101330E9315
:107C60000C9B7E1E0E981093FDF74EF8069A079B0C
:107C7000FCF73EFA0022B24BFBF714FBB14A0E9020
:107C80000F910E9C0F9D94460F9B634415931D000E
:107C9000109B002B61D1069807990022AA4BFCF794
:107CA00099FC2200159B06900791FAF7DFFA00284D
:107CB00000D0A8E2A5480F99844661440B000698BD
:107CC00007992200FAF7BEFA002800D095E2129B2D
:107CD000139C06930794199B002B00DA5CE10E2F8E
:107CE00000DD59E1934BFA009B185C681B68049314
:107CF0000594219B002B00DBD8E0099B002B00DDC5
:107D0000D4E000D07DE20498059900228E4BFCF768
:107D1000EFF9069A079BFAF7B3FA099B04931E0042
:107D2000002800D04FE2089B089A5D1C31230137E0
:107D300013704BE234420AD00E9B854A01330E93F6
:107D4000EB009B181A685B68FCF7D2F933006410EB
:107D500001355FE73E00099B84E7109B0D995A1E91
:107D6000744BD2009B181A685B68002949D0002028
:107D70007849FBF7B3FD2B002200FCF72BFC089B96
:107D80000E900F91159306980799FCF787FF040052
:107D9000FCF7BAFF02000B0006980799FCF71AFCE3
:107DA000159B30345D1C1C700E9A0F9B069007913A
:107DB000FAF748FA00286CD1069A079B00205E4922
:107DC000FCF708FC0E9A0F9BFAF73CFA002800D04B
:107DD000C3E0089B109AEB1A9A4200DC77E70E98F2
:107DE0000F990022554BFCF783F900220E900F915A
:107DF00006980799514BFCF77BF91595069007916A
:107E0000C1E720002900FCF773F9089C109A2300B1
:107E100094460E900F916344159306980799FCF7CA
:107E20003DFF0500FCF770FF0B0002000698079964
:107E3000FCF7D0FB3035159B257001340690079177
:107E4000A3422AD10E980F99089A109B9446634436
:107E500000221D003F4BFBF725FA02000B0006989D
:107E60000799FAF703FA002800D076E00E9A0F9BE4
:107E700000203849FCF7AEFB02000B00069807997A
:107E8000FAF7E0F9002800D121E76B1E1A78302AB2
:107E900001D037003FE01D00F7E706980799002260
:107EA000264BFCF725F906900791B6E7089E049A41
:107EB000059B06980799FBF711FDFCF7EFFE040000
:107EC000FCF722FF049A059BFCF712F902000B0055
:107ED00006980799FCF77EFB230030333370099A2C
:107EE000089B751CEB1A9A4248D102000B00FBF765
:107EF000D9F9049A059B06900791FAF7B7F900287B
:107F00002AD1049A059B06980799FAF795F9002853
:107F100001D0E30720D40399029800F0A2FB0023CC
:107F20002B70229B01371F60249B002B00D1E6E4BD
:107F30001D60E4E4D8D502000000F03F00002440BA
:107F400000001C400000C0FC000014400000C07C89
:107F5000B0D502000000E03F3E006B1E1A78392ABF
:107F600006D1089A9A4207D13023137013000136C4
:107F70001A7801321A708CE71D00EEE70022A44B3C
:107F8000FCF7B6F800220023069007912E00FAF7BE
:107F900053F900288BD0BEE70D9A002A00D1DAE011
:107FA000209A012A00DDBDE0169A002A00D1B5E032
:107FB000984A9B18049D0A9C0A9A0121D2180A9299
:107FC0000B9A0298D3180B9300F0EBFB0600002CE1
:107FD0000EDD0B9B002B0BDD0B9A2300944200DD82
:107FE00013000A9AE41AD21A0A920B9AD31A0B9324
:107FF000049B002B1FD00D9B002B00D1AFE0002D68
:1080000011D031002A00029800F064FC039A0100AC
:108010000600029800F0CEFB03991090029800F041
:1080200020FB109B0393049B5A1B04D003990298D6
:1080300000F050FC03900121029800F0B2FB119B6C
:108040000490002B00D1E3E11A000100029800F037
:1080500041FC209B0490012B00DD82E00025069B63
:10806000AB420ED1079B1B03AB420AD1179B079A69
:10807000134206D00A9B013501330A930B9B01334F
:108080000B93119B0120002B6CD10B9B18181F2305
:1080900018407ED001331B1A042B70DD1C23181AE4
:1080A0000A9B24181B180A930B9B1B180B930A9B03
:1080B000002B05DD1A000399029800F05DFC039087
:1080C0000B9B002B05DD1A000499029800F054FC6C
:1080D0000490149B002B5ED00499039800F09EFC42
:1080E000002858DA00230A220399029800F0D2FAF5
:1080F0000D9B013F0390002B00D190E10023310044
:108100000A22029800F0C6FA0C9B0600002B00DD44
:1081100088E0209B022B00DC84E044E03623189AA0
:108120009B1A47E7099B5D1E049BAB4208DB5D1B66
:10813000099B002B0CDA0A9B099A9C1A00233BE747
:10814000049B0495EA1A119B00259B181193EFE7F5
:108150000A9C099B30E7049D0A9C0D9E37E7049A10
:1081600064E70025049B049A1B69109303339B006A
:10817000D318586800F0CCFA2023181A85E7042B8E
:1081800095D00A9A1C33D2180A920B9AE418D31885
:108190008CE70300F5E7099B002B3DDC209B022BBD
:1081A0003ADD099B0C930C9B002B0CD10499052202
:1081B000029800F06FFA04900100039800F02EFC82
:1081C000002800DDAFE5219B089DDF4300230993D4
:1081D0000499029800F045FA002E00D19BE6099B15
:1081E000002B05D0B34203D01900029800F039FAF1
:1081F0003100029800F035FA8DE6109B04931E00C2
:10820000E1E70023FAE7109B370004931E008AE59C
:1082100000002440330400000D9B002B00D1B2E08D
:10822000099B0C93002C05DD31002200029800F020
:10823000A3FB06003000002D11D07168029800F0F9
:10824000D8F93100040033690C319A1C92000C30CB
:10825000FDF7C5FA01222100029800F08DFB099676
:108260000600089B0A9304990398FFF77CFA099982
:108270000D900400039800F0D1FB32001090049997
:10828000029800F0E5FB01230B93C368303405002E
:10829000002B04D10100039800F0C0FB0B902900D3
:1082A000029800F0DEF90B9B209A13430ED1069A38
:1082B000013313420AD1392C26D0109B002B01DD4B
:1082C0000D9C31340A9B5D1C1C7081E7109B002BB8
:1082D00007DB1D00209B1D4322D10123069A134278
:1082E0001ED10B9B002BEDDD03990122029800F0BB
:1082F00043FB0499039000F091FB002802DCE1D1DC
:10830000E307DFD5392CDBD10A9B0A9A5D1C3923A0
:1083100013706B1E1A78392A67D001321A7057E72A
:108320000A9B5D1C0B9B002B04DD392CECD0013427
:108330000A9BC9E70A9B0C9A1C70089BEB1A934294
:108340003ED000230A220399029800F0A3F9099B6A
:108350000390B34209D100230A220999029800F040
:1083600099F9099006000A957DE7099900230A22E8
:10837000029800F08FF9002309900A223100029838
:1083800000F088F9EEE7099B0C93089B069304998B
:108390000398FFF7E8F9069B30305D1C18700C9AC3
:1083A000089B0400EB1A9A4208DD00230A22039975
:1083B000029800F06FF906950390E8E7002309930F
:1083C00003990122029800F0D7FA0499039000F073
:1083D00025FB00289DDC01D1E3079AD46B1E1A7897
:1083E000302A00D0F4E61D00F8E7089A9A4203D13B
:1083F000312301371370EBE61D008AE70B4B249AFB
:1084000008930B4B002A01D0FFF777FAFFF777FAB2
:10841000209B012B00DC21E6119D012035E60C9B01
:10842000002BB2DC209B022BAFDDBCE640D5020066
:1084300048D50200F0B50E0085B00700039201F0A8
:1084400009F9194C33002568002D06D1380001F0D8
:1084500002F9002005B0F0BD01331A78002A1FD0C0
:108460003D2AF9D1F2E7043528680028EED0019AB8
:108470003100FEF76CFC0028F5D1019A2B68944678
:10848000634402931B783D2BEDD123683800ED1A2D
:10849000039BAD101D6001F0DEF802980130D9E7B2
:1084A0009B1B0193E0E7C046E028002007B501AA26
:1084B000FFF7C0FF0EBD000000487047882800206D
:1084C000034B1B68186A002800D10248F03070473F
:1084D000AC2600201027002070B505000800110010
:1084E0000022064C22601A0001F00AF9431C03D155
:1084F0002368002B00D02B6070BDC046BC57002005
:1085000070B50E001D000E23C95E96B01400002940
:1085100007DA00232B60B3891B0611D48023DB000C
:108520000FE06A4601F098F80028F2DBF022019B88
:1085300012021340054A9B185A4253412B60EDE743
:1085400040230020236016B070BDC04600E0FFFF4E
:10855000F7B502268B8905000C00334206D02300B4
:1085600047332360236101236361F7BD01AB6A4692
:10857000FFF7C6FF009907002800FDF733FC00282D
:1085800008D10C22A35E9A05EFD4032293431E4325
:10859000A681E4E70F4BAB628023A28920601343DE
:1085A000A381009B20616361019B002B0DD00E23F2
:1085B000E15E280001F062F8002806D00322A389BA
:1085C00093431A0001231343A381A0893843A08158
:1085D000CBE7C046C5530200C9B28218904201D110
:1085E0000020704703788B42FBD00130F6E77047DC
:1085F000704770B5466A04000D00002E07D11020A8
:10860000FDF7B8F86062466086600660C660666A1C
:10861000F368002B13D0636AAA00DB689B18186804
:10862000002818D101210E00AE40721D92002000DA
:10863000FDF780FB00280CD0456086600DE021220C
:1086400004212000FDF776FB636AF060DB68002BF5
:10865000E1D1002070BD02681A6000230361C3608D
:10866000F8E770B5446A06000D00002C07D1102011
:10867000FDF780F87062446084600460C460002D7F
:1086800007D0736A6A68DB6892009B181A682A60D0
:108690001D6070BDF7B51E0014239C4607000C003A
:1086A00000200D698C4463461B68013099B2634613
:1086B0001B6851431B0C534389190E0C9B1989B23B
:1086C0001E0C1B045B18614608C18C468542EADC1F
:1086D000002E1BD0A368AB4212DC63683800591C23
:1086E000FFF787FF2100236901909A1C92000C314B
:1086F0000C30FDF774F821003800FFF7B2FF019C41
:108700002B1D9B00E31801355E6025612000FEBD36
:108710000300020C0020824201D11B0410301A0E0B
:1087200001D108301B021A0F01D104301B019A0F2E
:1087300001D102309B00002B03DB01305B0000D431
:10874000202070470722036810B501001A400DD0A1
:1087500001240020234205D10230034203D0E3402C
:1087600020000B6010BD9B080B60FBE79CB2100063
:10877000002C01D110201B0CDAB2002A01D10830E4
:108780001B0A1A0701D104301B099A0701D10230D4
:108790009B08DA07E8D45B0801D00130E4E7202029
:1087A000E0E710B50C000121FFF723FF012344612E
:1087B000036110BDF0B50B691400126989B00D009A
:1087C000934201DA25000C002F6926696968BB19FC
:1087D0000293AB68BA19934200DA0131FFF709FF3F
:1087E0000200BB1914329B00D3189C4600211300D1
:1087F000049063451DD31435BF00EB191434B60043
:108800000593A319039501940793079B0199994236
:1088100011D3029B002B06DD04235B429C4463467C
:108820001B68002B51D0049B029A18001A6109B0F2
:10883000F0BD02C3DDE7019B1B6898B200281CD085
:1088400015000026039F02CF2C688BB24343090C0E
:108850004143A4B21B199B190E0029680695090C07
:1088600071181E0C89190E0C9BB209040B4308C524
:10887000059BBB42E7D8069B5E60019B1B681D0CF5
:108880001ED0100000271368039E3168046889B267
:108890006943240C0919C9190F049BB23B430360B7
:1088A00080CE43683F0C6F439BB2FB18090C5B18EA
:1088B000059906901F0C0430B142E6D806994B602A
:1088C000019B0432043301939FE7029B013B029317
:1088D0009FE700000323F7B5134005000E001400C6
:1088E000002B08D02249013B9A0052580023310046
:1088F000FFF7D0FE0600A310019336D06C6A002C5F
:1089000007D11020FCF736FF686244608460046081
:10891000C4606F6ABC68002C07D116492800FFF7B5
:1089200040FF00230400B86003600122019B134252
:108930000AD0310022002800FFF73CFF0700310079
:108940002800FFF78EFE3E00019B5B1001930CD0C8
:108950002068002807D1220021002800FFF72AFF05
:108960000023206003600400DFE73000FEBDC04646
:10897000A0D6020071020000F0B50D0017002B69AF
:10898000541185B0E3180193013300934968AB6833
:108990000290009A934235DB0298FFF72AFE0023EB
:1089A0000200060019001432A3422EDBE343DB175A
:1089B0001C402B00A40014192A69143392009A1841
:1089C00094461F22174024D00132D21B039200226A
:1089D00019682000B9400A4304C404CB0399CA4073
:1089E0009C45F5D84260002A02D0019B02330093D7
:1089F000009B0298013B33612900FFF732FE3000F3
:108A000005B0F0BD01315B00C3E7980011500133A0
:108A1000CAE704CB04C49C45FBD8E9E70A690369AB
:108A200030B59B1A0DD19200143014318418891876
:108A3000043C043925680A68954204D00123954214
:108A400004D3180030BDA042F2D3FAE75B42F8E746
:108A5000F0B50D0085B00700110028001400FFF7E5
:108A6000DDFF061E08D101003800FFF7C2FD01231B
:108A70004661036105B0F0BD01230193002804DBCA
:108A800023002C001D000023019361683800FFF7CC
:108A9000B0FD2F000022019B2669C3601434B3008F
:108AA000E31802932B6914379B00FB180393030010
:108AB0009446143320CC04CF0192AAB294446A465F
:108AC000614692882D0C8A1A0199090C691A1514AD
:108AD00049190D1492B209040A431A60039AAC466C
:108AE0000433BA42E6D802991A008C4205D3043AFC
:108AF0001368002B0ED00661BCE704CC91B2614430
:108B00000D14120C5219151489B212040A43AC4602
:108B100004C3E8E7013EEAE7F7B51D0001211400B0
:108B2000089FFFF766FD2B036D0006001B0B6D0D04
:108B300024D10193002C27D068460094FFF702FE51
:108B4000009C00281ED0019B20211A00091A8A408F
:108B5000C340224372610193019CB461631E9C4136
:108B600001343461002D18D0124BED1835232D1827
:108B70003D60181A099B18603000FEBD8022520328
:108B80001343D6E77461E7E701A8FFF7DBFD012493
:108B9000019B346173612030E4E7074BC018074B39
:108BA0003860E3189B00F3185869FFF7B1FD6401C2
:108BB000201ADFE7CDFBFFFFCEFBFFFFFFFFFF3FEC
:108BC000F8B507000D001600002905D11100FDF7CA
:108BD00009F904002000F8BD002A03D1FDF7B8F818
:108BE0003400F7E700F05CFD2C00B042F2D2310017
:108BF0003800FDF7F7F8041EECD029003200FCF72E
:108C0000EEFD29003800FDF7A3F8E3E7F0B58E6824
:108C100085B007000C00039201939E423CD890233C
:108C20008A89DB001A4234D00325096923685B1A5C
:108C30000293636902985D43EB0F5D19019B6D1010
:108C400001331B18AB4200D91D00530532D5290052
:108C50003800FDF7C7F8061E09D10C233B604023FE
:108C60000120A28940421343A38105B0F0BD029ABE
:108C70002169FCF7B4FDA389144A1A4080231343E9
:108C8000A381029B2661F61826606561019EED1A9C
:108C9000A560019B9E4200D9019E32000399206885
:108CA000FCF7A6FDA36800209B1BA36023689E1908
:108CB0002660DAE72A003800FFF782FF061EE0D1BF
:108CC00021693800FDF744F8C7E7C0467FFBFFFF86
:108CD000F0B59FB0029005938B890F0016001B061C
:108CE00011D50B69002B0ED14021FDF77BF83860C0
:108CF0003861002805D10C23029A013813601FB097
:108D0000F0BD40237B61002306AC636120336376B2
:108D10001033A37635002B78002B01D0252B46D1BC
:108D2000AB1B04930CD0320039000298FFF76EFFA2
:108D3000431C00D1AEE06269049B944663446361C6
:108D40002B78002B00D1A5E0012200235242626063
:108D500002A9543252186E1C2360E360A3601370A2
:108D6000A365317805225448FFF736FC751C0028AE
:108D70001FD12268D30604D5532302A95B182021F2
:108D80001970130704D5532302A95B182B211970FE
:108D900033782A2B16D0350000210A20E3682A7880
:108DA0006E1C303A092A4ED9002918D010E001353E
:108DB000B1E7414B2268C01A01238340134323606B
:108DC0002E00CEE7059B191D1B680591002B01DBCA
:108DD000099304E05B42E3600223134323602B7892
:108DE0002E2B0AD16B782A2B35D1059B02351A1D03
:108DF0001B680592002B2BDB0793304E297803224A
:108E00003000FFF7E9FB002806D04023801B834099
:108E100022680135134323602978062228486E1CF6
:108E20002176FFF7D9FB00283CD0264B002B25D11B
:108E30000722059B07339343083305936369039A1D
:108E40009B18636166E7434301219B183500A6E741
:108E500001235B42D0E700230A201A00013563603A
:108E600029786E1C3039092903D9002BC5D0079207
:108E7000C3E74243012352183500F1E705AB0093E5
:108E80003A00114B21000298FDF7E4F90390039B8F
:108E90000133D3D1BB890B985B0600D42FE70120A7
:108EA00040422CE705AB00933A00074B21000298A3
:108EB000FDF78AFCEAE7C046C0D30200C6D3020031
:108EC000CAD30200556202000D8C020070B5140076
:108ED0004B1C03D101256D42280070BD93892022CF
:108EE0009343626BA381CEB2CDB26368002A10D0E7
:108EF000A26B9A4207DD2368013B23601E70636802
:108F000001336360E8E7210000F066FB0028F2D03F
:108F1000E0E721692268002907D0914205D2511E5D
:108F20000878A84201D12160EAE723642300443392
:108F300063630323A36323004633E2631E7023604D
:108F40000123DEE710B50C00496B00290ED0230089
:108F50004433994201D0FCF7FBFE0020236C606390
:108F60006360834202D0E36B236010BD236901205C
:108F700023600023A289636020331343A38140420E
:108F8000F3E70000F0B5B94CC025A54405930023D4
:108F90000C004A934B93862107AB4C93BE23019060
:108FA000170004A8B24A490040185B00C250B14AF9
:108FB0006D0042513B78002B00D154E1FCF7CCFB13
:108FC00008223B787E1CC01802934378134023D0BC
:108FD0006368002B14DDFCF7BFFB082123681A78B7
:108FE000801842780A4201D13700E3E74B9A0133F7
:108FF000029201324B9262682360013A6260E7E7B5
:10900000862204AB52009B185B5921000198029301
:1090100098470028DFD0E7E7029A252A6DD14993C7
:1090200047937B782A2B02D11A3B4793BE1C37000B
:109030000A2239787B1C03930B00303B092B24D97F
:109040008D4E03223000FFF7C7FA002807D0012316
:10905000801B8340479A039F1343049247933B78B6
:109060007E1C672B35D8652B00D3BBE0472B14D86B
:10907000452B00D3B6E0002B00D1F1E0252B3CD0EE
:1090800003234D930733489369E0499B039F04935F
:109090005343303B59184991CBE75B2B00D17DE01E
:1090A00010D8582BECD1479A029280220299920054
:1090B0000A434792102248926E229A429B415B4299
:1090C00003334BE0632B00D175E0642BD8D10A2227
:1090D000F1E7702B38D008D86E2B00D173E03AD866
:1090E000692BCDD100234893EAE7752BEFD0782B7D
:1090F000D9D0732BC4D1022330E06368002B0FDD7D
:10910000236802991A788A4200D0ACE00133626881
:1091100023604B9B013A0293013362604B9363E7F8
:10912000862204AB52009B185B59210001980393DF
:1091300098470028E4D04A98002800D08CE00138F5
:10914000A9239B009D44F0BD479A029220220299D8
:109150000A434792A7E708234893043B4D9363686B
:10916000002B41DD479B02935B0608D4FCF7F4FA21
:10917000082123681A78801842780A4240D14D9B12
:10918000022B55DC05AB220047A9019800F078F8C6
:10919000012868D0022800D026E7CCE7310007A8D4
:1091A00000F0EAF9479B060002934023029A13431A
:1091B00047930123D2E7479B02934023029A13432C
:1091C00047930023CAE74798C30600D50CE7059BE1
:1091D0004B9A191D05911B68C70701D51A8003E733
:1091E0001A6001E70523B9E7862204AB52009B18F9
:1091F0005B5921000198029398470028B2D09AE762
:109200004B9A029201324B926268013A6260002AE4
:1092100002DD01332360A9E7862204AB52009B18CC
:109220005B59210001980293984700289ED082E75D
:10923000042B06DC05AB220047A9019800F086F854
:10924000A6E70E4B002B00D1CEE605AB220047A9C6
:10925000019800E000BF9BE7A3895B0600D46FE79D
:10926000012040426CE74A986AE7C0465CFDFFFF78
:10927000CD8E0200458F0200C6D302000000000020
:10928000F7B515008A6801900C00002A04D18A699C
:10929000002A17D10132A2602268D20603D41A68CC
:1092A000111D196017680026A369002B1FD0012B20
:1092B0000BD12B6862691B78D35C002B17D1002E71
:1092C00033D109E001225242E5E7022B06D0002EFD
:1092D0002BD1A369012B28D10120FEBDFCF73CFA5C
:1092E00008222B681B78C01843781342EFD1102254
:1092F00023680136134203D12B681B783B7001377A
:109300002A686B6801322A60A268013B013A6B60EF
:10931000A260002A09D0002BC6DCC0235B00E35802
:109320002900019898470028BED0102322681340D6
:1093300006D1E2680132E260A269002A00D03B70E7
:10934000236900209E192661C7E70000F0B50C00D4
:109350008BB00293784B0490160007AA23CB23C24C
:10936000764B0593A369032B01D1754B0593AE2270
:109370000020A3685200591E0390914205D95E3B1C
:10938000FF3B03935E23FF33A36023001C33019351
:10939000D023002722681B0113432360019B009305
:1093A000336807A81978BB0002221858FFF714F990
:1093B00000282BD0012F62D16368002B06D108331F
:1093C00022686360F933FF33134323605D4B2268E7
:1093D00013402360A3685A1EA260002B16D0336886
:1093E0005A1C32601B78009A13707368551C013B3D
:1093F0007360002B09DCC0235B00E3583100049844
:1094000000939847002800D080E000950137032F93
:10941000C6D16368002B01D10A3363601021002795
:1094200063686069C91A484BC91800F0A5F8009D27
:10943000A36822680093002B41D0316863690878E3
:109440001B5C002B3BD0302829D180231B011A4202
:1094500025D0039B0137002B05D01A00009B013A51
:1094600001330392A3607368013B7360002B1DDD21
:10947000336801333360A368013BA360D8E7022F50
:10948000A8D1C02180232268C90011409B009942C5
:10949000BFD1F13BFF3B6360F033134399E72B4BA4
:1094A000134023600B782B700135DCE7C0235B0091
:1094B000E35831000498009398470028DBD02368D4
:1094C000DB050ED5019B9D4207D9BE23013D5B0004
:1094D0002978E358320004989847019B01209D4267
:1094E00027D0102223681A401CD12A706368019982
:1094F0000498059EB047029B21681B688A0607D521
:109500001A1D02990A601B68186008E00027D6E758
:109510001A1DCE07F5D502990A601B681880E3680A
:109520000133E3600020019BED1A2369EF19DF1975
:1095300027610BB0F0BDC046ACD60200F96F020047
:10954000A96E0200FFFAFFFFB8D60200FFF6FFFF88
:1095500070B50500080011000022064C22601A00B8
:1095600000F0D6F8431C03D12368002B00D02B60F9
:1095700070BDC046BC57002070B50B7805005E2B4F
:1095800018D04A1C002128006C1CFF3401700130E7
:10959000A042FBD1501E002B0BD001204140E954CA
:1095A0001478501C2D2C0CD05D2C02D0002C05D131
:1095B000100070BD8A1C4B780121E4E723000200F3
:1095C000EDE756785D2EF9D0B342F7DC0232013375
:1095D000E9549E42FBDCE3E70B00F7B54D6B4433E7
:1095E0000C009D421CD18026F6003100FCF7FAFBEE
:1095F000002802D101204042FEBD23006063A66323
:1096000046331A78104BC254230045331A780F4B57
:10961000C2542A780E4BC254C01820600020EBE7D9
:109620008E6B290073001A000193FFF7C9FA051E1B
:10963000E0D08719010032003800FCF7D0F8019B18
:1096400027606563A363E9E7FF030000FE030000F2
:10965000FD03000070477047002370B5064C0500FD
:1096600008001100236000F02BF8431C03D123688D
:10967000002B00D02B6070BDBC570020002370B5BC
:10968000064C05000800236000F02AF8431C03D1B3
:109690002368002B00D02B6070BDC046BC57002053
:1096A0000B1F1B68181F002B01DA0B58C0187047DE
:1096B00058220120014B40421A607047BC570020DD
:1096C00058220120014B40421A607047BC570020CD
:1096D00058220120014B40421A607047BC570020BD
:1096E0005822024B00201A607047C046BC57002029
:1096F00058220120014B40421A607047BC5700209D
:1097000058220120014B40421A607047BC5700208C
:1097100058220120014B40421A607047BC5700207C
:10972000044A1368002B00D1034B1818106018006E
:109730007047C046B8570020C0570020582201206B
:10974000014B40421A607047BC570020FEE7C046FC
:10975000F8B5C046F8BC08BC9E467047F8B5C04690
:10976000F8BC08BC9E4670470000000000000000E6
:109770000000000000000000E7050200E70502000D
:10978000E7050200E7050200E7050200E705020021
:10979000E7050200E7050200E705020000000000FF
:1097A000000000000000000000000000E7050200CB
:1097B000E7050200E7050200E7050200E7050200F1
:1097C0000D6100000000000000000000DD670000E7
:1097D000F1670000116100001F6100002B610000B3
:1097E000F1640000CD6400000D6100000000000085
:1097F0000000000055680000696800003761000043
:10980000436700007F610000A5650000256500003A
:109810000D6100000000000000000000056800006D
:1098200019680000116100001F6100002B61000039
:10983000F1640000CD6400000D6100000000000034
:10984000000000000000000000000000E70502002A
:10985000E7050200E705020000000000000000002C
:10986000B57800006F7900009B610000AF610000D7
:109870007B6800000000000000000000E705020017
:10988000E7050200E7050200E7050200E705020020
:10989000E7050200E70502000000000000000000EC
:1098A000D9AC000015AD0000DD6C0000496300007C
:1098B00099660000B1630000E7620000BD6200002D
:1098C0009362000001640000BF610000A564000015
:1098D000896400004D64000031640000C361000031
:1098E0008D630000FCFFFFFF00000000BB64000070
:1098F00093640000796400003D640000C5610000CD
:109900001F640000A16300000000000000000000D0
:10991000397900005D790000CB610000F162000040
:1099200055AC00001B630000DD6200009D6200007A
:109930008962000055620000C7610000AD87000029
:109940008D8700009DAB0000B9AC0000D96100001C
:1099500071AB0000FCFFFFFF00000000C1870000AA
:109960009D870000ADAB0000C9AC0000E1610000C4
:10997000796200008DAB00000000000000000000D4
:109980004B810000DD8000000000000000000000AE
:10999000E70502004162000069660000FD6000000A
:1099A000196200000161000005610000096100000A
:1099B000E705020000000000000000004B810000ED
:1099C000DD8000008D670000A167000025620000B7
:1099D0004162000069660000FD600000196200003D
:1099E00001610000056100001D620000B57F0000FC
:1099F00000000000000000004B810000DD8000003E
:109A0000B5670000C96700002562000041620000E0
:109A100069660000FD60000019620000016100003D
:109A2000056100001D620000B57F0000000000001D
:109A300000C800648200C83C5ABE1EB4B400CD7F8A
:109A400000E64B00F22500FE0000000000000000D0
:109A5000CD0000000901000054010000E5010000F4
:109A60009902000056040000FE060000E308000012
:109A7000090B0000420E0000000000000000000082
:109A8000000000000000000069000000FA00000073
:109A9000580200004C040000B905000058070000FF
:109AA000BA090000000000000400000005000000EA
:109AB0000600000007000000080000000900000088
:109AC0000900000009000000090000000900000072
:109AD00069000000CC00000091010000940100002A
:109AE000F7010000BD020000C00200008703000073
:109AF000EE030000B30400001A050000DF050000BB
:109B00004506000035653562653838372D633831D4
:109B1000362D346434662D623433312D3965623329
:109B20003462303266346439003030303066666515
:109B3000312D303030302D313030302D3830303024
:109B40002D3030383035663962333466630030305A
:109B50003030666665312D303030302D3130303068
:109B60002D383030302D303038303566396233346E
:109B70006661006C3150726F626C656D3A20006CEA
:109B800032006C33004C344C004C34004F63742072
:109B9000203920323032360031303A34393A3431DB
:109BA000004C342020202020202020202020202095
:109BB000202020202020200053657474696E6720C7
:109BC00050726F626C656D3A0020202053696465A5
:109BD0003A20004C344D6F76653A200053686F7719
:109BE000696E67204469666600696E7465726E65A9
:109BF0007453746174757300636F6C756D6E00706F
:109C0000726F626C656D0072616E646F6D50726F21
:109C1000626C656D00726F77007361766550726F6C
:109C2000626C656D003A54003A50006E756C6C20A1
:109C3000626572727920706900677277004E6F20DA
:109C4000747720526573706F6E7365004C6576652E
:109C50006C3A200020204D617820446966663A20E5
:109C600000697465727C686F6C647C6E726F777C5F
:109C70006E636F6C7C646966667C687261747C6D0F
:109C80006178687C696E666F00455820464F4F5476
:109C90003A00202C20007C005768697465204C69CC
:109CA000676874007C2000000000000000000000D5
:109CB00000000000000000000000000000000000A4
:109CC0000000000000000000000000000000000094
:109CD0000000000000000000000000000000000084
:109CE0000700000000000000030000000400000066
:109CF0002500000004000000030000000000000038
:109D0000070000000000000000000000220000002A
:109D10001000000007000000591B000004000000B4
:109D20000700000004000000591B000007000000AD
:109D30002E000000220000000000000006000000CD
:109D4000220000002C0000002F0000002500000071
:109D50000200000025000000110000000E000000BD
:109D600022000000060000000000000005000000C6
:109D700006000000250000000200000006000000B0
:109D80008E90000006000000020000002500000088
:109D900006000000050000000000000010000000A8
:109DA0000600000010000000070000002C0000006A
:109DB000070000000E000000070000002E00000059
:109DC000060000002E000000000000000600000059
:109DD0000D0000006A000000060000000500000001
:109DE0002400000005000000060000006A000000DA
:109DF0002B00000006000000000000000100000031
:109E0000080000002C000000030000000700000014
:109E10000300000007000000030000000E00000027
:109E20000800000001000000000000000700000022
:109E300006000000070000000300000030000000E2
:109E400006000000120000000300000007000000F0
:109E500006000000070000000000000007000000EE
:109E6000070000000D0000000600000024000000B4
:109E70002500000024000000060000002B00000068
:109E800007000000070000000000000006000000BE
:109E9000070000001B000000050000000800000093
:109EA0006600000008000000050000003900000006
:109EB000070000000600000000000000411F000035
:109EC0000600000003000000070000001B00000067
:109ED0000600000039000000070000000300000039
:109EE00006000000411F00000000000022000000EA
:109EF0007217000066000000070000002C00000040
:109F0000080000000E0000000700000066000000CE
:109F1000721700002200000000000000070000008F
:109F200007000000050000001B0000000700000003
:109F30006500000007000000390000000500000077
:109F400007000000070000000000000006000000FD
:109F50000F0000003A00000008000000110000009F
:109F6000040000002F000000080000001C0000009A
:109F70002D000000060000000000000000000000AE
:109F800007000000020000000300000006000000BF
:109F900006000000060000000300000002000000B0
:109FA00007000000000000000000000000000000AA
:109FB0000000000000000000070000000400000096
:109FC0000000000004000000070000000000000086
:109FD000000000000000000061726475696E6F008F
:109FE000696F742E61726475696E6F2E63630025EC
:109FF0003034780041726475696E6F00424C45419F
:10A0000067656E74436C61737320436F6E6E656336
:10A01000746564206576656E742C2063656E747259
:10A02000616C3A20257300424C454167656E74436C
:10A030006C61737320446973636F6E6E65637465DE
:10A0400064206576656E742C2063656E7472616C35
:10A050003A20257300424C454167656E74436C613C
:10A0600073733A3A2573205374617274696E672072
:10A0700020426C7565746F6F7468C2AE204C6F7748
:10A0800020456E65726779206D6F64756C6520661A
:10A0900061696C65642100424C454167656E74439B
:10A0A0006C6173733A3A2573206661696C20746F32
:10A0B00020736574206C6F63616C206E616D650048
:10A0C000424C454167656E74436C6173733A3A253F
:10A0D00073206661696C20746F20736574206D61F4
:10A0E0006E75666163747572657220646174610077
:10A0F00053657269616C4167656E74436C6173731B
:10A100003A3A2573204572726F72207265636569F1
:10A1100076696E67207061636B65740073776900A0
:10A1200068756500736174006272690062656769D1
:10A130006E0068616E646C65496E69740052657387
:10A140007461727465642C204461746520436F6D82
:10A1500070696C65643A003A46003A53003A580018
:10A160003A5100696C6F6F6B75703A003A52003A61
:10A1700056005620003A4300636C6F7564206F6E82
:10A1800000636C6F7564206F6666003A44003A574E
:10A19000003A4B005265626F6F74696E672C2062E3
:10A1A0007965206279652100476574206F666620B5
:10A1B000746865204C6176610048616E6473206F3D
:10A1C0006E20426C7565005374617274204865722C
:10A1D0006500536F2047656E746C6520536F204790
:10A1E000697261666665005374696C6C2061204217
:10A1F00065617200526F6C6C2074686520446963FD
:10A20000650044696365202B004F47205761726DDC
:10A210007570004865656C7320342046756E004784
:10A22000696674204865656C7300576569726420BF
:10A23000537461727400446F2069742061676169AE
:10A240006E2100446576277320436C696D62004C73
:10A250006F63616C20436C61737369630041726961
:10A26000656C277320436C696D62004469636520E7
:10A270002B2B0045617379203E3E20486172646556
:10A28000720053686572277320436C696D62004FDA
:10A2900047204E6F7420436C6173736963004920DB
:10A2A000686174652069742E004372696D70204C7A
:10A2B0006164646572004F4700496E746F20746872
:10A2C0006520427573696E657373005768656565CF
:10A2D00021004E6F20436F6D6D656E74004F4720F7
:10A2E00048617264004974277320616E204578705C
:10A2F000657269656E63652100476F6F64204A6F00
:10A30000623F00476574207468617420546F650073
:10A310004C656674206F662050696E636800446FF8
:10A320006E2774204461622057616C6C004472692E
:10A330006E6B20746865204A6F0044616D6E204C1E
:10A34000617374204D6F7665004D65616E65722096
:10A3500044696365004F472050726F6A005468611A
:10A360006E6B732C204572696300526F626F7420AC
:10A370003420536574746572005468652050726FA0
:10A380006A00763220696E206D792067796D004110
:10A390006C6C20456D696C6500324D6F7270686F32
:10A3A00034490054656D702053746F7261676500A5
:10A3B0004F6E65204D6F7265204D6F766521005799
:10A3C00069746E6573732050726574747900506996
:10A3D0006E6B206973204C6176610050756D702042
:10A3E0006974204F7574004162627920666F722033
:10A3F0004566666F72740047656E746C65204769C8
:10A4000072616666650042656767696E69204265CC
:10A41000617200476F6F64204C75636B004D6F7203
:10A4200065204C75636B0048616C66204F72616EED
:10A43000676500426C7565205371756172650048EF
:10A440006170707920426972746864617900546F38
:10A4500061747572650048616C6620477265656E4F
:10A4600000477265656E20436972636C6500536DC9
:10A470006F7265204C75636B0048616C6620506993
:10A480006E6B005353205268696E6F0042726F7793
:10A490006E205371756172650048616C6620596564
:10A4A0006C6C6F77004772697474792054656574B9
:10A4B000680046616E7461737469632044656572F7
:10A4C00000576869726C79204469726C7900476F33
:10A4D0006F64204A6F62204B6F616C610050696E3F
:10A4E0006B20436972636C6500576F6E64657266BA
:10A4F000756C20486970706F00457269632773201E
:10A50000436C696D620046616E74617374696320A7
:10A51000576F726B204265650059656C6C6F7720D0
:10A52000436972636C65004A6F2044656172004B39
:10A53000656570206974205570204B697474656E70
:10A5400000476F6F646572204C75636B0048616CE7
:10A550006620526564004572696373204F746865B4
:10A560007220436C696D6200436F756C6420576F95
:10A57000726B00477265656E2042616E646974009B
:10A5800048616C6620507572706C650048616C663D
:10A5900020426C75650054686520456E6475726173
:10A5A0006E6365005261696E626F772050617274EC
:10A5B000790000000000000000000000E705020034
:10A5C000E70502000000000000000000E7050200AF
:10A5D0004162000069660000FD6000004DAF0000B0
:10A5E0000161000005610000096100000000000039
:10A5F0000000000025B7000039B7000017B50000C3
:10A6000045B500004DB50000F5B50000D1B500001E
:10A6100055B5000059B50000000000000000000022
:10A620004DB7000061B7000069B50000A7B5000094
:10A63000AFB5000049B6000025B60000B7B5000070
:10A64000BBB50000000000000000000075B700006E
:10A65000A1B700000DB70000FFB60000F1B6000082
:10A66000B5B6000091B60000CBB5000079B6000089
:10A6700000000000000000000000000000000000DA
:10A68000E7050200E7050200E7050200CFB500007C
:10A69000E705020078787878787878782D78787877
:10A6A000782D787878782D787878782D787878780B
:10A6B000787878787878787800322E392E300000E3
:10A6C00000010000322E392E300000000000000092
:10A6D00073747265616D20213D206E756C6C7074B1
:10A6E0007200433A5C55736572735C7368616E6E99
:10A6F0005C4F6E6544726976655C446F63756D6529
:10A700006E746F735C41726475696E6F5C6C6962C4
:10A710007261726965735C41726475696E6F496FCD
:10A7200054436C6F75645C7372635C696E746572BC
:10A7300066616365732F436C6F756450726F6365F8
:10A7400073732E680000000000000000000000008D
:10A75000FDBA000069B900007DB9000075B90000BC
:10A76000766F696420436C6F756450726F636573B4
:10A77000733A3A64656C69766572284D65737361E6
:10A7800067652A29000000000000000000000000AA
:10A7900033BC000000000000000000009FBB000070
:10A7A000000000000000000019F80000AFF80000F1
:10A7B00075BB000031F8000005F900001DF900002C
:10A7C00061F90000A5FC000079FC000049F90000D7
:10A7D000F9FB000035FC000033F80000B5F900007B
:10A7E000A1FA000005FB00003DFA00008DF8000012
:10A7F000A7F8000015FA00002DF8000093F90000FA
:10A8000071F9000081FC00009BFC000000000000CA
:10A810000000000019F80000AFF8000075BB000050
:10A8200031F8000005F900001DF9000061F9000091
:10A83000A5FC000079FC000049F90000F9FB0000CC
:10A8400035FC000033F80000B5F90000A1FA000063
:10A8500005FB00003DFA00008DF80000A7F800009D
:10A8600015FA00002DF8000093F9000071F90000BE
:10A8700081FC00009BFC00000000000000000000C4
:10A8800019BC00002F612F742F002F652F69002F36
:10A89000652F6F0041726475696E6F496F54436C28
:10A8A0006F75645443503A3A257320636F756C6436
:10A8B000206E6F74207375627363726962652074B1
:10A8C0006F20257300436865636B20796F75722074
:10A8D0007468696E6720636F6E666967757261740C
:10A8E000696F6E2C20616E642070726573732074C2
:10A8F000686520726573657420627574746F6E206C
:10A900006F6E20796F757220626F6172642E0043E2
:10A910006F6E6E656374656420746F204172647538
:10A92000696E6F20496F5420436C6F7564005468E2
:10A93000696E672049443A20257300417264756945
:10A940006E6F496F54436C6F75645443503A3A25A7
:10A950007320636F756C64206E6F7420756E7375F1
:10A96000627363726962652066726F6D2025730081
:10A97000446973636F6E6E65637465642066726F9D
:10A980006D2041726475696E6F20496F5420436C6D
:10A990006F7564006572726F7220656E636F6469B3
:10A9A0006E67202564002A2A2A2A2A2041726475AB
:10A9B000696E6F20496F5420436C6F7564202D20A1
:10A9C0002573202A2A2A2A2A00446576696365208D
:10A9D00049443A202573004D5154542042726F6B04
:10A9E00065723A2025733A256400302E352E3100E9
:10A9F0004E6574776F726B20436F6E666967757210
:10AA000061746F723A2025730041726475696E6FCC
:10AA1000496F54436C6F75645443503A3A25732020
:10AA2000636F756C64206E6F742067657420766147
:10AA30006C69642074696D652E2052657472796941
:10AA40006E67206E6F772E0041726475696E6F4974
:10AA50006F54436C6F75645443503A3A2573204DDC
:10AA600051545420636C69656E7420636F6E6E651B
:10AA70006374696F6E206C6F7374004172647569E2
:10AA80006E6F496F54436C6F75645443503A3A2566
:10AA900073206465766963652063657274696669AD
:10AAA000636174652075706461746520646F6E65A0
:10AAB0002E0041726475696E6F496F54436C6F75F7
:10AAC000645443503A3A257320636F756C64206E6A
:10AAD0006F7420636F6E6E65637420746F202573CE
:10AAE0003A2564204572726F723A202564004172E3
:10AAF0006475696E6F496F54436C6F75645443504D
:10AB00003A3A257320636F756C64206E6F74206908
:10AB10006E697469616C697A6520736563757265C5
:10AB200020656C656D656E742E0041726475696E8A
:10AB30006F496F54436C6F75645443503A3A2573B0
:10AB400020636F756C64206E6F7420726561642081
:10AB50006465766963652069642E00417264756975
:10AB60006E6F496F54436C6F75645443503A3A2585
:10AB70007320636F756C64206E6F742072656164FE
:10AB800020646576696365206365727469666963CC
:10AB90006174652E002F612F642F002F632F757055
:10ABA000002F632F647700312E362E3000417264FF
:10ABB00075696E6F496F54436C6F75645443503AB6
:10ABC0003A257320496E206F7264657220746F207D
:10ABD000636F6E6E65637420746F20417264756973
:10ABE0006E6F20496F5420436C6F75642C204E4962
:10ABF0004E41206669726D77617265206E6565648D
:10AC00007320746F206265203E3D20312E362E3039
:10AC10002C2063757272656E74202573000000002D
:10AC20000000000000000000E9C9000099CA00000F
:10AC300031C80000F9C30000B9BB000011C4000016
:10AC400079BB00006174746163685468696E670061
:10AC50006465746163685468696E670068616E64F6
:10AC60006C655F53796E6354696D650068616E64ED
:10AC70006C655F446973636F6E6E656374006861D1
:10AC80006E646C655F436F6E6E6563744D71747452
:10AC900042726F6B657200626567696E006265671C
:10ACA000696E00747A5F6F666673657400747A5FAC
:10ACB0006473745F756E74696C00000000000000BE
:10ACC000000000007DCC0000ABCA0000E9CA000013
:10ACD000B7CA0000766F696420436C6F7564507268
:10ACE0006F636573733A3A64656C69766572284D73
:10ACF0006573736167652A29000000000000000089
:10AD00000000000089D70000BBD700009BD80000DE
:10AD1000000000000000000085D70000A3D700005D
:10AD20005FD80000000000000000000087D700008E
:10AD3000AFD70000EDD700000000000000000000C9
:10AD400081D700008BD700000FD800000000000062
:10AD50000000000083D7000097D70000C7D700008D
:10AD6000000000000000000039DA000045DB0000B0
:10AD70003BDA0000000000000000000037DA0000AD
:10AD800039DB000069DB000000000000000000006B
:10AD90002FDA000009DB000073DA00000000000079
:10ADA0000000000033DA000021DB00009FDB000020
:10ADB00000000000000000002DDA0000FDDA0000B5
:10ADC0002DDC0000000000000000000031DA00006F
:10ADD00015DB000099DA0000000000000000000010
:10ADE00035DA00002DDB000073DA0000EDF4FAE93B
:10ADF000312E342E31002F66732F55504441544567
:10AE00002E42494E2E4C5A5353002F66732F5550E5
:10AE1000444154452E42494E2E4C5A53532E544DC4
:10AE2000500000000000000000000000C5E000002D
:10AE3000F5DD0000BDDE0000D5DE0000A5DE00006F
:10AE400009DE0000B5DF000099E1000035DF0000F9
:10AE50000DDE000069DE000019DE00001DDE0000CE
:10AE600039E2000005DF000039DE000041DE0000AD
:10AE700001DE000005DE00004DDF0000433A5C55B6
:10AE8000736572735C7368616E6E5C4F6E6544725D
:10AE90006976655C446F63756D656E746F735C4154
:10AEA000726475696E6F5C6C6962726172696573F8
:10AEB0005C41726475696E6F496F54436C6F756461
:10AEC0005C7372632F696E74657266616365732F5C
:10AED000436C6F756450726F636573732E680063A3
:10AEE0006F6E74657874203D3D206E756C6C707467
:10AEF0007200433A5C55736572735C7368616E6E81
:10AF00005C4F6E6544726976655C446F63756D6510
:10AF10006E746F735C41726475696E6F5C6C6962AC
:10AF20007261726965735C41726475696E6F496FB5
:10AF300054436C6F75645C7372635C6F74615C69BD
:10AF40006E746572666163655C4F5441496E7465E9
:10AF500072666163652E637070000000000000007F
:10AF600000000000C5E00000F5DD0000000000006A
:10AF700000000000E7050200E7050200B5DF000061
:10AF800099E1000035DF0000E7050200E705020057
:10AF9000E7050200E705020039E20000E7050200CC
:10AFA000E7050200E7050200E7050200E7050200E9
:10AFB0004DDF0000766F696420436C6F75645072DA
:10AFC0006F636573733A3A64656C69766572284D90
:10AFD0006573736167652A29007669727475616C9F
:10AFE000204F5441436C6F756450726F6365737387
:10AFF000496E746572666163653A3A53746174654B
:10B00000204F5441436C6F756450726F6365737366
:10B01000496E746572666163653A3A69646C652865
:10B020004D6573736167652A29001B0074696D653E
:10B030002E61726475696E6F2E636300257320251F
:10B04000642025640054696D655365727669636593
:10B05000436C6173733A3A25732063616E6E6F744B
:10B06000206765742074696D652066726F6D204E6F
:10B0700054502C2066616C6C6261636B206F6E2093
:10B08000636F6E6E656374696F6E2068616E646C69
:10B0900065720054696D6553657276696365436CCA
:10B0A0006173733A3A25732063616E6E6F74206723
:10B0B00065742074696D652066726F6D20636F6EB4
:10B0C0006E656374696F6E2068616E646C65720092
:10B0D00054696D6553657276696365436C6173731A
:10B0E0003A3A2573206F66667365743A20256420AA
:10B0F0006473745F756E69746C2025750054696D96
:10B100006553657276696365436C6173733A3A257A
:10B110007320646F6E652E2044726966743A202530
:10B1200064205254432076616C75653A2025750081
:10B130004A616E4665624D61724170724D61794A35
:10B14000756E4A756C4175675365704F63744E6FC9
:10B15000764465630067657452656D6F7465546904
:10B160006D650073657454696D655A6F6E654461F1
:10B1700074610073796E6300F4010000F401000053
:10B180001027000064000000E8030000E80300004E
:10B19000E8030000000000000000000000000000C4
:10B1A000000000004FF10000E7050200E705020083
:10B1B000E7050200E7050200E7050200E7050200D7
:10B1C00015F1000029F1000035F10000C7F1000081
:10B1D00093F10000DDF00000E1F00000A5F10000B7
:10B1E000E7050200E7050200E7050200E7050200A7
:10B1F000E7050200576946692E73746174757328F8
:10B20000293A2025640057694669204861726477AD
:10B21000617265206661696C7572652E0A4D616B9D
:10B2200065207375726520796F7520617265207570
:10B2300073696E672061205769466920656E616297
:10B240006C656420626F6172642F736869656C64F9
:10B250002E005468656E20726573657420616E649B
:10B260002072657472792E0043757272656E742057
:10B2700057694669204669726D776172653A202583
:10B280007300332E302E31004C6174657374205777
:10B29000694669204669726D776172653A20257347
:10B2A00000506C656173652075706461746520740D
:10B2B0006F20746865206C617465737420766572A4
:10B2C00073696F6E20666F7220626573742070659B
:10B2D00072666F726D616E63652E00436F6E6E6590
:10B2E0006374696F6E20746F20222573222066615B
:10B2F000696C6564005265747279696E6720696E65
:10B30000202022256422206D696C6C697365636F4F
:10B310006E647300436F6E6E656374656420746F52
:10B32000202225732200436F6E6E656374696F6E11
:10B3300020746F2022257322206C6F73742E0041BD
:10B340007474656D7074696E67207265636F6E6E7C
:10B35000656374696F6E00576946692E70696E6720
:10B3600028293A20256400496E7465726E65742040
:10B37000636865636B206661696C656400436F6E2A
:10B380006E656374656420746F20496E7465726EB7
:10B39000657400000000000000000000176200005B
:10B3A000117A00004FF1000031F2000035F2000088
:10B3B00039F2000049F2000079F2000089F2000041
:10B3C00015F1000029F1000035F10000C7F100007F
:10B3D00093F10000DDF00000E1F00000A5F10000B5
:10B3E00099F20000E5F3000065F40000B9F30000F5
:10B3F000C9F300005B20253032643A253032643ACC
:10B40000253032642E25303364205D20005B2025FA
:10B410006C75205D200000002CB402003BB40200DB
:10B420004AB4020059B4020068B402005B444247C7
:10B430005F4552524F5220205D20005B4442475FDF
:10B440005741524E494E475D20005B4442475F4999
:10B450004E464F2020205D20005B4442475F44451C
:10B4600042554720205D20005B4442475F564552CD
:10B47000424F53455D20004E6F20536F636B6574E0
:10B4800020617661696C61626C65000000000000FB
:10B490000000000019F80000AFF8000075BB0000C4
:10B4A00031F8000005F900001DF9000061F9000005
:10B4B00065FB000041F8000049F90000F9FB0000BD
:10B4C00035FC000033F80000B5F90000A1FA0000D7
:10B4D00005FB00003DFA00008DF80000A7F8000011
:10B4E00015FA00002DF8000093F9000071F9000032
:10B4F000000000000000000019F80000AFF8000094
:10B5000075BB000031F8000005F900001DF90000CE
:10B5100061F90000A5FC000079FC000049F9000079
:10B52000F9FB000035FC000033F80000B5F900001D
:10B53000A1FA000005FB00003DFA00008DF80000B4
:10B54000A7F8000015FA00002DF8000093F900009C
:10B5500071F9000081FC00009BFC0000000000006D
:10B5600000000000F3FC000023FE000075BB00009B
:10B5700007FD0000EFFC000035FE000091FE00001A
:10B5800009FD00003DFD00007DFD0000E9FD00001B
:10B590009DFD000019FE000065FE0000F1FE0000A8
:10B5A000E5FC0000CFFE0000ADFE00004E657477A4
:10B5B0006F726B436F6E666967757261746F723A12
:10B5C00020436F6E6E656374656420746F206E65D2
:10B5D00074776F726B004E6574776F726B436F6E2A
:10B5E000666967757261746F723A20436F6E6E653B
:10B5F0006374696F6E206661696C3A202573004E32
:10B600006574776F726B436F6E666967757261748C
:10B610006F72436C6173733A3A257320436F6D6D9B
:10B62000756E69636174696F6E20776974682057FD
:10B63000694669206D6F64756C65206661696C652B
:10B640006421004E6574776F726B436F6E66696735
:10B65000757261746F72436C6173733A3A2573202B
:10B66000436F756C646E27742067657420616E7912
:10B67000205769466920636F6E6E656374696F6EEB
:10B68000004E6574776F726B436F6E666967757293
:10B6900061746F72436C6173733A3A2573204B5631
:10B6A00053746F7265206E6F742070726F76696468
:10B6B0006564004E6574776F726B436F6E66696781
:10B6C000757261746F72436C6173733A3A257320BB
:10B6D0006572726F7220696E697469616C697A69EA
:10B6E0006E67206B7673746F7265004E6574776F4A
:10B6F000726B436F6E666967757261746F72436CCB
:10B700006173733A3A2573206572726F72207361A8
:10B7100076696E67206E6574776F726B20736574DF
:10B7200074696E6773004E6574776F726B20736512
:10B730007474696E67732072656365697665643ACF
:10B74000005749464900535349443A202573004E57
:10B750004554574F524B5F434F4E46494753005352
:10B76000544152545F424C45004E6574776F726B82
:10B77000436F6E666967757261746F72436C617353
:10B78000733A3A2573204572726F7220736176693D
:10B790006E6720424C4520656E61626C6564206175
:10B7A00074207374617274757000485720657272EA
:10B7B0006F72004661696C656420746F20636F6E00
:10B7C0006E656374005065726970686572616C20A3
:10B7D00073746F7070656400446973636F6E6E6537
:10B7E0006374656400496E7465726E6574206E6F73
:10B7F0007420617661696C61626C650047656E6595
:10B80000726963206572726F720054686520637597
:10B810007272656E742057694669206669726D7729
:10B820006172652076657273696F6E206973206E30
:10B830006F7420746865206C617465737420616E28
:10B8400064206974206D617920636175736520637C
:10B850006F6D7061746962696C6974792069737362
:10B860007565732E20506C65617365207570677205
:10B87000616465207468652057694669206669724D
:10B880006D77617265004E6574776F726B436F6E92
:10B89000666967757261746F72436C6173733A3A6B
:10B8A0002573204661696C656420746F20696E6938
:10B8B0007469616C697A6520746865204167656E9A
:10B8C00074734D616E61676572436C61737300736D
:10B8D00063616E576946694E6574776F726B73006A
:10B8E00068616E646C655265616453746F72616700
:10B8F000650068616E646C65436F6E6E656374525B
:10B900006571756573740073746172745265636FE9
:10B910006E66696775726550726F6365647572658E
:10B9200000626567696E004167656E74734D616E94
:10B9300061676572436C6173733A3A25732066617F
:10B94000696C656420746F20676574207265636537
:10B95000697665642064617461004167656E747323
:10B960004D616E61676572436C6173733A3A25731A
:10B97000207265717565737420726563656976659B
:10B9800064206F6620747970652025642C206275B0
:10B990007420726571756573742025642069732045
:10B9A000696E2070726F6772657373004167656EB0
:10B9B00074734D616E61676572436C6173733A3A7B
:10B9C000257320726571756573742072656365698E
:10B9D000766564206F6620747970652025642C205C
:10B9E0006275742068616E646C65722066756E6342
:10B9F00074696F6E206973206E6F742070726F7639
:10BA000069646564004167656E74734D616E61675A
:10BA10006572436C6173733A3A2573206661696C91
:10BA2000656420746F2073656E6420696E69746943
:10BA3000616C20737461747573004167656E747313
:10BA40004D616E61676572436C6173733A3A257339
:10BA5000206167656E7420747970652025642066A6
:10BA600061696C730068616E646C655265636569D9
:10BA7000766564446174610068616E646C655265EA
:10BA8000636569766564436F6D6D616E64730068AC
:10BA9000616E646C6553656E64496E697469616C4E
:10BAA00053746174757300626567696E000000000D
:10BAB00000000000000000003D23010051230100B0
:10BAC000CF210100E3210100F3210100426F6172E7
:10BAD00064436F6E66696775726174696F6E5072E8
:10BAE0006F746F636F6C3A3A2573206661696C6599
:10BAF0006420746F2073656E642073746174757351
:10BB00003A2025642000426F617264436F6E66695B
:10BB10006775726174696F6E50726F746F636F6C6A
:10BB20003A3A2573206661696C656420746F2073EE
:10BB3000656E642076657273696F6E206F6620741F
:10BB400079706520256400426F617264436F6E6690
:10BB5000696775726174696F6E50726F746F636F2D
:10BB60006C3A3A2573204D616C666F726D65642086
:10BB70007061636B657400426F617264436F6E66DF
:10BB8000696775726174696F6E50726F746F636FFD
:10BB90006C3A3A2573206661696C656420746F2085
:10BBA00073656E6420424C45204D414320616464BE
:10BBB0007265737300426F617264436F6E6669678A
:10BBC00075726174696F6E50726F746F636F6C3AE7
:10BBD0003A2573206661696C656420746F20736513
:10BBE0006E64206E6574776F726B206F7074696F0E
:10BBF0006E7300426F617264436F6E66696775723F
:10BC00006174696F6E50726F746F636F6C3A3A252E
:10BC10007320496E76616C6964206D65737361672A
:10BC20006500426F617264436F6E66696775726129
:10BC300074696F6E50726F746F636F6C3A3A2573EC
:10BC4000206661696C656420746F2073656E642082
:10BC50004A575400426F617264436F6E666967753C
:10BC6000726174696F6E50726F746F636F6C3A3A81
:10BC70002573206661696C656420746F2073656E3E
:10BC8000642075687769640073656E6453746174C9
:10BC900075730073656E6456657273696F6E0073B9
:10BCA000656E64416E6452656365697665007365AF
:10BCB0006E64426C654D61634164647265737300C8
:10BCC00073656E6450726F765075626C69634B6514
:10BCD000790073656E644E6574776F726B4F707424
:10BCE000696F6E73006765744D73670073656E648A
:10BCF0004A77740073656E64556877696400000064
:10BD0000000000000000000011620000ED7900005A
:10BD1000752F010000000000000000000F6200000D
:10BD2000E1790000512F0100000000000000000038
:10BD300013620000F97900009F2F0100000000004D
:10BD40000000000005620000A57900006B300100D2
:10BD50000000000000000000FF6100008179000089
:10BD6000F92F01000000000000000000096200003F
:10BD7000BD790000AB3001000000000000000000B1
:10BD800007620000B1790000C3310100000000002B
:10BD900000000000016200008D790000FF3001000A
:10BDA00000000000000000000D620000D5790000D6
:10BDB0008D3101000000000000000000036200005F
:10BDC00099790000333001000000000000000000FD
:10BDD0000B620000C979000057310100000000002B
:10BDE000000000000000000000000000E705020065
:10BDF0000000000000000000E3350100000000002A
:10BE0000000000000000000000000000E705020044
:10BE10006D73672D3E6964203D3D20696400433A9F
:10BE20005C55736572735C7368616E6E5C4F6E65B2
:10BE300044726976655C446F63756D656E746F738B
:10BE40005C41726475696E6F5C6C69627261726983
:10BE500065735C41726475696E6F5F436C6F756486
:10BE60005574696C735C7372635C63626F725C4D72
:10BE7000657373616765456E636F6465722E637089
:10BE800070000000000000000000000015380100F4
:10BE90004D657373616765456E636F6465723A3AA9
:10BEA0005374617475732043424F524D65737361CF
:10BEB0006765456E636F646572496E74657266612D
:10BEC00063653A3A5F656E636F64652843626F72BB
:10BED000456E636F6465722A2C204D6573736167CC
:10BEE000652A2900000000000000000095390100CB
:10BEF000D73901009739010063626F725F656E6325
:10BF00006F64655F666C6F6174696E675F706F699F
:10BF10006E7400667054797065203D3D2043626FF9
:10BF20007248616C66466C6F617454797065207CF0
:10BF30007C20667054797065203D3D2043626F72AD
:10BF4000466C6F617454797065207C7C20667054F7
:10BF5000797065203D3D2043626F72446F75626C5D
:10BF6000655479706500433A5C55736572735C7310
:10BF700068616E6E5C4F6E6544726976655C446F95
:10BF800063756D656E746F735C41726475696E6F15
:10BF90005C6C69627261726965735C417264756937
:10BFA0006E6F5F436C6F75645574696C735C73720C
:10BFB000635C63626F725C74696E7963626F725CFA
:10BFC0007372635C63626F72656E636F6465722E19
:10BFD0006300616476616E63655F696E7465726E3D
:10BFE000616C005F63626F725F76616C75655F6440
:10BFF00065636F64655F696E7436345F696E74651E
:10C00000726E616C0063626F725F76616C75655F02
:10C01000616476616E63650063626F725F76616C06
:10C0200075655F656E7465725F636F6E7461696E6E
:10C0300065720063626F725F76616C75655F6C65D7
:10C040006176655F636F6E7461696E6572006974B5
:10C0500065726174655F737472696E675F6368753A
:10C060006E6B730063626F725F76616C75655F679C
:10C0700065745F68616C665F666C6F6174007661A1
:10C080006C75652D3E666C61677320262043626F78
:10C09000724974657261746F72466C61675F496E54
:10C0A000746567657256616C7565546F6F4C61722B
:10C0B0006765207C7C2076616C75652D3E74797097
:10C0C00065203D3D2043626F72466C6F6174547908
:10C0D0007065207C7C2076616C75652D3E7479706E
:10C0E00065203D3D2043626F72446F75626C6554FC
:10C0F00079706500282A76616C75652D3E707472C2
:10C10000202620536D616C6C56616C75654D6173B2
:10C110006B29203D3D2056616C7565333242697450
:10C12000207C7C20282A76616C75652D3E707472A7
:10C13000202620536D616C6C56616C75654D617382
:10C140006B29203D3D2056616C756536344269741B
:10C1500000657272203D3D2043626F724E6F4572E2
:10C16000726F7200433A5C55736572735C736861F9
:10C170006E6E5C4F6E6544726976655C446F637584
:10C180006D656E746F735C41726475696E6F5C6C23
:10C1900069627261726965735C41726475696E6F20
:10C1A0005F436C6F75645574696C735C7372635C28
:10C1B00063626F725C74696E7963626F725C7372D2
:10C1C000635C63626F727061727365722E63006C80
:10C1D000656E677468203D3D202873697A655F74D9
:10C1E000296C656E677468002869742D3E666C6101
:10C1F000677320262043626F724974657261746FA1
:10C2000072466C61675F556E6B6E6F776E4C656ED4
:10C2100067746829203D3D20300069742D3E747993
:10C22000706520213D2043626F72496E76616C69B2
:10C2300064547970650069735F66697865645F74DA
:10C240007970652869742D3E747970652900636280
:10C250006F725F76616C75655F69735F636F6E7433
:10C2600061696E6572286974290063626F725F7616
:10C27000616C75655F69735F68616C665F666C6F42
:10C2800061742876616C75652900726563757273D7
:10C2900065642D3E74797065203D3D2043626F7268
:10C2A000496E76616C6964547970650063626F727F
:10C2B0005F76616C75655F69735F627974655F73E2
:10C2C0007472696E672876616C756529207C7C20A4
:10C2D00063626F725F76616C75655F69735F7465C9
:10C2E00078745F737472696E672876616C756529FE
:10C2F000005F63626F725F76616C75655F64757015
:10C300005F737472696E670062756666657200437A
:10C310003A5C55736572735C7368616E6E5C4F6EE8
:10C320006544726976655C446F63756D656E746FA4
:10C33000735C41726475696E6F5C6C696272617284
:10C340006965735C41726475696E6F5F436C6F758C
:10C35000645574696C735C7372635C63626F725C66
:10C3600074696E7963626F725C7372635C63626F2F
:10C37000727061727365725F6475705F73747269F5
:10C380006E672E63006275666C656E00982F8A4238
:10C3900091443771CFFBC0B5A5DBB5E95BC2563917
:10C3A000F111F159A4823F92D55E1CAB98AA07D82F
:10C3B000015B8312BE853124C37D0C55745DBE7252
:10C3C000FEB1DE80A706DC9B74F19BC1C1699BE4D2
:10C3D0008647BEEFC69DC10FCCA10C246F2CE92D62
:10C3E000AA84744ADCA9B05CDA88F97652513E9886
:10C3F0006DC631A8C82703B0C77F59BFF30BE0C68D
:10C400004791A7D55163CA0667292914850AB7271A
:10C4100038211B2EFC6D2C4D130D385354730A65B7
:10C42000BB0A6A762EC9C281852C7292A1E8BFA28E
:10C430004B661AA8708B4BC2A3516CC719E892D1F6
:10C44000240699D685350EF470A06A1016C1A41979
:10C45000086C371E4C774827B5BCB034B30C1C3978
:10C460004AAAD84E4FCA9C5BF36F2E68EE828F7437
:10C470006F63A5781478C8840802C78CFAFFBE9051
:10C48000EB6C50A4F7A3F9BEF27871C661726475C3
:10C49000696E6F004B5653746F7265206973206E1E
:10C4A0006F7420737570706F72746564206F6E2086
:10C4B0004E696E61206368697020666F72207665D0
:10C4C0007273696F6E73206F6C646572207468613B
:10C4D0006E20332E302E30000000000000000000DF
:10C4E00015620000057A00009149010087480100AB
:10C4F000914801009948010029490100A348010021
:10C50000D54801000B490100B5490100D14901009E
:10C51000EB490100054A0100214A0100374A0100A8
:10C52000214A0100374A01004F4A0100694A0100CF
:10C53000834A01009B4A0100B54A0100BF4D01003A
:10C54000DB4D0100D14A01000F4B0100494B0100B6
:10C55000854B0100C14B0100F54B0100C14B0100AF
:10C56000F54B01002B4C0100674C0100A34C01006E
:10C57000D94C0100194D0100A5490100554D01009C
:10C58000B1480100E348010041726475696E6F2D86
:10C59000252E386C78004D515454000000000000E6
:10C5A00000000000034E0100E150010075BB0000D7
:10C5B000434E0100174E0100254E0100C1500100FD
:10C5C000C15A0100ED5A010003530100295B01002B
:10C5D00053500100454E0100494E0100A94E010093
:10C5E0000000000000000000995C0100CD5C01002B
:10C5F00041726475696E6F005553004172647569CC
:10C600006E6F204C4C43205553004954002534781C
:10C610002534782D2534782D2534782D2534782D22
:10C620002534782534782534780000000000000097
:10C6300000000000F1660100F36601000000000048
:10C64000000000002B6E0100156C010075BB00009E
:10C650003F6C0100396C0100DD6E0100516C01007E
:10C66000696C01006D6D0100C56C0100A96C0100D1
:10C67000F16B0100776E0100096C01009B6D0100F8
:10C68000E56B0100416C0100496C010000000000F5
:10C69000000000002570010027700100000000006C
:10C6A00000000000257401006D740100253032780F
:10C6B0003A253032783A253032783A253032783A95
:10C6C000253032783A253032780000000000000032
:10C6D00000000000C37501003D760100C575010032
:10C6E000D9750100C1760100ED75010049760100A0
:10C6F000057601007D7601009F760100F576010048
:10C700000000000000000000D57801001D79010044
:10C710000000000000000000AB790100B1790100C9
:10C72000AD79010032393032000000000000000015
:10C7300000000000817C0100E57C01000D7A010011
:10C740000000000000000000C97D0100E17D010043
:10C75000C37D0100FC42002054686520696E697445
:10C7600069616C697A6174696F6E206F66207468A4
:10C770006520426C7565746F6F7468C2AE204C6F33
:10C780007720456E65726779206D6F64756C6520E2
:10C790006661696C65642E00506C65617365206527
:10C7A0006E7375726520796F7572204E494E412007
:10C7B0006669726D77617265206973207665727340
:10C7C000696F6E20332E302E30206F7220686967BB
:10C7D0006865722E000000000000000000000000EC
:10C7E000B1830100D18301008D8001006D810100C2
:10C7F0002D7E0100417E0100557E0100957E0100E5
:10C80000A1810100E5830100F1810100FB810100AC
:10C81000118201001B820100258201002F8201008C
:10C820004382010039820100B17E0100C57E010012
:10C83000D97E010061820100ED7E0100017F0100CF
:10C84000B9820100E582010011830100157F01001A
:10C85000297F0100517F0100797F01008D7F010058
:10C86000A17F0100B57F01003D830100C97F010068
:10C870006580010079800100DD7F0100F17F01000A
:10C88000757E0100358001000580010025800100D2
:10C89000158001004580010055800100A97E01003E
:10C8A000AD7E01000000000000000000E9840100EE
:10C8B0004185010019840100000000000000000013
:10C8C000558501006D85010000000000000000009A
:10C8D00055870100B587010000000000000000003E
:10C8E000598801008188010000000000000000005C
:10C8F00085890100A18901000000000000000000FE
:10C90000698A0100CD8A01005483637CC51EF7EC5F
:10C9100032DDAD51894B9E07C0430020000000006E
:10C9200000000000798E0100998E0100DF8A01006D
:10C93000E58A0100AD8E0100318F010031900100C8
:10C9400065920100EB8A010085A6010009930100B0
:10C9500049930100018C0100258C01003D8C0100F0
:10C960006D8C0100898C0100B18C0100A9A7010028
:10C9700085930100F9930100A9940100E18D010064
:10C98000ED8D01001591010055910100118E0100FE
:10C99000F1910100398E010095910100C5910100CE
:10C9A00021920100ADA4010009A3010095A201009C
:10C9B000D78C010047A30100A1950100FB8C010069
:10C9C000A1A3010061970100559A0100698D010042
:10C9D0004BA40100A9AB010015A40100C9980100F6
:10C9E0002B8D0100DBA30100F1A8010083A401004D
:10C9F000A59D0100CD9C01000DA50100A78D0100A2
:10CA0000B18D0100CD9301005D9F010075A0010073
:10CA100069A10100918F01009845002000000000ED
:10CA20000000000005B2010035B2010045AF010071
:10CA300049AF0100E1AF0100F9AF010059B00100B9
:10CA40008DB00100C5B0010049B20100CBB20100B8
:10CA500049B001004DB0010051B0010079B40100AE
:10CA6000FDB00100D845002031383030003261304F
:10CA700030003261303100313830310032613035D0
:10CA800000000000000000000000000075B8010078
:10CA900099B80100DDB40100C5B5010069B6010017
:10CAA00073B6010087B60100BDB40100C1B4010036
:10CAB0009FB601004FB70100ABB801000846002047
:10CAC0004843492041434C44415441205458202D6F
:10CAD0003E200048434920434F4D4D414E44205491
:10CAE00058202D3E20005F7265637642756666654C
:10CAF00072206F766572666C6F77004843492041FB
:10CB0000434C44415441205258203C2D200048437E
:10CB100049204556454E54205258203C2D200000B7
:10CB2000000000000000000035B9010069BD0100EF
:10CB300039B9010051B9010065B9010075BD0100A5
:10CB400071B9010069C2010099C30100BDC20100B1
:10CB500089B90100C9B90100E5B90100E9C20100C4
:10CB600001BA010019BA0100B5BF0100F1BF01000F
:10CB700069BA010085BA0100B9BA0100D5BA01004D
:10CB8000B1BB010099BB010039C30100C9C3010059
:10CB900009C2010053BD0100E5BB0100F9BB010062
:10CBA00091C10100B1C1010055BC01007DBC010073
:10CBB0008DBC0100CDC101006DC901002DC0010077
:10CBC000C9BC0100E5BC0100EBBC0100E9C00100EB
:10CBD00011BD01003DBD010027BD0100BDBE01002A
:10CBE000F5BC0100F9C3010069CA01002849002011
:10CBF000000000000000000085CB0100E5CB010033
:10CC000009CB010041CC01001DCD0100A9CC0100E0
:10CC100005CB010007CB0100A1CD0100050B0000F1
:10CC20002C4900200000000000000000C1CD0100E0
:10CC3000DFCD0100CDD2010039D30100EDCD0100DF
:10CC4000C3CD0100C5CD0100CBCD0100CFCD01008A
:10CC5000D3CD010059D1010071D30100DDCD010018
:10CC6000EC0234A357C8AD05341010A60A397D9BD9
:10CC70000DFBAA6C888391AAF5A53860370BDB5AA7
:10CC80006083BE20B003D2F297BE2C5E2C83A7E94E
:10CC9000F9A5B9EFF49111ACF4FDDBCC0301480E1A
:10CCA000359DE655188B3D32F6BB9A900AFCFBEE9B
:10CCB000D4E72A59CB9AC2F19D7CFB6B4FDD49F436
:10CCC0007FC5FDD5CB8454D177733EFFFFB2EC71A5
:10CCD0002BAEABA6E8E7CC25A75F6E216583F7FFF7
:10CCE0003DC4CF000000000000000000B1D80100EA
:10CCF000B3D80100010203000000000000000000A2
:10CD00007FE20100F3E2010091E201009BE20100F9
:10CD10005FE2010001E3010045E3010081E401005D
:10CD200081E301007DE201007DE2010031E40100C8
:10CD300081E2010001000000170000000300000074
:10CD400004000000FF00FFFFFFFFFF0001000000E4
:10CD5000160000000300000004000000FF00FFFFB9
:10CD6000FFFFFF00010000000A00000008000000B3
:10CD70001C000000FF00000500050A000100000083
:10CD80000B000000080000001C000000FF0001056F
:10CD900001050B0000000000070000000800000073
:10CDA0001C000000070001010101FF00000000005D
:10CDB00005000000080000001C0000000500010044
:10CDC0000100FF0000000000040000000800000057
:10CDD0001C000000040000000000FF000000000034
:10CDE0000600000008000000040000000600FFFF2D
:10CDF000FFFFFF000000000012000000080000001C
:10CE000004000000FF00FFFFFFFFFF000000000024
:10CE100014000000080000002C000000FF000200C9
:10CE200002000400000000001500000008000000DF
:10CE30002C000000FF0003000300050000000000BC
:10CE400010000000020000001C000000FF000002B3
:10CE500000020000000000001300000002000000BB
:10CE60001C000000FF0001030103FF0000000000A0
:10CE7000110000000200000004000000FF00FFFF9E
:10CE8000FFFF0100000000000200000001000000A0
:10CE9000060000000000FFFFFFFFFF000100000090
:10CEA0000200000001000000040000000A00FFFF73
:10CEB000FFFF0200000000000B0000000100000066
:10CEC0002C000000130003000300FF00000000001E
:10CED0000A000000010000002C0000001200020007
:10CEE0000200FF0001000000080000000300000035
:10CEF000060000000200FFFFFFFFFF00010000002E
:10CF000009000000030000001800000003000104F5
:10CF100001040900000000000900000001000000F9
:10CF2000040000001100FFFFFFFFFF0001000000F0
:10CF30000300000001000000040000000B00FFFFE0
:10CF4000FFFF0300000000000C00000002000000D2
:10CF500000000000FF00FFFFFFFFFF0000000000D7
:10CF60000D0000000200000000000000FF00FFFFB5
:10CF7000FFFFFF00000000000E000000080000009E
:10CF800000000000FF00FFFFFFFFFF0000000000A7
:10CF90000F0000000200000000000000FF00FFFF83
:10CFA000FFFFFF00000000001B0000000800000061
:10CFB00000000000FF00FFFFFFFF0F000000000067
:10CFC000080000000800000004000000FF00FFFF50
:10CFD000FFFFFF00000000001C0000000800000030
:10CFE00004000000FF00FFFFFFFFFF000000000043
:10CFF00016000000020000001C000000FF000004FA
:10D0000000040600000000001700000002000000FD
:10D010001C000000FF0001040104070000000000E4
:10D02000180000000600000000000000FF00FFFFE5
:10D03000FFFFFF00000000001900000006000000D4
:10D0400000000000FF00FFFFFFFFFF0000C2010023
:10D0500000000800000000000000000089EC010052
:10D06000C1EE010085EC0100A5EE010085EE010096
:10D07000FDEE0100E1EE010081EC010083EC010016
:10D0800075EE010021EF0100B3EE01009DEC0100FF
:10D0900005EC0100C9ED01002DEC0100F0FFFFFFE0
:10D0A0000000000065EE0100B9ED010047EF01004E
:10D0B00071EC0100000000000000000089F1010097
:10D0C0008FFD010067FD010073FD0100F1EF01001C
:10D0D000F3EF0100E1F0010041726475696E6F20A9
:10D0E0004E414E4F20333320496F5400040309044E
:10D0F00041726475696E6F204C4C4300120100024E
:10D10000EF020140412357800001010203010000AA
:10D110000000000000000000750302007909020011
:10D1200077FF0100C3FF010071FF0100110402003D
:10D1300087FF010061FF0100210002009FFF010045
:10D140005DFF01000000000000000000EF0502008C
:10D150000D0A00000000004B000000CB666D6F64FC
:10D1600000000000000000000000000000000000BF
:10D170000000000000000080322902006E2802003A
:10D180009228020030280200922802000E29020094
:10D1900092280200302802006E2802006E28020049
:10D1A0000E290200302802006429020064290200CE
:10D1B000642902001A2902006E2802006E2802006B
:10D1C000922802002E280200922802000E29020056
:10D1D000922802002E2802006E2802006E2802000B
:10D1E0000E2902002E280200642902006429020090
:10D1F00064290200182902005C2C0200062C02009F
:10D20000062C0200342D0200022C0200022C020027
:10D210002A2D0200342D0200022C02002A2D0200C9
:10D22000022C0200342D0200382D0200382D02009D
:10D23000382D0200402D0200803B0200F23902002E
:10D24000363A02009A390200363A0200263B0200C2
:10D25000363A02009A390200F2390200F23902002D
:10D26000263B02009A3902009239020092390200EC
:10D2700092390200343B0200A8420200AA41020097
:10D28000AA410200C8440200A4410200A4410200D5
:10D29000B0440200C8440200A4410200B0440200AD
:10D2A000A4410200C8440200BE440200BE44020081
:10D2B000BE440200CC4402002C2066756E63746983
:10D2C0006F6E3A2000617373657274696F6E20220D
:10D2D000257322206661696C65643A2066696C6515
:10D2E00020222573222C206C696E6520256425730D
:10D2F00025730A000000000000000000000000008C
:10D30000000000000000000000000000000000001D
:10D31000000000000000000000000000000000000D
:10D3200000000000000000000000000000000000FD
:10D3300000000000000000000000000000000000ED
:10D3400000000000000000000000000000000000DD
:10D3500000000000B0260020504F53495800000044
:10D360001F0000001C0000001F0000001E00000045
:10D370001F0000001E0000001F0000001F00000032
:10D380001E0000001F0000001E0000001F00000023
:10D39000000000001F0000003B0000005A000000D9
:10D3A0007800000097000000B5000000D4000000E5
:10D3B000F300000011010000300100004E010000E8
:10D3C000232D302B2000686C4C006566674546476E
:10D3D00000494E4600696E66004E414E006E616E19
:10D3E00000303132333435363738394142434445E1
:10D3F0004600303132333435363738396162636450
:10D40000656600545A00474D54002531305B5E304C
:10D410002D392C2B2D5D256E004D256875256E2E22
:10D42000256875256E2E256875256E002F25687573
:10D43000256E3A256875256E3A256875256E0000BB
:10D4400020202020202020202028282828282020B4
:10D4500020202020202020202020202020202020CC
:10D460008810101010101010101010101010101044
:10D470000404040404040404040410101010101024
:10D4800010414141414141010101010101010101FD
:10D490000101010101010101010101101010101031
:10D4A00010424242424242020202020202020202CE
:10D4B00002020202020202020202021010101020F6
:10D4C000000000000000000000000000000000005C
:10D4D000000000000000000000000000000000004C
:10D4E000000000000000000000000000000000003C
:10D4F000000000000000000000000000000000002C
:10D50000000000000000000000000000000000001B
:10D51000000000000000000000000000000000000B
:10D5200000000000000000000000000000000000FB
:10D5300000000000000000000000000000000000EB
:10D54000496E66696E697479004E614E0000000094
:10D550001F0000001C0000001F0000001E00000053
:10D560001F0000001E0000001F0000001F00000040
:10D570001E0000001F0000001E0000001F00000031
:10D580001F0000001D0000001F0000001E00000022
:10D590001F0000001E0000001F0000001F00000010
:10D5A0001E0000001F0000001E0000001F00000001
:10D5B0000080E03779C34143176E05B5B5B893468F
:10D5C000F5F93FE9034F384D321D30F94877825A5B
:10D5D0003CBF737FDD4F1575000000000000F03F79
:10D5E000000000000000244000000000000059403E
:10D5F0000000000000408F40000000000088C34091
:10D6000000000000006AF8400000000080842E4105
:10D6100000000000D01263410000000084D7974151
:10D620000000000065CDCD41000000205FA0024257
:10D63000000000E876483742000000A2941A6D42CC
:10D64000000040E59C30A2420000901EC4BCD642BF
:10D6500000003426F56B0C430080E03779C341436A
:10D6600000A0D8855734764300C84E676DC1AB43E0
:10D67000003D9160E458E143408CB5781DAF1544FE
:10D6800050EFE2D6E41A4B4492D54D06CFF08044D9
:10D69000F64AE1C7022DB544B49DD9794378EA44EE
:10D6A00005000000190000007D000000CAD602003D
:10D6B0006ACA0200CDD60200412D46612D66383976
:10D6C00030313233343536375D002B2D0078580039
:10D6D000000000000C79FF7F010000000000000046
:10D6E000A8A10200B9A10200C7A10200D2A10200B4
:10D6F000E7A1020052D10200F4A1020052D10200BF
:10D7000052D1020052D1020052D1020052D1020085
:10D7100052D1020052D1020052D1020052D1020075
:10D7200002A2020052D1020009A2020052D102005C
:10D7300052D1020013A2020052D102001FA2020025
:10D7400052D1020052D102002AA2020036A20200E7
:10D7500052D1020052D1020052D1020043A2020073
:10D7600052D102004FA2020052D102005DA202007B
:10D770006BA2020073A2020052D1020082A2020038
:10D7800052D102008FA2020052D102009EA20200DA
:10D7900052D10200A9A2020052D10200B6A2020098
:10D7A00052D10200B9A2020052D10200CBA2020063
:10D7B00052D10200D2A2020052D10200DDA2020028
:10D7C00052D1020052D10200E5A2020052D1020061
:10D7D000F9A2020052D1020003A3020052D10200BA
:10D7E00052D1020052D1020010A3020052D1020015
:10D7F00052D1020052D1020052D102001EA30200F7
:10D800002DA3020052D102003AA3020052D102001D
:10D8100049A3020052D1020055A3020052D10200D6
:10D820005DA302006AA3020052D1020079A30200A4
:10D8300052D1020052D1020082A3020052D1020052
:10D8400052D102008FA3020052D1020099A302001C
:10D8500052D1020052D1020052D1020052D1020034
:10D8600052D10200A3A30200B0A30200BFA3020092
:10D87000000000000200000004000000060000009C
:10D88000080000000A0000000C0000000E0000006C
:10D89000100000001200000013000000280000002B
:10D8A00026000000240000002200000020000000EC
:10D8B0001E0000001C0000001A00000018000000FC
:10D8C00016000000150000002B0000002D000000D5
:10D8D0002F00000031000000330000003500000080
:10D8E00037000000390000003B0000003D00000050
:10D8F0003E000000540000005200000050000000F4
:10D900004E0000004C0000004A00000048000000EB
:10D9100046000000440000004200000041000000FA
:10D9200057000000590000005B0000005D0000008F
:10D930005F0000006100000063000000650000005F
:10D9400067000000690000006A000000800000001D
:10D950007E0000007C0000007A00000078000000DB
:10D9600076000000740000007200000070000000EB
:10D970006E0000006D0000008300000085000000C4
:10D9800087000000890000008B0000008D0000006F
:10D990008F0000009100000093000000950000003F
:10D9A00096000000AC000000AA000000A8000000E3
:10D9B000A6000000A4000000A2000000A0000000DB
:10D9C0009E0000009C0000009A00000099000000EA
:10D9D000AF000000B1000000B3000000B50000007F
:10D9E000B7000000B9000000BB000000BD0000004F
:10D9F000BF000000C1000000C2000000D80000000D
:10DA0000D6000000D4000000D2000000D0000000CA
:10DA1000CE000000CC000000CA000000C8000000DA
:10DA2000C6000000C5000000DB000000DD000000B3
:10DA3000DF000000E1000000E3000000E50000005E
:10DA4000E7000000E9000000EB000000ED0000002E
:10DA5000EE000000040100000201000000010000CF
:10DA6000FE000000FC000000FA000000F8000000CA
:10DA7000F6000000F4000000F2000000F1000000D9
:10DA800007010000090100000B0100000D0100006A
:10DA90000F0100001101000013010000150100003A
:10DAA00017010000190100001A01000030010000F8
:10DAB0002E0100002C0100002A01000028010000B6
:10DAC00026010000240100002201000020010000C6
:10DAD0001E0100001D01000033010000350100009F
:10DAE00037010000390100003B0100003D0100004A
:10DAF0003F0100004101000043010000450100001A
:10DB00004601000086010000860100008601000039
:10DB100086010000860100008601000086010000E9
:10DB200086010000860100008601000086010000D9
:10DB3000CEA30200DBA30200E7A30200F7A30200CA
:10DB400006A4020052D1020013A4020052D1020026
:10DB500052D1020052D1020052D1020052D1020031
:10DB600052D1020052D1020052D1020052D1020021
:10DB70001DA4020052D1020027A4020052D10200CB
:10DB800052D1020033A4020052D102003FA402008D
:10DB900052D1020052D102005BA402009EA40200F6
:10DBA00052D1020052D1020052D102004EA4020012
:10DBB00052D1020056A4020052D1020061A4020018
:10DBC0006EA4020079A4020052D1020083A40200D4
:10DBD00052D102008CA4020052D102007EA40200A5
:10DBE00052D1020099A4020052D10200A5A4020061
:10DBF00052D102002CA4020052D1020085A50200DD
:10DC000052D10200B2A4020052D1020091A502003A
:10DC100052D1020052D10200C1A4020052D102002E
:10DC2000CEA4020052D10200DDA4020052D10200B3
:10DC3000E9A4020052D10200F9A4020052D102006C
:10DC400006A5020052D1020052D1020019A502001D
:10DC500027A5020052D102002FA5020052D10200D6
:10DC600041A5020052D102004DA5020052D102008E
:10DC700056A5020068A5020052D1020073A5020059
:10DC800052D1020052D1020052A5020052D102002C
:10DC900052D1020080A5020052D102008CA50200E0
:10DCA00052D1020052D1020052D1020052D10200E0
:10DCB00052D1020052D1020096A50200A4A5020092
:10DCC0000000000000000000000000000000000054
:10DCD0000000000000000000000000000000000044
:10DCE0000000000000000000000000000000000034
:10DCF0000000000000000000000000000000000024
:10DD00000000000000000000000000000000000013
:10DD10000000000000000000000000000000000003
:10DD200000000000000000000000000000000000F3
:10DD300000000000000000000000000000000000E3
:10DD400000000000000000000000000000000000D3
:10DD500000000000000000000000000000000000C3
:10DD600097FFFFFF34FFFFFF960100005D020000F8
:10DD7000BD020000C202000088030000EE030000A4
:10DD80001A050000552D000065000000000000008D
:10DD90000000000000000000000000000000000083
:10DDA0000000000000000000000000000000000073
:10DDB0006500000097FFFFFF34FFFFFF94010000A4
:10DDC000F9010000C0020000C2020000EE030000E2
:10DDD000BD0200001A050000EF2C0000000000004A
:10DDE0000000000000000000000000000000000033
:10DDF0000000000000000000000000000000000023
:10DE00006F00000095FFFFFF34FFFFFFF9010000E6
:10DE1000420600002503000086030000EE03000018
:10DE20004F0400001A050000EF2C00005A02000009
:10DE300000000000000000000000000000000000E2
:10DE400000000000000000000000000000000000D2
:10DE500000000000000000000000000000000000C2
:10DE600000000000000000000000000000000000B2
:10DE700000000000000000000000000000000000A2
:10DE80000000000000000000000000000000000092
:10DE90000000000000000000000000000000000082
:10DEA0000000000000000000000000000000000072
:10DEB0000000000000000000000000000000000062
:10DEC0000000000000000000000000000000000052
:10DED0000000000000000000000000000000000042
:10DEE0000000000000000000000000000000000032
:10DEF0000000000000000000000000000000000022
:10DF00000000000000000000000000000000000011
:10DF10000000000000000000000000000000000001
:10DF200000000000000000000000000000000000F1
:10DF300000000000000000000000000000000000E1
:10DF400000000000000000000000000000000000D1
:10DF500000000000000000000000000000000000C1
:10DF600000000000000000000000000000000000B1
:10DF700000000000000000000000000000000000A1
:10DF80000000000000000000000000000000000091
:10DF90000000000000000000000000000000000081
:10DFA0000000000000000000000000000000000071
:10DFB0000000000000000000000000000000000061
:10DFC0000000000000000000000000000000000051
:10DFD0000000000000000000000000000000000041
:10DFE0000000000000000000000000000000000031
:10DFF0000000000000000000000000000000000021
:10E000000000000000000000000000000000000010
:10E010000000000000000000000000000000000000
:10E0200000000000000000000000000000000000F0
:10E0300000000000000000000000000000000000E0
:10E0400000000000000000000000000000000000D0
:10E0500000000000000000000000000000000000C0
:10E0600000000000000000000000000000000000B0
:10E0700000000000000000000000000000000000A0
:10E080000000000000000000000000000000000090
:10E090000000000000000000000000000000000080
:10E0A0000000000000000000000000000000000070
:10E0B0000000000000000000000000000000000060
:10E0C0000000000000000000000000000000000050
:10E0D0000000000000000000000000000000000040
:10E0E0000000000000000000000000000000000030
:10E0F0000000000000000000000000000000000020
:10E10000000000000000000000000000000000000F
:10E1100000000000000000000000000000000000FF
:10E1200000000000000000000000000000000000EF
:10E1300000000000000000000000000000000000DF
:10E1400000000000000000000000000000000000CF
:10E1500000000000000000000000000000000000BF
:10E1600000000000000000000000000000000000AF
:10E17000000000000000000000000000000000009F
:10E18000000000000000000000000000000000008F
:10E19000000000000000000000000000000000007F
:10E1A000000000000000000000000000000000006F
:10E1B000000000000000000000000000000000005F
:10E1C000000000000000000000000000000000004F
:10E1D000000000000000000000000000000000003F
:10E1E000000000000000000000000000000000002F
:10E1F000000000000000000000000000000000001F
:10E20000000000000000000000000000000000000E
:10E2100000000000000000000000000000000000FE
:10E2200000000000000000000000000000000000EE
:10E2300000000000000000000000000000000000DE
:10E2400000000000000000000000000000000000CE
:10E2500000000000000000000000000000000000BE
:10E260006500000098FFFFFF97FFFFFF940100008B
:10E27000C202000087030000EE0300001A05000040
:10E28000F42C00000000000000000000000000006E
:10E29000000000000000000000000000000000007E
:10E2A000000000000000000000000000000000006E
:10E2B000000000000000000000000000000000005E
:10E2C000000000000000000000000000000000004E
:10E2D000000000000000000000000000000000003E
:10E2E000000000000000000000000000000000002E
:10E2F000000000000000000000000000000000001E
:10E30000000000000000000000000000000000000D
:10E3100000000000000000000000000000000000FD
:10E3200000000000000000000000000000000000ED
:10E3300000000000000000000000000000000000DD
:10E3400000000000000000000000000000000000CD
:10E3500097FFFFFF41060000420600009401000005
:10E3600095010000BF020000C0020000EC030000A5
:10E37000B20400007E050000552D000000000000E2
:10E38000000000000000000000000000000000008D
:10E39000000000000000000000000000000000007D
:10E3A000000000000000000000000000000000006D
:10E3B000000000000000000000000000000000005D
:10E3C000000000000000000000000000000000004D
:10E3D000000000000000000000000000000000003D
:10E3E000000000000000000000000000000000002D
:10E3F0006500000036FFFFFFCEFEFFFF5D0200005C
:10E400005F020000BD02000028030000F0030000CE
:10E41000BA0400007E050000572D000042060000EF
:10E4200000000000000000000000000000000000EC
:10E4300000000000000000000000000000000000DC
:10E4400000000000000000000000000000000000CC
:10E4500000000000000000000000000000000000BC
:10E4600000000000000000000000000000000000AC
:10E47000000000000000000000000000000000009C
:10E48000000000000000000000000000000000008C
:10E49000000000000000000000000000000000007C
:10E4A000000000000000000000000000000000006C
:10E4B000000000000000000000000000000000005C
:10E4C000000000000000000000000000000000004C
:10E4D000000000000000000000000000000000003C
:10E4E0004106000097FFFFFF2F010000F701000029
:10E4F000BF02000087030000EE0300001A050000C1
:10E50000F22C0000000000000000000000000000ED
:10E5100000000000000000000000000000000000FB
:10E5200000000000000000000000000000000000EB
:10E5300036FFFFFFF7010000BF020000EC03000000
:10E540001A050000F22C0000650000000000000029
:10E5500000000000000000000000000000000000BB
:10E5600000000000000000000000000000000000AB
:10E57000000000000000000000000000000000009B
:10E58000000000000000000000000000000000008B
:10E59000000000000000000000000000000000007B
:10E5A000000000000000000000000000000000006B
:10E5B000000000000000000000000000000000005B
:10E5C000000000000000000000000000000000004B
:10E5D000000000000000000000000000000000003B
:10E5E000000000000000000000000000000000002B
:10E5F000000000000000000000000000000000001B
:10E60000000000000000000000000000000000000A
:10E6100000000000000000000000000000000000FA
:10E6200000000000000000000000000000000000EA
:10E6300000000000000000000000000000000000DA
:10E6400000000000000000000000000000000000CA
:10E6500000000000000000000000000000000000BA
:10E6600000000000000000000000000000000000AA
:10E6700042060000A6FDFFFF25030000EA0300009C
:10E680001A050000572D00000000000000000000E7
:10E69000000000000000000000000000000000007A
:10E6A000000000000000000000000000000000006A
:10E6B000000000000000000000000000000000005A
:10E6C000000000000000000000000000000000004A
:10E6D000000000000000000000000000000000003A
:10E6E000000000000000000000000000000000002A
:10E6F000000000000000000000000000000000001A
:10E700000000000000000000000000000000000009
:10E71000D1FEFFFF6B00000091010000BF0200006E
:10E72000EE0300001D050000EF2C000000000000BB
:10E7300000000000000000000000000000000000D9
:10E7400000000000000000000000000000000000C9
:10E7500000000000000000000000000000000000B9
:10E7600000000000000000000000000000000000A9
:10E770000000000000000000000000000000000099
:10E780000000000000000000000000000000000089
:10E790000000000000000000000000000000000079
:10E7A0000000000000000000000000000000000069
:10E7B0006F00000094FFFFFF960100005F02000061
:10E7C000EE0300001C050000F22C00004A060000C9
:10E7D0000000000000000000000000000000000039
:10E7E0000000000000000000000000000000000029
:10E7F0000000000000000000000000000000000019
:10E800000000000000000000000000000000000008
:10E8100000000000000000000000000000000000F8
:10E8200000000000000000000000000000000000E8
:10E8300000000000000000000000000000000000D8
:10E8400000000000000000000000000000000000C8
:10E850006500000098FFFFFF97FFFFFF9401000095
:10E86000220300008B03000050040000B8040000E5
:10E87000F02C00000000000000000000000000007C
:10E880000000000000000000000000000000000088
:10E890000000000000000000000000000000000078
:10E8A0000000000000000000000000000000000068
:10E8B0000000000000000000000000000000000058
:10E8C0000000000000000000000000000000000048
:10E8D0000000000000000000000000000000000038
:10E8E0000000000000000000000000000000000028
:10E8F000650000006FFEFFFF590200008803000062
:10E9000051040000F32C0000B804000000000000D7
:10E9100000000000000000000000000000000000F7
:10E9200000000000000000000000000000000000E7
:10E9300000000000000000000000000000000000D7
:10E9400000000000000000000000000000000000C7
:10E9500000000000000000000000000000000000B7
:10E9600000000000000000000000000000000000A7
:10E970000000000000000000000000000000000097
:10E980000000000000000000000000000000000087
:10E990006500000095FFFFFF960100005F02000088
:10E9A000EC030000EE030000C6040000F22C00009F
:10E9B0000000000000000000000000000000000057
:10E9C0000000000000000000000000000000000047
:10E9D0000000000000000000000000000000000037
:10E9E0000000000000000000000000000000000027
:10E9F0000000000000000000000000000000000017
:10EA00000000000000000000000000000000000006
:10EA100000000000000000000000000000000000F6
:10EA200000000000000000000000000000000000E6
:10EA30004606000096FFFFFFAA0100005D020000ED
:10EA400028030000F0030000C6040000F22C0000C0
:10EA500000000000000000000000000000000000B6
:10EA600000000000000000000000000000000000A6
:10EA70000000000000000000000000000000000096
:10EA80000000000000000000000000000000000086
:10EA90000000000000000000000000000000000076
:10EAA0000000000000000000000000000000000066
:10EAB0000000000000000000000000000000000056
:10EAC0000000000000000000000000000000000046
:10EAD000650000009AFFFFFFD0FEFFFF5B02000011
:10EAE0008803000050040000B60400007C0500000C
:10EAF000552D000000000000000000000000000094
:10EB00000000000000000000000000000000000005
:10EB100000000000000000000000000000000000F5
:10EB200000000000000000000000000000000000E5
:10EB300000000000000000000000000000000000D5
:10EB400000000000000000000000000000000000C5
:10EB500000000000000000000000000000000000B5
:10EB600000000000000000000000000000000000A5
:10EB70006500000097FFFFFF96FFFFFF9601000072
:10EB80005D0200005F0200008B030000170500001B
:10EB9000EF2C00000000000000000000000000005A
:10EBA0000000000000000000000000000000000065
:10EBB0000000000000000000000000000000000055
:10EBC0000000000000000000000000000000000045
:10EBD0000000000000000000000000000000000035
:10EBE0000000000000000000000000000000000025
:10EBF0000000000000000000000000000000000015
:10EC00000000000000000000000000000000000004
:10EC10006F00000096FFFFFF300100005F02000060
:10EC200087030000B60400007C050000552D00009D
:10EC300000000000000000000000000000000000D4
:10EC400000000000000000000000000000000000C4
:10EC500000000000000000000000000000000000B4
:10EC600000000000000000000000000000000000A4
:10EC70000000000000000000000000000000000094
:10EC80000000000000000000000000000000000084
:10EC90000000000000000000000000000000000074
:10ECA0000000000000000000000000000000000064
:10ECB0006500000097FFFFFF960100005902000069
:10ECC00026030000EB030000F22C0000000000000F
:10ECD0000000000000000000000000000000000034
:10ECE0000000000000000000000000000000000024
:10ECF0000000000000000000000000000000000014
:10ED00000000000000000000000000000000000003
:10ED100000000000000000000000000000000000F3
:10ED200000000000000000000000000000000000E3
:10ED300000000000000000000000000000000000D3
:10ED400000000000000000000000000000000000C3
:10ED50006F00000068FEFFFF62020000ED0300008C
:10ED6000B5040000EF2C00000000000000000000CF
:10ED70000000000000000000000000000000000093
:10ED80000000000000000000000000000000000083
:10ED90000000000000000000000000000000000073
:10EDA0000000000000000000000000000000000063
:10EDB0000000000000000000000000000000000053
:10EDC0000000000000000000000000000000000043
:10EDD0000000000000000000000000000000000033
:10EDE0000000000000000000000000000000000023
:10EDF0006500000036FFFFFF91010000C202000025
:10EE000089030000B6040000F22C0000000000009E
:10EE100000000000000000000000000000000000F2
:10EE200000000000000000000000000000000000E2
:10EE300000000000000000000000000000000000D2
:10EE400000000000000000000000000000000000C2
:10EE500000000000000000000000000000000000B2
:10EE600000000000000000000000000000000000A2
:10EE70000000000000000000000000000000000092
:10EE80000000000000000000000000000000000082
:10EE90000000000000000000000000000000000072
:10EEA0000000000000000000000000000000000062
:10EEB0000000000000000000000000000000000052
:10EEC0000000000000000000000000000000000042
:10EED0000000000000000000000000000000000032
:10EEE00094FFFFFF6F000000650000006900000054
:10EEF00094010000C2020000EC030000EE030000D9
:10EF0000F00300001A050000552D0000F701000075
:10EF100000000000000000000000000000000000F1
:10EF200000000000000000000000000000000000E1
:10EF300000000000000000000000000000000000D1
:10EF400000000000000000000000000000000000C1
:10EF500000000000000000000000000000000000B1
:10EF600000000000000000000000000000000000A1
:10EF70000000000000000000000000000000000091
:10EF80006500000098FFFFFF930100005F02000092
:10EF9000860300005204000016050000552D0000F5
:10EFA0004206000000000000000000000000000019
:10EFB0000000000000000000000000000000000051
:10EFC0000000000000000000000000000000000041
:10EFD0000000000000000000000000000000000031
:10EFE0000000000000000000000000000000000021
:10EFF0000000000000000000000000000000000011
:10F000000000000000000000000000000000000000
:10F0100000000000000000000000000000000000F0
:10F020006F0000002EFFFFFFFB0100002603000021
:10F0300042060000E90300007A050000F22C0000FF
:10F0400000000000000000000000000000000000C0
:10F0500000000000000000000000000000000000B0
:10F0600000000000000000000000000000000000A0
:10F070000000000000000000000000000000000090
:10F080000000000000000000000000000000000080
:10F090000000000000000000000000000000000070
:10F0A0000000000000000000000000000000000060
:10F0B0000000000000000000000000000000000050
:10F0C00065000000D1FEFFFF97010000240300004F
:10F0D0004E040000B7040000F32C00005C020000A6
:10F0E0000000000000000000000000000000000020
:10F0F0000000000000000000000000000000000010
:10F1000000000000000000000000000000000000FF
:10F1100000000000000000000000000000000000EF
:10F1200000000000000000000000000000000000DF
:10F1300000000000000000000000000000000000CF
:10F1400000000000000000000000000000000000BF
:10F1500000000000000000000000000000000000AF
:10F16000650000006FFEFFFF5B0200003A03000035
:10F17000B8040000EF2C00008C0300000000000029
:10F18000000000000000000000000000000000007F
:10F19000000000000000000000000000000000006F
:10F1A000000000000000000000000000000000005F
:10F1B000000000000000000000000000000000004F
:10F1C000000000000000000000000000000000003F
:10F1D000000000000000000000000000000000002F
:10F1E000000000000000000000000000000000001F
:10F1F000000000000000000000000000000000000F
:10F200006500000036FFFFFF5C02000022030000E3
:10F21000EF03000083FAFFFF000000000000000081
:10F2200000000000000000000000000000000000DE
:10F2300000000000000000000000000000000000CE
:10F2400000000000000000000000000000000000BE
:10F2500000000000000000000000000000000000AE
:10F26000000000000000000000000000000000009E
:10F27000000000000000000000000000000000008E
:10F28000000000000000000000000000000000007E
:10F29000000000000000000000000000000000006E
:10F2A000000000000000000000000000000000005E
:10F2B000000000000000000000000000000000004E
:10F2C000000000000000000000000000000000003E
:10F2D000000000000000000000000000000000002E
:10F2E000000000000000000000000000000000001E
:10F2F0006500000098FFFFFFF801000023030000F5
:10F3000050040000B504000080050000572D0000E7
:10F3100000000000000000000000000000000000ED
:10F3200000000000000000000000000000000000DD
:10F3300000000000000000000000000000000000CD
:10F340006F0000004A0600002EFFFFFF970100003B
:10F35000920100005D020000BE0200004E040000A9
:10F36000B604000017050000F12C000000000000AA
:10F37000000000000000000000000000000000008D
:10F38000000000000000000000000000000000007D
:10F39000000000000000000000000000000000006D
:10F3A000000000000000000000000000000000005D
:10F3B000000000000000000000000000000000004D
:10F3C000000000000000000000000000000000003D
:10F3D000000000000000000000000000000000002D
:10F3E0006F00000094FFFFFF990100008E030000F2
:10F3F0002603000088030000EC0300008D2C0000B1
:10F400002EFFFFFF000000000000000000000000D1
:10F4100000000000000000000000000000000000EC
:10F4200000000000000000000000000000000000DC
:10F4300000000000000000000000000000000000CC
:10F4400000000000000000000000000000000000BC
:10F4500000000000000000000000000000000000AC
:10F46000000000000000000000000000000000009C
:10F47000000000000000000000000000000000008C
:10F48000000000000000000000000000000000007C
:10F49000000000000000000000000000000000006C
:10F4A000000000000000000000000000000000005C
:10F4B000000000000000000000000000000000004C
:10F4C000000000000000000000000000000000003C
:10F4D000000000000000000000000000000000002C
:10F4E000000000000000000000000000000000001C
:10F4F000000000000000000000000000000000000C
:10F5000000000000000000000000000000000000FB
:10F5100000000000000000000000000000000000EB
:10F52000650000009AFFFFFFD0FEFFFFC102000050
:10F53000C302000088030000B80400007C0500003E
:10F540007B050000ED2C0000892C0000000000006D
:10F5500000000000000000000000000000000000AB
:10F56000000000000000000000000000000000009B
:10F57000000000000000000000000000000000008B
:10F58000000000000000000000000000000000007B
:10F59000000000000000000000000000000000006B
:10F5A000000000000000000000000000000000005B
:10F5B000000000000000000000000000000000004B
:10F5C0006F00000096FFFFFF95010000F6010000AC
:10F5D000420600008803000055040000800500007A
:10F5E0000CD3FFFF0BD3FFFF000000000000000062
:10F5F000000000000000000000000000000000000B
:10F6000000000000000000000000000000000000FA
:10F610006F00000094FFFFFFF90100005A02000094
:10F62000E9030000B404000079050000552D000036
:10F6300000000000000000000000000000000000CA
:10F6400000000000000000000000000000000000BA
:10F6500000000000000000000000000000000000AA
:10F66000000000000000000000000000000000009A
:10F67000000000000000000000000000000000008A
:10F68000000000000000000000000000000000007A
:10F69000000000000000000000000000000000006A
:10F6A000000000000000000000000000000000005A
:10F6B000650000006C000000CFFEFFFFBE020000EE
:10F6C0002503000052040000F22C0000000000009E
:10F6D000000000000000000000000000000000002A
:10F6E000000000000000000000000000000000001A
:10F6F000000000000000000000000000000000000A
:10F7000000000000000000000000000000000000F9
:10F7100000000000000000000000000000000000E9
:10F7200000000000000000000000000000000000D9
:10F7300000000000000000000000000000000000C9
:10F7400000000000000000000000000000000000B9
:10F7500000000000000000000000000000000000A9
:10F760000000000000000000000000000000000099
:10F770000000000000000000000000000000000089
:10F780000000000000000000000000000000000079
:10F790000000000000000000000000000000000069
:10F7A0006500000096FFFFFF2EFFFFFFFD01000038
:10F7B0005D0200008D030000EC030000BA040000AD
:10F7C000E205000000000000000000000000000052
:10F7D0000000000000000000000000000000000029
:10F7E0000000000000000000000000000000000019
:10F7F0000000000000000000000000000000000009
:10F8000000000000000000000000000000000000F8
:10F8100000000000000000000000000000000000E8
:10F8200000000000000000000000000000000000D8
:10F8300000000000000000000000000000000000C8
:10F8400000000000000000000000000000000000B8
:10F8500000000000000000000000000000000000A8
:10F860000000000000000000000000000000000098
:10F870000000000000000000000000000000000088
:10F880000000000000000000000000000000000078
:10F890006F00000098FFFFFFFC0100005E02000007
:10F8A0008C03000050040000B4040000EF2C0000A2
:10F8B0000000000000000000000000000000000048
:10F8C0000000000000000000000000000000000038
:10F8D0000000000000000000000000000000000028
:10F8E0000000000000000000000000000000000018
:10F8F0000000000000000000000000000000000008
:10F9000000000000000000000000000000000000F7
:10F9100000000000000000000000000000000000E7
:10F9200000000000000000000000000000000000D7
:10F93000650000009AFFFFFFCFFEFFFF28030000D5
:10F94000420600001C050000F52C00008A030000A0
:10F9500000000000000000000000000000000000A7
:10F960000000000000000000000000000000000097
:10F970000000000000000000000000000000000087
:10F980000000000000000000000000000000000077
:10F990000000000000000000000000000000000067
:10F9A0000000000000000000000000000000000057
:10F9B0000000000000000000000000000000000047
:10F9C0000000000000000000000000000000000037
:10F9D0000000000000000000000000000000000027
:10F9E0000000000000000000000000000000000017
:10F9F0000000000000000000000000000000000007
:10FA000000000000000000000000000000000000F6
:10FA100000000000000000000000000000000000E6
:10FA200000000000000000000000000000000000D6
:10FA300000000000000000000000000000000000C6
:10FA400000000000000000000000000000000000B6
:10FA500000000000000000000000000000000000A6
:10FA60000000000000000000000000000000000096
:10FA70000000000000000000000000000000000086
:10FA80000000000000000000000000000000000076
:10FA90000000000000000000000000000000000066
:10FAA0000000000000000000000000000000000056
:10FAB0000000000000000000000000000000000046
:10FAC0000000000000000000000000000000000036
:10FAD0000000000000000000000000000000000026
:10FAE0000000000000000000000000000000000016
:10FAF0000000000000000000000000000000000006
:10FB000000000000000000000000000000000000F5
:10FB100000000000000000000000000000000000E5
:10FB200000000000000000000000000000000000D5
:10FB300000000000000000000000000000000000C5
:10FB400000000000000000000000000000000000B5
:10FB500000000000000000000000000000000000A5
:10FB60000000000000000000000000000000000095
:10FB70000000000000000000000000000000000085
:10FB80000000000000000000000000000000000075
:10FB90000000000000000000000000000000000065
:10FBA0000000000000000000000000000000000055
:10FBB0000000000000000000000000000000000045
:10FBC0000000000000000000000000000000000035
:10FBD0000000000000000000000000000000000025
:10FBE0000000000000000000000000000000000015
:10FBF0000000000000000000000000000000000005
:10FC00000101010005000000040000000B000000DD
:10FC100010000000310000000000000000000000A3
:10FC200000000000000000000000000000000000D4
:10FC30000000000032000000000000000000000092
:10FC400000000000000000000000000000000000B4
:10FC50000000000033000000000000000000000071
:10FC60000000000000000000000000000000000094
:10FC70000000000034000000000000000000000050
:10FC80000000000000000000000000000000000074
:10FC9000000000003500000000000000000000002F
:10FCA0000000000000000000000000000000000054
:10FCB0000000000000000000000000000000000044
:10FCC0000000000000000000000000000000000034
:10FCD0000000000000000000000000000000000024
:10FCE0000000000000000000000000000000000014
:10FCF0000000000000000000000000000000000004
:10FD000000000000000000000000000000000000F3
:10FD100000000000000000000000000000000000E3
:10FD200000000000000000000000000000000000D3
:10FD300000000000000000000000000000000000C3
:10FD400000000000000000000000000000000000B3
:10FD500000000000AA5555AA0000000000000000A5
:10FD6000000000000000008707050A00FFFFFFFFFA
:10FD7000FFFFFFFF40420F000A0000000A000000E2
:10FD8000FFFFFFFF01000000B02600200000000080
:10FD900014D3020034D30200F4D2020000000000A9
:10FDA0000000000000000000000000000000000053
:10FDB0000000000000000000000000000000000043
:10FDC0000000000000000000000000000000000033
:10FDD0000000000000000000000000000000000023
:10FDE00000000000000000000000000043000000D0
:10FDF0000000000000000000000000000000000003
:10FE000000000000000000000000000043000000AF
:10FE100000000000000000000000000000000000E2
:10FE2000000000000000000000000000430000008F
:10FE300000000000000000000000000000000000C2
:10FE4000000000000000000000000000430000006F
:10FE500000000000000000000000000000000000A2
:10FE6000000000000000000000000000430000004F
:10FE70000000000000000000000000000000000082
:10FE8000000000000000000000000000430000002F
:10FE90000000000000000000000000000000000062
:10FEA000000000000000000000000000430000000F
:10FEB0000000000000000000000000000000000042
:10FEC000000000000000000000000000E9750200D2
:10FED0009D570200000000003FD4020096C70200B8
:10FEE00052D1020052D1020052D1020052D102007E
:10FEF00052D1020052D1020052D1020052D102006E
:10FF000052D10200FFFFFFFFFFFFFFFFFFFFFFFFD8
:10FF1000FFFF000001004153434949000000000079
:10FF200000000000000000000000000000000000D1
:10FF30000000000000004153434949000000000058
:10FF400000000000000000000000000000000000B1
:10FF5000000000000000000006D4020006D40200E9
:10FF60000000000001000000000000004A00000046
:10FF70000000000000000000000000000000000081
:10FF80000000000000000000000000000000000071
:10FF9000000000004A000000000000000000000017
:10FFA0000000000000000000000000000000000051
:10FFB000000000000000000000000000B457002016
:10FFC000DD600000A58100003DAF00003DB90000EC
:10FFD000B1C300002DD9000091DC000031EB00001E
:10FFE0006DF00000A9F6000005F800002D000100EA
:10FFF000E91B0100FD340100E5390100296501001C
:020000040003F7
:10000000B56B01000D7001008D83010059AE010038
:1000100099B4010011B90100E1CA0100ADCD0100A0
:100020003DD40100C1D8010031DB0100B9E4010079
:10003000A9E50100DDEF0100F1FD01004D0802001E
:04004000B5600000A7
:00000001FF
