:10200000008000206D2F0000552F0000552F00008C
:1020100000000000000000000000000000000000C0
:10202000000000000000000000000000552F00002C
:102030000000000000000000552F0000C12F00002C
:10204000552F0000552F0000552F0000552F000080
:10205000552F0000552F0000552F0000592F00006C
:10206000552F0000552F0000552F0000892E00002D
:10207000792E0000552F0000692E0000552F00001A
:10208000552F0000552F0000552F0000552F000040
:1020900000000000552F0000552F0000552F0000B4
:1020A000552F0000552F0000552F0000552F000020
:1020B0000000000010B5064C2378002B07D1054B1B
:1020C000002B02D0044800E000BF0123237010BDA4
:1020D000D400002000000000305A0000044B10B56E
:1020E000002B03D00349044800E000BF10BDC046E8
:1020F00000000000D8000020305A00001FB5140076
:1021000004220023019203AA00920A000100632026
:10211000039300F0F1FC03982060C043C00F40B26D
:1021200004B010BD13B5040002F016FD01AAC1B23F
:102130002000FFF7E3FFC317181AC00F16BDF0B554
:102140000668436885B01400B218050003919A42EE
:1021500003D900249E4210D29C1BAF68380002F0C5
:10216000FBFC039BC2B20093019433003900612051
:1021700000F0C2FC2B681B192B60200005B0F0BDDD
:1021800070B585680400280002F0E6FC221DC1B28B
:102190002800FFF7B3FF606870BD37B5002485687D
:1021A0000460280002F0D8FC2900C2B20194009417
:1021B0002300622000F0A0FC37BD000030B5FF25F1
:1021C000064C8A18914208D00B78013143402B40CD
:1021D0009B001B59000A5840F4E730BDFC4B00003F
:1021E000F0B50C24AFB000AF01F01AF802F09EFB7E
:1021F000012000F023FF01211A2001F0BBF801218A
:102200001A2001F003F901211B2001F0B3F801218C
:102210001B2001F0FBF87849381902F08FFA774853
:1022200000F020FAFF2800D196E000F017FA082607
:1022300030250100381902F0A0FABB19704958196D
:1022400002F07CFABB195919381902F0BEFABB1911
:102250000400581902F02AFA002C7DD1694D286833
:10226000FFF760FF002800D188E029680825B6192B
:102270007B19981900F047FA1C2379197819C918A5
:1022800014228019FFF75BFF0823FB1898197D6A59
:10229000FFF776FF0838854206D00023BB61103374
:1022A0000822BA18D01855E008230125BB616D42F9
:1022B0007A6A1300803BA34213D9082030263B18CA
:1022C0009919102338188022C018FFF738FF08200A
:1022D0003B18802228009919FFF770FF8034050011
:1022E000E6E7082030263B18991910233818121BEE
:1022F000C018FFF724FF08207B6A1A1B3B189919A6
:102300002800FFF75BFFC043BB6A8342C5D13E4B49
:10231000FA6A9A42C1D1E822C02114230825102468
:102320009202C9013948BB6100F0C8FC7B19181939
:10233000FFF726FFC02102007B191819143AC901C2
:1023400000F084F800F03AF900F092F80023BB6145
:102350007B191819FFF721FFC023DB011A6882F3EC
:1023600008882B4A93602B4B1B6818470C23F818DE
:1023700002F09CF90020BD462FB0F0BD264C20682D
:10238000FFF7D0FE0028E7D0082521681C247B1920
:10239000181900F0B8F97B191819FFF7F1FE80231E
:1023A000DB019842D8D9C0217B621C4BC901C418FB
:1023B00022001648C02500F081FC8026ED0108218E
:1023C00030237818C1181C20283BFB18320018183D
:1023D000FFF7B5FE08213022791833008A180B4820
:1023E000290000F01BFC0E4BEB1880359C42E6D810
:1023F00000237B621C3353E701500000C011002012
:10240000FC4F00000800002057804123F800002006
:1024100000ED00E0046000000400002000C0FFFFA9
:1024200080A0FFFF13B500240648230022002100EE
:10243000009401F0B1F822002100034800F0D6FB1F
:1024400013BDC046F0000020F8000020044B1960C6
:10245000044B1960044B1860044B1A607047C04667
:1024600020010020100100201C0100202401002078
:102470000C4970B50C4C0A6823680C489A180A601D
:102480000B49096809188A4209D90A4D0A4A29687C
:102490000A4800F0C3FB2B6822689B182B600023BE
:1024A000236070BD280100202C01002000E0FFFF08
:1024B000200100201001002030010020F800002041
:1024C000054A0649136810B5C85401331360402B00
:1024D00001D1FFF7CDFF10BD2C01002030010020FD
:1024E000F0B51E4B1E4F1B683A6885B09A4232D039
:1024F0001C4D2E68402E24D11B4B1C682368029370
:10250000029963684031994204D9029A00269A429E
:1025100011D29E1AA3681800039302F01DFB134BFF
:10252000C2B200930196029B0399612000F0E4FA85
:1025300023689B1923600E4A13689B1913600023BC
:102540002B602B68094AD05C01332B603B68013358
:102550003B6005B0F0BD01204042FAE724010020B5
:10256000700100200C0000201C01002078010020D8
:1025700074010020F7B5002426000190019B9E42C3
:1025800016DA0C4D0C4F2B68002B06D1FFF7A8FF75
:102590003860431C0DD080232B602A683B686400A0
:1025A0001340591E8B415210E4182A600136E5E7AA
:1025B0002000FEBDBC010020B8010020F7B50024BA
:1025C00020221E4D1E4B2A5501349C42FBD1012076
:1025D000FFF7D0FF431C30D000280CD00820FFF7B5
:1025E000C9FF0600431C28D0FFF76AFF631C2E5565
:1025F0005C05640DEBE70B20FFF7BCFF0600431CF6
:102600001BD00420FFF7B6FF03000190013314D064
:102610003700019BBA1B01339342D8DB7B055B0D6E
:10262000EB5C013718000093FFF74AFF6A46127807
:10263000631C2A555C05640DEBE7F7BDC001002063
:10264000EF07000007B50021034800910B000A00C6
:1026500000F0A2FF07BDC0461401002010B500F035
:1026600023FA10BD10B500F0F7F910BD07B5002131
:1026700004480B000A00009100F08EFF024B034A51
:102680001A6007BDC4110020C011002050C3000013
:1026900007B50021034800910B000A0000F07CFF01
:1026A00007BDC046CC11002007B5002103480091AA
:1026B0000B000A0000F070FF07BDC046D4110020D7
:1026C00007B50021034800910B000A0000F064FFE9
:1026D00007BDC046DC11002030B585B00C000500F8
:1026E00002F03AFA04210023019103A9C2B2009139
:1026F00063202900039300F0FFF903982060C04392
:10270000C00F05B030BD10B504000023A160080063
:10271000211D23606360FFF7DFFF200010BD000074
:1027200007B50021034800910B000A0000F034FFB8
:1027300007BDC046E411002007B500210348009101
:102740000B000A0000F028FF07BDC046EC11002076
:1027500010B504007822002102F01FF9200010BDFE
:1027600010B50C244C4304192068002805D002F051
:1027700001F9002363602360A36010BD70B50500FC
:102780000024210028000134FFF7EAFF0A2CF8D1C9
:10279000280070BD10B5054C2000FFF7D9FF044A92
:1027A0000449200002F016F810BDC046F4110020C4
:1027B000000000207D270000F8B51823234E244F89
:1027C0003370244C04333B70013B237000F04AFB10
:1027D000214D1A2804D801232B702378DB43237062
:1027E0001E4800F0ADFA3078012100F0C3FD3878C2
:1027F000002100F0BFFD2078012100F0BBFD012188
:102800001A2000F0B7FD01211A2000F0FFFD3078FA
:10281000012100F0FBFD2978207800F0F7FD0A2067
:1028200000F00CFC297801252078694000F0EEFDCD
:102830000B4800F003FC00211A2000F0E7FD002106
:102840001A2000F097FD074B1D70F8BD1200002004
:1028500010000020110000206C120020B81600208B
:10286000EE0200006D12002013B500246B465C716F
:102870001C71019A0B490C4800F08AFA0B4B21009D
:10288000187800F0C3FD00F0A3FB0400084B187893
:1028900000F0E8FD012804D000F09AFB001B04289A
:1028A000F4D913BD00127A00B816002012000020DF
:1028B0001000002010B5044B0121187800F0A6FD8F
:1028C000024800F081FA10BD12000020B816002066
:1028D00007B56B46D871D9790248C9B200F088FAB9
:1028E0000EBDC046B816002010B5034B187800F096
:1028F000B9FD0028F9D110BD1000002010B504006A
:10290000FF20FFF7E5FF207010BD70B50C0005003B
:102910000800FFF7F3FF2078401B4342584170BD89
:1029200013B56B46DC1D002320002370FFF7E6FF84
:10293000207816BD70B50500084CFFF7F1FFEF28B1
:1029400008D0013C002C01D0A842F6D1401B4342E4
:10295000584170BD01204042FBE7C046E90300003A
:1029600070B504000D0000201600FFF7B1FF6519D7
:10297000AC4204D02078FFF7ABFF0134F8E7012E1A
:1029800002D1EE20FFF7A4FF70BDF8B505000800E6
:102990000E0017002C00FFF79BFF631B9E4204DD17
:1029A0002078FFF795FF0134F7E7012F02D1EE20E1
:1029B000FFF78EFFF8BD10B50400FF20FFF788FF7A
:1029C000002C00D0207010BDF0B585B01F0002AB08
:1029D000DC1D00230500E020019116002370FFF7A5
:1029E000A9FF002802D1002005B0F0BD2000FFF7AC
:1029F00085FF802223781543AB42F4D12000FFF7F6
:102A00007DFF2378019A9342EDD13800FFF7D3FF81
:102A100035003A78AB1B9A4204DD2800FFF76EFFC1
:102A20000135F6E72100EE20FFF76FFF0120DBE71D
:102A300070B50400E0200D00FFF74AFF7F20204022
:102A4000FFF746FF2800FFF743FF002D02D1EE20DD
:102A5000FFF73EFF70BD0000124B13B51B78002B33
:102A600001D1FFF7A9FEFFF73FFFFFF7FDFE0021B1
:102A70002020FFF7DDFFFFF71DFFFFF735FFFFF712
:102A8000F3FE6B469C1DFF2323706B460022073329
:102A90001A70012122002020FFF796FFFFF70AFF9E
:102AA000207816BD6D120020114B13B51B78002B3A
:102AB00001D1FFF781FEFFF717FFFFF7D5FE0021D9
:102AC0003720FFF7B5FFFFF7F5FEFFF70DFFFFF724
:102AD000CBFE6B460022074C07331A7001212200FF
:102AE0003720FFF771FFFFF7E5FE200016BDC04657
:102AF0006D12002078120020F0B585B00193294BAB
:102B000006001B7800911400002B01D1FFF754FE42
:102B10003500603D6F426F410337FFF7E5FEFFF779
:102B2000A3FE39003000FFF783FF0022042101A833
:102B3000FFF72BFF002204210BA8FFF726FF6A1ED8
:102B400095412100EAB20098FFF71FFF602E04D1E3
:102B500001220B990A98FFF703FF0C34E4190327AD
:102B600025003D4003D0FFF7DBFE0134F8E7FFF717
:102B7000A1FE0F24FFF7B8FEFFF776FE0E236C448C
:102B80006B441D702570602E00D10A9323000A9AB1
:102B900001213000FFF718FFFFF78CFE00202056C0
:102BA00005B0F0BD6D12002007B50021034800916B
:102BB0000B000A0000F0F0FC07BDC04670120020B8
:102BC00010B5054A0549064800F010F80022054BEB
:102BD00005491A705A5410BD01040000005100004C
:102BE000841600207E1200200204000030B5094D3A
:102BF000094CAB685B035B0F9B001C590460AB681E
:102C000001619BB243606343A4008360C46042617E
:102C100030BDC0460040004100560000F7B5802698
:102C20001A4D01916F6803333E439B086E60002B81
:102C30002BD0174E2E802E7DF107FCD51E00076885
:102C4000991BBF088F4219D9002E17D0FF21177882
:102C50008C433C430F4957780C403F023C439778E4
:102C6000013E39040C4F2740D478BFB20F432406ED
:102C700001993C4310C101910432E0E7074B2B80DE
:102C80002B7DDB07FCD53300D1E7F7BD00400041C9
:102C900044A5FFFFFF00FFFFFFFF00FF04A5FFFFAC
:102CA000044B054A4908D9611A801A7DD207FCD520
:102CB0007047C0460040004102A5FFFF70B5040008
:102CC0000D001600E36829002000B34205D2FFF78B
:102CD000E7FFE368ED18F61AF4E7FFF7E1FF70BDD0
:102CE000037D002B04D14375837583610133037524
:102CF00070477FB5C36802AD04000E0002916A60A0
:102D00008B4203D1028AAB889A4218D02000062257
:102D100029000C3001F038FE206800F0B4FD6B791A
:102D2000227AE17900932068002300F04DFE2068AC
:102D30002979320000F078FD206800F09AFD7FBD0F
:102D400070B518260400FFF7CBFF33000821207967
:102D50000D4D4343EB18595600F09CFB33000821FE
:102D6000A0794343EB18595600F094FB0821607991
:102D70004643AD19695600F08DFB044B200006CB8D
:102D8000FFF7B7FF70BDC04620560000D4160020E4
:102D900007B5437D00910192002B07D09A070AD511
:102DA000EFF310835A425341837572B60099019A2A
:102DB000FFF79FFF07BDDB07F8D58369014A9BB288
:102DC0009360F3E700180040437D002B05D09A077D
:102DD00004D5837D002B00D062B67047DB07FCD59D
:102DE0008369024A9BB2D360F7E7C04600180040EF
:102DF00010B5006800F050FD10BD0000114A124BE4
:102E000012491360002353711371114A1160114963
:102E1000D36091800D2191710A3953741374137525
:102E2000D37111720C4AD3605374137413750B4B26
:102E3000D17113600A4B938019239371183B13725D
:102E40007047C046D416002000093D00941D0020A4
:102E50009C1600200C0B0000B8160020981D0020C6
:102E6000171600002120704710B5024801F037FB0B
:102E700010BDC046DC16002010B5024801F02FFB43
:102E800010BDC0461819002010B5024801F027FBFC
:102E900010BDC046541B0020F0B51F4985B01F4827
:102EA00000F038FC1E491F4800F034FC1E4D1F493D
:102EB000280000F02FFC1E4E1E49300000F02AFCB6
:102EC0001D491E4800F026FC1D4F1E49380000F029
:102ED00021FC0124032339000093019423000022E4
:102EE000194801F091FA00233100019300941D3339
:102EF0001E22164801F088FA19230393013B02931E
:102F0000163B01930094143317222900104801F056
:102F100037FA05B0F0BDC04600080042901D002001
:102F2000000C0042941D0020981D0020001000425B
:102F30009C1D00200014004200180042A01D00202B
:102F4000A41D0020001C0042DC16002018190020DF
:102F5000541B0020FEE70000034B10B51B68002B3C
:102F600000D0984710BDC046A81D002070B50F497D
:102F70000F4CA14204D100F089F8FFF731F9FEE7C8
:102F80000C4D00238D42F6D0CA18E818A24205D392
:102F9000094B8242EFD00949002204E00068043363
:102FA0001060F1E704C38B42FCD3E4E7000000208B
:102FB000D4000020345A0000D4000020DC2300207C
:102FC00010B500F060F8002801D100F051F810BDF4
:102FD000014B18687047C046AC1D0020F7B5134878
:102FE000012284461249134C8E68636805689B0E63
:102FF0001340019288686268019F920E3A406746CA
:103000003F6893420ED1BD420CD186420AD35B1970
:10301000FA254868AD00861B07486B437043000DD6
:10302000C018FEBD3D0013000600E3E7AC1D002004
:1030300010E000E000ED00E05555000070B5041E02
:1030400010D0FFF7CBFF050000F01CF8FFF7C6FF1C
:10305000054B401B9842F7D9FA23013C9B00ED1821
:10306000002CF3D170BDC046E7030000704700009C
:1030700010B5034A13680133136000F00FFB10BD55
:10308000AC1D002070470020704700001E22F0B5E4
:10309000504851494368514D93431A00022313434A
:1030A000436008238A691343FE228B612B68D20395
:1030B0009B0213404A4A13434A4A93611300042275
:1030C000DC681442FCD00124474A1470167826426A
:1030D00003D0567876B2002EF8DB01249460547841
:1030E00064B2002CFBDB414C5460547864B2002C79
:1030F000FBDB8224E4015480547864B2002CFBDBB7
:1031000002249C840E34DE682642FCD0384CDC62FB
:103110001024DE682642FCD02C68A40E3F2C00D17F
:10312000203C9E6A334FA4023E4034439C629C6A1A
:10313000314EA40AA40234439C62304CDC62002469
:103140009C841034DE682642FCD02D4C9C841024D4
:10315000DE682642FCD002249E8C34439C841024DA
:10316000DE682642FCD000249460547864B2002CBF
:10317000FBDB244C5460547864B2002CFBDB1C6AEB
:10318000214E344080261C621C6AB4431C62032317
:1031900093601E4B536053785BB2002BFBDB002324
:1031A000FF240B721A4A4B728B72CB72194B1A6046
:1031B000194A2B6811689A065B01C90E2340520F09
:1031C00012020B431343154A1385802342681343AD
:1031D0004360F0BD004000410004004024608000D6
:1031E0000606000000080040000C00400104010039
:1031F000B905FF7DFF03FFFFFF01000080BB0A1C34
:103200002405000000070300FFFCFFFF0306010088
:10321000006CDC02140000202060800000400042AE
:10322000FA21314B10B51868890001F0E5FA2F4BEF
:103230000138984256D82E492E4A4860C020136A59
:1032400000061B021B0A03431362002407238C6041
:103250000B608021136A09061B021B0A0B431362D1
:10326000FC22254B196A0A431A62FC22196A920150
:103270000A431A62A022196AD2020A431A62200083
:103280000021013400F076F81F2CF8D11B4B1C00F4
:103290005A7852B2002AFBDB194A5A80194B1A009D
:1032A000597EC9090129FBD0E421C90099803F2139
:1032B000D970537EDB09012BFBD0C02300205B01BA
:1032C0001361907000F024F863785BB2002BFBDB95
:1032D0000D4B0E4A6380D379DB09012BFBD04123D0
:1032E000537010BDFEE7C04614000020FFFFFF0032
:1032F00010E000E000ED00E000040040000C0040A1
:103300001E400000004000422140000000480042F2
:10331000164A00B51300517EC9090129FBD00138B6
:10332000042816D81969124A0A400F211A615A78DE
:103330008A4301F057FA0308060B0300110001222B
:103340000A435A7000BD11000322F9E7110002225E
:10335000F6E7F02311691B050B430F211361537826
:103360008B43190002230B435370EBE700400042EC
:10337000FFFFFFF0182330B51D000400454308206F
:10338000204A55192856013014D0032912D80800B4
:103390006343D156D31801F025FA02280E1B586852
:1033A000CB010221184A9B181A18403211700122D1
:1033B00082405A6030BD5868CB010621124A9B18E2
:1033C0001A1840321170012282405A609A61F1E766
:1033D0005868CB0106210C4A9B181A18403211700C
:1033E000012282405A605A61E4E75868CB01022109
:1033F000054A9B181A1840321170012282409A60C7
:10340000D8E7C04620560000004400411823F0B51C
:1034100008245843114A13181C5701341BD00126A5
:1034200035005F688356BD400D4ADB019A189068ED
:1034300005420BD10C00601E8441D2194032107835
:1034400034400336A400B04320431070044A9B1854
:10345000002901D15D61F0BD9D61FCE720560000AF
:1034600000440041182310B50824434307490020B5
:10347000CA181457013408D05B560549DB015B18A4
:10348000186A5368D8400123184010BD2056000028
:103490000044004118224243F8B52C4E0300B218F4
:1034A000127A52B2140001320ED0481C00240C28AB
:1034B0000AD801F097F9071F1F1F1F1F1F1F1F0B9F
:1034C0000B0B0B00012464422000F8BD092905D133
:1034D00000211800FFF74EFF0024F5E70A2901D16B
:1034E0000839F6E700240B29EED10A391800FFF756
:1034F00041FFE9E718225343F218556801202C00D8
:10350000F356134ADB016E089B18C9B204409E199A
:10351000002C0DD00F24303632780901224011439F
:10352000C9B25B19317040331A7810431870D3E771
:1035300032000F27303216785B19BE4331431170C9
:1035400040331A7810431870BEE7C046205600007A
:1035500000440041F7B5C31D0193002306000D0090
:10356000041D009321780A22280000F081F82E2102
:103570000700280000F047F8009B3F18DB19009374
:10358000019B01349C42EDD1F17928000A2200F020
:103590006FF8009B1818FEBD30B503AC2578044CBD
:1035A000C5710834046001714271837130BDC04639
:1035B00038590000F7B506000D000C008B18019378
:1035C000019B671B9C4207D0336821781B68300041
:1035D000984701340028F3D13800FEBD70B50400CF
:1035E00008000D0001F0B8FA2368020029005B68AA
:1035F0002000984770BD10B50B1E02D0FFF7EEFFFC
:103600000300180010BD10B503681B68984710BD73
:10361000F0B58BB06B461500002205330600DA7753
:103620000800012D00D80A2509AC290001F06AF92B
:10363000CAB2130037330700DBB2092902D81300DE
:103640003033DBB2013C2370002FEED1210030007B
:10365000FFF7D1FF0BB0F0BD10B5002A04D103680D
:10366000C9B21B68984710BDD2B2FFF7D1FFFAE785
:1036700010B5FFF7F1FF10BD10B50400FFF7F6FC21
:10368000014B1C6010BDC046180000200122024BF7
:1036900052421A607047C04618000020164A10B502
:1036A0001368591C26D0013B1360002B22D172B63F
:1036B000124B134A0433934213D9124A01211000CA
:1036C000147D0C42FCD02021148BFF319B085B0041
:1036D00021431183D3610C4B13800123027D1A42D5
:1036E000FCD0BFF34F8F094B094ADA60BFF34F8F0D
:1036F000C046FDE710BDC0461800002000200000B5
:10370000030200000040004102A5FFFF00ED00E0C1
:103710000400FA05016070479446F0B59E1E721EC3
:1037200096416246056892072F6836063A4332434F
:103730002A60072505AC24780068A40129402143AC
:1037400042680024022B00D05C03114321434160F6
:10375000F0BD30B5C0250368AD031C6812052A40D2
:103760002243C0240904A4022140114319600368C4
:103770005A6814435C6030BD0123026811680B4332
:10378000136003681A68D207FCD4DA69D207F9D447
:1037900070470223026811680B4313600268D36903
:1037A0009B07FCD4704703681A7ED20702D41A7EA6
:1037B0009207FCD57047002203685A83704703685C
:1037C000187E4007C00F70470368187EC009704715
:1037D000802302685B42117E0B43137670470368B7
:1037E000588B8007C00F704702230268518B0B4330
:1037F000538370470368187EC007C00F7047036883
:10380000188DC0B2704703681A7ED207FCD589B202
:10381000012019857047012203689A7570470122BB
:1038200003681A757047000070B5012604684B08DC
:1038300033403140256809075B070B432B43236066
:1038400004685100034800F0D7FF0138C0B220736C
:1038500070BDC046006CDC020123026811680B4396
:10386000136003681A68D207FCD4DA69D207F9D466
:1038700070470223026811680B4313600268D36922
:103880009B07FCD470470368DA699207FCD40221D5
:103890001A688A431A6070470268936A5B0A5B027F
:1038A0001943916203681A7E5207FCD5986AC0B228
:1038B000704700000368214A30B593422FD0204A58
:1038C00093422FD01F4A93422FD01F4A93422FD0AA
:1038D0001E4A93422FD01E4A93421FD10E23192213
:1038E0000121032599401B48C024016099082B4001
:1038F000AB40FC359D4089000918A4000859A84335
:10390000C0259D402B0003430B518023DB011A434C
:10391000114B5A805A7852B2002AFBDB30BD092382
:103920001422DDE70A231522DAE70B231622D7E754
:103930000C231722D4E70D231822D1E700080042F8
:10394000000C004200100042001400420018004227
:10395000001C004200E100E0000C0040F8B504004B
:103960000F0016001D00FFF7A5FF2000FFF704FF62
:103970001C21BB000B4071072268090C0B4313602C
:10398000842322689375012F1AD11021012E00D0B3
:1039900008390C4B69431868C00000F02DFF07225E
:1039A000216802408B895203DB04DB0C13438B81BB
:1039B000226803049089DB0C400B4003184390817C
:1039C000F8BDC04614000020F7B50600019308AB0F
:1039D0001F780D001400FFF73FFF3000FFF76AFF6C
:1039E000C022240592031440BA070C2717433C4316
:1039F000C0270722BF022D0433683D4025431D60C8
:103A0000019B316813401A0080239B0213434B60D3
:103A1000F7BD0020704770B50F26CB1D013902009D
:103A20003240D5B22C0000093034092A00DD0734B9
:103A30001C70013B8B42F2D170BD000010B50C0030
:103A40000B4B1868FFF7E7FF21000A4B0831186895
:103A5000FFF7E1FF2100084B10311868FFF7DBFF8B
:103A60002100064B18311868FFF7D5FF202010BD44
:103A70000CA0800040A0800044A0800048A08000EE
:103A800008B4024B9C46103808BC60473D3A000021
:103A900070473F20704713B56B460268D9710733F2
:103AA000546819000122A04716BD000070B50A260F
:103AB0000B7892B06E44023305000B703C2200215B
:103AC000300000F06AFF394801AC069038482421E4
:103AD0000790062020776846364AA1742281364A2C
:103AE000364BA281FD3AFF3A8018C17768462339E8
:103AF0000630C17768460730C17702A8C177072032
:103B0000F277032608316944C87703A9CE771021DC
:103B10002B366E443170092621851F3169440E70A1
:103B20000CA9053E0E7033212380022369440B70DB
:103B300006360DA90E7022493536A1863B216E440A
:103B4000307010A86274E27702703D3269446A44B2
:103B50000B70137040210022E37023716371A37313
:103B600041336B44218719705A702B7DC039A37083
:103B7000A37263770133DBB2A3776A7D0B200D005C
:103B800068441543C5773120684403703A23501CBC
:103B90006B441870412302320A436B441A702100AF
:103BA0004222084800F0D8FA12B070BD1001042477
:103BB000020605240904000001020000080B0000B1
:103BC00007050000181E002008B4024B9C46103860
:103BD00008BC6047AD3A000070B5027D0B790C005F
:103BE00000259A420BD10B784E78A12B09D1212EBA
:103BF00005D107221F49204800F0AEFA0135280000
:103C000070BD212BFBD1202E2BD1072219491A4838
:103C100000F0E4F9174B1A785978090211439A78A1
:103C200012041143DA7812060A439621C9008A4227
:103C30001DD1DB79DB071AD4FA20FFF71DFD002127
:103C40000D4800F0B3FA0125232ED8D1E378A278ED
:103C50001B021343094A00210748136000F0A6FA2B
:103C6000CDE7222EEFD18A78024BDA71D2E7FFF747
:103C70000DFDE4E720000020181E00201C0000209D
:103C800008B4024B9C46103808BC6047D93B000082
:103C900010B5417D006A013100F0D8F8034B1B6874
:103CA00001335A1E9341181810BDC0462800002049
:103CB00010B5417D006A023100F0DEF810BD10B58C
:103CC000417D006A023100F0A5F810BD70B50D000D
:103CD000417D0400130002312A00006A00F092F9CD
:103CE000002801D10123636070BD000010B5054CB0
:103CF00023685A1C04D103685B699847030020605D
:103D0000180010BD28000020074A0300106810B5F5
:103D1000411C03D001235B42136010BD597D186A1A
:103D2000013100F01FF9F8E728000020704700205B
:103D300070470000FA239B0010B583600F4B0022F0
:103D4000C3820300283383610D4B04004260C261CB
:103D50001800443323610830631D21622060DA7744
:103D60008323A362813BE3628033236300F040F846
:103D70002100103100F010F8200010BD03020000F7
:103D80004459000010B502490248FFF7D3FF10BDA7
:103D9000181E0020B01D0020F0B58C794578030076
:103DA0002A190020072A1FDC5A68824216D159605E
:103DB0001A78C8790A7112184D711A7000220B4DC9
:103DC000D0B284420FD98F6858789600F759860090
:103DD0000130775101325870F2E70200D0680028B4
:103DE000FBD1D160E4E70120F0BDC046F01D00200A
:103DF0000121064A10B5136805480B4004D1802400
:103E0000640004804360116010BDC046E41D0020C2
:103E1000E81D00200B4BCAB20B488901C918530199
:103E2000C318596199690832890B8903996103683C
:103E300052019A180223D3715179823B0B4353717B
:103E40007047C046401E0020C8220020084B8A0050
:103E5000D05810B5002803D003689B68984710BD60
:103E6000C9B2044B4901591888688004800CF6E7F0
:103E70001C1E0020C822002010B50C00FFF7E6FF32
:103E800000280CD0064BE4B21B68083464011C19EE
:103E9000802362795B42134363710223E37110BD97
:103EA000C8220020F0B51C002A4B85B01B68070013
:103EB0000D000292002B4AD0274B8A00D0580028D0
:103EC00008D0036822005B6802999847040020002C
:103ED00005B0F0BD3800FFF7B9FF844204D92900CE
:103EE0003800FFF7B3FF04000121EBB21B4E039330
:103EF0005B010193F21893689B0B9B039360019AFB
:103F0000336802989B18FF335A7A0A435A72144B4B
:103F1000A901C918220000F037FD002CD7D02900D4
:103F20003800FFF793FF0028D1D14021039B32686E
:103F300008335B01D3181879014319710121D97134
:103F4000019BD318FF339A7A0A439A72BFE7012480
:103F50006442BCE7C42200201C1E0020C8220020AE
:103F60000020002013B56B46DC1D22000123FFF763
:103F700099FF012801D1207816BD01204042FBE7BE
:103F800070B5CBB2124A13485C0189018918021935
:103F900051609168104D08330D4080214903294339
:103FA000402591609168890B8903916001685A01ED
:103FB0008A1816793543157195796D06FCD55B0124
:103FC000C918CB79DB07FCD500198068C0B270BD79
:103FD00000200020C8220020FF3F00F070B50D0037
:103FE00000211400FFF7CCFFA04200D920000023DD
:103FF0000349A34203D0CA5CEA540133F9E770BD18
:1040000000200020F0B51E003A4B85B01B680F0061
:104010000192002B35D08023DB019E4231D8002550
:10402000354B8A01D3180293002E2CD0334B1B68DA
:104030000393FF233B401C0000930834039B64015F
:104040001C19A379DB0921D02D4B2E49186800F0EB
:10405000D3FB2D4B1721584300F0CEFB2B4BE279BD
:10406000920713D4DA5D002A01D10138F7D2012278
:10407000DA55009B5A01214B9B189A69920B9203C7
:104080009A6101256D42280005B0F0BD00221F4B4A
:104090003400DA553F2E09D9009B40245A01174BB2
:1040A0009B188022996912060A439A61220001999D
:1040B000029800F069FC009BA1045A010F4B890C87
:1040C0009B18029A2D195A619A69361B920B92031A
:1040D0000A439A61009B039A08335B01D3180222BA
:1040E000DA715979823A0A435A71019B1B1901937B
:1040F0009AE7C046C4220020401E0020C8220020AB
:104100001400002040420F0070110100381E0020F2
:1041100070B50D001C000D4BAE01F61811003000FB
:10412000220000F031FCEDB209496D014D196E61BC
:10413000AB69084A20001340AB61AB69A2049B0B3A
:10414000920C9B031343AB6170BDC046401E002020
:10415000C8220020FF3F00F0F7B5104B01901B78FC
:104160000F001500002B0CD10D4B16001C78002CF5
:1041700009D00C4E0C4834882018641900F004FC57
:1041800034802800FEBD002EFBD03A1933000021F8
:104190000198FFF7BDFF2418361AF4E7C02100206C
:1041A000C1220020C2220020C1210020CBB204493C
:1041B0005B01C9188B699B0B9B038B617047C046E1
:1041C000C8220020014B024A1A607047C822002012
:1041D000005000410120704710B50368014A1B6A76
:1041E000984710BD130400000300FC33D9699A6995
:1041F000914203D0DB69C018007D70470120404226
:10420000FBE710B504000069FFF7B6FA22000023AF
:10421000FC329361D36186229200A4186360A3608C
:1042200010BDF02001403039484248417047F0232A
:104230001B011940802306209B0099420AD00133BC
:10424000FF330130994205D0802302385B00994248
:1042500000D0002070470F2001400020012903D02A
:104260000239481E8141481C704700008923F0B57F
:10427000182685B002919B000400C05C3300082121
:104280004343324D1700EB185956FFF703F9304BF3
:104290000821E05C33004343EB185956FFF7FAF866
:1042A0002C4BE25C0393022A09D11133E05CFF2816
:1042B00005D008214643AE197156FFF7EBF88A2660
:1042C000B600A05DFF2819D00121FFF753F818228E
:1042D000A35D21495A43AB56AD18DB0158188B2119
:1042E000890060501D4901225B188C2189006350B0
:1042F00069688A408D21890062501A600122029B00
:1043000011002069FFF72AFB39002000FFF78FFF1B
:10431000390005002000FFF79EFF3900060020004D
:10432000FFF77FFF33000090290020690122FFF78B
:10433000F3F90B4B2069E25C039BE15CFFF709FAA0
:104340002069FFF726FA05B0F0BDC04620560000F0
:1043500025020000270200001844004114440041D7
:1043600026020000802210B504005200002100F057
:1043700014FB23000022FC335A6020009A6010BD19
:10438000F0B585B01D000AAB1B78040000930BABA1
:104390001B78160001930CAB1B780F0002930DAB3A
:1043A0001B78039300234360FA239B008360124B26
:1043B000083303601430FFF7D5FF20001D30FF30B5
:1043C000FFF7D0FF89236A469B002761E6540B4B19
:1043D0001278E5540A4B2000E2546A46094B1279E0
:1043E000E2546A46127A0133E2546A46127B103371
:1043F000E25405B0F0BDC0469C5900002502000003
:104400002602000027020000F7B51D0008AB1B784C
:104410000400009309AB1B7816000193002343604E
:10442000FA239B008360114B0F00083303601430A4
:10443000FFF798FF20001D30FF30FFF793FF89231F
:104440006A469B002761E654094B1278E554094BF4
:104450002000E2546A46084B1279E2548A22293B32
:10446000FF3B9200A3541032A354FEBD9C590000A0
:104470002502000026020000270200000300FC3392
:1044800058689B68C01A01D50130FF30704710B5DD
:10449000040020001D30FF30FFF7F0FF0028F8D1A6
:1044A0002069FFF780F910BD10B51430FFF7E6FF63
:1044B00010BD0300FC3359689A68914204DB5A68C6
:1044C0009868801AFF30704798685B68C01A013896
:1044D000F9E710B51D30FF30FFF7EBFF10BD10B549
:1044E00004000069FFF77BF9002805D02069FFF779
:1044F00086F92069FFF778F92069FFF760F900284D
:1045000020D02069FFF77BF92200FC329369D16942
:104510000133DBB28B4203D0916961180875936156
:104520008A239B00E35CFF2B0CD020001430FFF7A4
:10453000C0FF092806DC8B238D229B009200E358E4
:10454000A2581A602069FFF755F900281AD02000F8
:104550001D30FF30FFF792FF002822D086239B00FA
:10456000E31899685A68914218D08E219A684900D8
:10457000A218515C9A680132D2B29A60C9B220691D
:10458000FFF741F92069FFF71FF9002805D02069DE
:10459000FFF71EF92069FFF70EF910BD012149420E
:1045A000ECE72069FFF73BF9ECE7000070B5040089
:1045B00000690D00FFF71EF900283ED1FF26862373
:1045C0009B00E3185A689968013232408A4223D12D
:1045D000EFF31083DB0710D41E4B5B68DB05DB0DAC
:1045E000EDD0103B5BB2002B10DA0F221340083BDA
:1045F0009B08194A9B009B181B682069FFF7FAF873
:104600000028DCD02000FFF76AFFD8E79B08C03302
:10461000124A9B009B58F0E75A68013216409A688C
:10462000964205D08E215A684900A21855545E6002
:104630002069FFF7F0F8012070BD20001D30FF3029
:10464000FFF71CFF0028B9D129002069FFF7DBF82C
:10465000F1E7C04600ED00E01CED00E000E100E005
:10466000030070B5FC33D9699A69040091421AD0ED
:10467000DA698218157DDA690132D2B2DA618A23E9
:104680009B00E35CFF2B0CD020001430FFF711FFE0
:104690000A2806DD8C238D229B009200E358A25845
:1046A0001A60280070BD01256D42E8E710B50400CE
:1046B000006800F05FF9200010BD10B5040000682C
:1046C000002801D000F056F900232360A360636046
:1046D00010BD70B504000D000068013100F00EFA45
:1046E000031E01D0012028C470BD036810B504006A
:1046F000002B04D043688B4201D3012010BD200061
:10470000FFF7E7FF0028F9D0A368002BF5D1226856
:104710001370F2E770B50E00110004001500FFF7EA
:10472000E4FF002804D12000FFF7C7FF200070BD80
:10473000A5603100206800F007FAF7E7002370B5A4
:1047400004000D00036043608360994207D00800B5
:1047500000F002FA290002002000FFF7DBFF200032
:1047600070BD70B5050008000C0000F0F5F92100DF
:1047700002002800FFF7CEFF70BD10B5040000292D
:1047800003D0FFF7EEFF200010BDFFF796FFFAE71A
:10479000026810B50B68002A13D0002B0CD1816879
:1047A0001800002907D0107805E08968100000295A
:1047B00001D01878404210BD1900100000F0BAF97D
:1047C000F9E7002BF1D11800F5E710B5FFF7E0FF8E
:1047D000C00F10BD0B0010B50100180000F098F8D4
:1047E00010BD000002B4714649084900095C490047
:1047F0008E4402BC7047C046002243088B4274D3EB
:1048000003098B425FD3030A8B4244D3030B8B42D1
:1048100028D3030C8B420DD3FF22090212BA030CDA
:104820008B4202D31212090265D0030B8B4219D3BB
:1048300000E0090AC30B8B4201D3CB03C01A5241DB
:10484000830B8B4201D38B03C01A5241430B8B4223
:1048500001D34B03C01A5241030B8B4201D30B030C
:10486000C01A5241C30A8B4201D3CB02C01A524133
:10487000830A8B4201D38B02C01A5241430A8B42F6
:1048800001D34B02C01A5241030A8B4201D30B02DF
:10489000C01A5241CDD2C3098B4201D3CB01C01AF9
:1048A000524183098B4201D38B01C01A5241430903
:1048B0008B4201D34B01C01A524103098B4201D3F1
:1048C0000B01C01A5241C3088B4201D3CB00C01A5E
:1048D000524183088B4201D38B00C01A52414308D6
:1048E0008B4201D34B00C01A5241411A00D20146FB
:1048F000524110467047FFE701B5002000F006F86E
:1049000002BDC0460029F7D076E770477047C04621
:1049100010B5040004481300002804D00A00022047
:10492000210000E000BF10BD0000000070B50026AF
:104930000C4D0D4C641BA410A64209D1002600F0BA
:1049400051F90A4D0A4C641BA410A64205D170BD52
:10495000B300EB5898470136EEE7B300EB589847A1
:104960000136F2E790000020900000209000002027
:10497000D000002010B5034B0100186800F016F8B5
:1049800010BDC0462C000020002310B59A4200D173
:1049900010BDCC5CC4540133F8E7030012189342F5
:1049A00000D1704719700133F9E7000070B50500B8
:1049B000002910D00C1F2368002B00DAE41828000F
:1049C00000F0D1F81D4A1368002B05D16360146014
:1049D000280000F0C9F870BDA34209D92168601809
:1049E0008342F3D118685B6841182160EEE7130039
:1049F0005A68002A01D0A242F9D919685818A04271
:104A00000BD120680918581819608242E0D110684B
:104A10005268411819605A60DAE7A04202D90C23A3
:104A20002B60D5E721686018824203D11068526874
:104A30004118216062605C60CAE7C046CC23002058
:104A4000032370B5CD1C9D43083506000C2D1ED2E6
:104A50000C25A9421DD8300000F085F8254A1468BD
:104A60002100002919D1244C2368002B03D13000E8
:104A700000F04EF820602900300000F049F8431C97
:104A80002BD10C233000336000F06EF803E0002DD2
:104A9000DFDA0C233360002070BD0B685B1B19D478
:104AA0000B2B03D90B60CC18256003E04B688C42BC
:104AB0000DD11360300000F057F8200007220B30B2
:104AC000231D9043C31AE7D05A42E250E4E76360E3
:104AD0000C00EFE70C004968C3E70323C41C9C43A8
:104AE000A042E1D0211A300000F012F8431CDBD1C3
:104AF000C7E7C046CC230020D023002010B5034BCD
:104B00000A000100186800F030F810BD2C000020E9
:104B1000002370B5064C05000800236000F054F82F
:104B2000431C03D12368002B00D02B6070BDC0460E
:104B3000D823002002780B78002A03D001300131FD
:104B40009A42F7D0D01A704703000A7801311A70E0
:104B50000133002AF9D170470023C25C0133002AD7
:104B6000FBD1581E704770477047F8B507000D001D
:104B70001600002905D11100FFF762FF0400200094
:104B8000F8BD002A03D1FFF711FF3400F7E700F06A
:104B900012F82C00B042F2D231003800FFF750FF7B
:104BA000041EECD029003200FFF7EEFE2900380089
:104BB000FFF7FCFEE3E70B1F1B68181F002B01DA51
:104BC0000B58C01870470000044A1368002B00D12E
:104BD000034B1818106018007047C046D4230020FB
:104BE000DC230020F8B5C046F8BC08BC9E467047E0
:104BF000F8B5C046F8BC08BC9E46704700000000EF
:104C0000963007772C610EEEBA51099919C46D07D9
:104C10008FF46A7035A563E9A395649E3288DB0E34
:104C2000A4B8DC791EE9D5E088D9D2972B4CB60917
:104C3000BD7CB17E072DB8E7911DBF906410B71DF4
:104C4000F220B06A4871B9F3DE41BE847DD4DA1A2D
:104C5000EBE4DD6D51B5D4F4C785D38356986C135E
:104C6000C0A86B647AF962FDECC9658A4F5C0114D7
:104C7000D96C0663633D0FFAF50D088DC8206E3BB5
:104C80005E10694CE44160D5727167A2D1E4033CC7
:104C900047D4044BFD850DD26BB50AA5FAA8B535EE
:104CA0006C98B242D6C9BBDB40F9BCACE36CD832DD
:104CB000755CDF45CF0DD6DC593DD1ABAC30D92684
:104CC0003A00DE518051D7C81661D0BFB5F4B42187
:104CD00023C4B3569995BACF0FA5BDB89EB8022884
:104CE0000888055FB2D90CC624E90BB1877C6F2F09
:104CF000114C6858AB1D61C13D2D66B69041DC7604
:104D00000671DB01BC20D2982A10D5EF8985B171DC
:104D10001FB5B606A5E4BF9F33D4B8E8A2C907788B
:104D200034F9000F8EA8099618980EE1BB0D6A7F22
:104D30002D3D6D08976C6491015C63E6F4516B6BDB
:104D400062616C1CD83065854E0062F2ED95066C90
:104D50007BA5011BC1F4088257C40FF5C6D9B06505
:104D600050E9B712EAB8BE8B7C88B9FCDF1DDD6262
:104D7000492DDA15F37CD38C654CD4FB5861B24DC8
:104D8000CE51B53A7400BCA3E230BBD441A5DF4A92
:104D9000D795D83D6DC4D1A4FBF4D6D36AE9694355
:104DA000FCD96E34468867ADD0B860DA732D044400
:104DB000E51D03335F4C0AAAC97C0DDD3C7105502B
:104DC000AA41022710100BBE86200CC925B56857D2
:104DD000B3856F2009D466B99FE461CE0EF9DE5E1B
:104DE00098C9D9292298D0B0B4A8D7C7173DB359CC
:104DF000810DB42E3B5CBDB7AD6CBAC02083B8ED5D
:104E0000B6B3BF9A0CE2B6039AD2B1743947D5EA69
:104E1000AF77D29D1526DB048316DC73120B63E398
:104E2000843B64943E6A6D0DA85A6A7A0BCF0EE4F7
:104E30009DFF099327AE000AB19E077D44930FF0B2
:104E4000D2A3088768F2011EFEC206695D5762F7A9
:104E5000CB67658071366C19E7066B6E761BD4FEE6
:104E6000E02BD3895A7ADA10CC4ADD676FDFB9F9C3
:104E7000F9EFBE8E43BEB717D58EB060E8A3D6D685
:104E80007E93D1A1C4C2D83852F2DF4FF167BBD1B3
:104E90006757BCA6DD06B53F4B36B248DA2B0DD8B6
:104EA0004C1B0AAFF64A0336607A0441C3EF60DF59
:104EB00055DF67A8EF8E6E3179BE69468CB361CB42
:104EC0001A8366BCA0D26F2536E2685295770CCC67
:104ED00003470BBBB91602222F260555BE3BBAC5A8
:104EE000280BBDB2925AB42B046AB35CA7FFD7C299
:104EF00031CFD0B58B9ED92C1DAEDE5BB0C2649B8A
:104F000026F263EC9CA36A750A936D02A906099CBC
:104F10003F360EEB8567077213570005824ABF952F
:104F2000147AB8E2AE2BB17B381BB60C9B8ED292B2
:104F30000DBED5E5B7EFDC7C21DFDB0BD4D2D38609
:104F400042E2D4F1F8B3DD686E83DA1FCD16BE817C
:104F50005B26B9F6E177B06F7747B718E65A08884D
:104F6000706A0FFFCA3B06665C0B0111FF9E658FDE
:104F700069AE62F8D3FF6B6145CF6C1678E20AA088
:104F8000EED20DD75483044EC2B30339612667A70E
:104F9000F71660D04D476949DB776E3E4A6AD1AE5D
:104FA000DC5AD6D9660BDF40F03BD83753AEBCA9EC
:104FB000C59EBBDE7FCFB247E9FFB5301CF2BDBD59
:104FC0008AC2BACA3093B353A6A3B4240536D0BA62
:104FD0009306D7CD2957DE54BF67D9232E7A66B3FF
:104FE000B84A61C4021B685D942B6F2A37BE0BB4AC
:104FF000A18E0CC31BDF055A8DEF022D312E342EEE
:1050000031002F66732F5550444154452E42494E6E
:105010002E4C5A5353002F66732F5550444154451C
:105020002E42494E00000000000000000000000079
:105030000000000000000000000000000000000070
:105040000000000000000000000000000000000060
:105050000000000000000000000000000000000050
:105060000000000000000000000000000000000040
:105070000000000000000000000000000000000030
:105080000000000000000000000000000000000020
:105090000000000000000000000000000000000010
:1050A0000000000000000000000000000000000000
:1050B00000000000000000000000000000000000F0
:1050C00000000000000000000000000000000000E0
:1050D00000000000000000000000000000000000D0
:1050E00000000000000000000000000000000000C0
:1050F00000000000000000000000000000000000B0
:10510000000000000000000000000000000000009F
:10511000000000000000000000000000000000008F
:10512000000000000000000000000000000000007F
:10513000000000000000000000000000000000006F
:10514000000000000000000000000000000000005F
:10515000000000000000000000000000000000004F
:10516000000000000000000000000000000000003F
:10517000000000000000000000000000000000002F
:10518000000000000000000000000000000000001F
:10519000000000000000000000000000000000000F
:1051A00000000000000000000000000000000000FF
:1051B00000000000000000000000000000000000EF
:1051C00000000000000000000000000000000000DF
:1051D00000000000000000000000000000000000CF
:1051E00000000000000000000000000000000000BF
:1051F00000000000000000000000000000000000AF
:10520000000000000000000000000000000000009E
:10521000000000000000000000000000000000008E
:10522000000000000000000000000000000000007E
:10523000000000000000000000000000000000006E
:10524000000000000000000000000000000000005E
:10525000000000000000000000000000000000004E
:10526000000000000000000000000000000000003E
:10527000000000000000000000000000000000002E
:10528000000000000000000000000000000000001E
:10529000000000000000000000000000000000000E
:1052A00000000000000000000000000000000000FE
:1052B00000000000000000000000000000000000EE
:1052C00000000000000000000000000000000000DE
:1052D00000000000000000000000000000000000CE
:1052E00000000000000000000000000000000000BE
:1052F00000000000000000000000000000000000AE
:10530000000000000000000000000000000000009D
:10531000000000000000000000000000000000008D
:10532000000000000000000000000000000000007D
:10533000000000000000000000000000000000006D
:10534000000000000000000000000000000000005D
:10535000000000000000000000000000000000004D
:10536000000000000000000000000000000000003D
:10537000000000000000000000000000000000002D
:10538000000000000000000000000000000000001D
:10539000000000000000000000000000000000000D
:1053A00000000000000000000000000000000000FD
:1053B00000000000000000000000000000000000ED
:1053C00000000000000000000000000000000000DD
:1053D00000000000000000000000000000000000CD
:1053E00000000000000000000000000000000000BD
:1053F00000000000000000000000000000000000AD
:10540000000000000000000000000000000000009C
:10541000000000000000000000000000000000008C
:10542000000000000000000000000000000000007C
:10543000000000000000000000000000000000006C
:10544000000000000000000000000000000000005C
:10545000000000000000000000000000000000004C
:10546000000000000000000000000000000000003C
:10547000000000000000000000000000000000002C
:10548000000000000000000000000000000000001C
:10549000000000000000000000000000000000000C
:1054A00000000000000000000000000000000000FC
:1054B00000000000000000000000000000000000EC
:1054C00000000000000000000000000000000000DC
:1054D00000000000000000000000000000000000CC
:1054E00000000000000000000000000000000000BC
:1054F00000000000000000000000000000000000AC
:10550000000000000000000000000000000000009B
:10551000000000000000000000000000000000008B
:10552000000000000000000000000000000000007B
:10553000000000000000000000000000000000006B
:10554000000000000000000000000000000000005B
:10555000000000000000000000000000000000004B
:10556000000000000000000000000000000000003B
:10557000000000000000000000000000000000002B
:10558000000000000000000000000000000000001B
:10559000000000000000000000000000000000000B
:1055A00000000000000000000000000000000000FB
:1055B00000000000000000000000000000000000EB
:1055C00000000000000000000000000000000000DB
:1055D00000000000000000000000000000000000CB
:1055E00000000000000000000000000000000000BB
:1055F00000000000000000000000000000000000AB
:105600000800000010000000200000004000000022
:105610008000000000010000000200000004000003
:10562000010000001700000003000000040000005B
:10563000FF00FFFFFFFFFF00010000001600000059
:105640000300000004000000FF00FFFFFFFFFF0059
:10565000010000000A000000080000001C0000001B
:10566000FF00000500050A00010000000B0000001B
:10567000080000001C000000FF00010501050B00F0
:105680000000000007000000080000000400000007
:105690000700FFFFFFFFFF00000000000500000003
:1056A000080000001C000000050001000100FF00D0
:1056B0000000000004000000080000001C000000C2
:1056C000040000000000FF000000000006000000D1
:1056D00008000000040000000600FFFFFFFFFF00BD
:1056E000000000001200000008000000040000009C
:1056F000FF00FFFFFFFFFF0000000000140000009C
:10570000080000002C000000FF000200020004005E
:105710000000000015000000080000002C00000040
:10572000FF0003000300050000000000100000005F
:10573000020000001C000000FF0000020002000048
:105740000000000013000000020000001C00000028
:10575000FF0001030103FF00000000001100000032
:105760000200000004000000FF00FFFFFFFF010037
:105770000000000002000000010000000600000020
:105780000000FFFFFFFFFF0001000000020000001B
:1057900001000000040000000A00FFFFFFFF0200FC
:1057A000000000000B000000010000001C000000D1
:1057B000130001010101FF00000000000A000000C9
:1057C000010000001C000000120000010001FF00A9
:1057D00001000000080000000300000006000000B7
:1057E0000200FFFFFFFFFF000100000009000000B2
:1057F0000300000018000000030001040104090078
:10580000000000000900000001000000040000008A
:105810001100FFFFFFFFFF00010000000300000078
:1058200001000000040000000B00FFFFFFFF030069
:10583000000000000C00000002000000000000005A
:10584000FF00FFFFFFFFFF00000000000D00000051
:105850000200000000000000FF00FFFFFFFFFF004C
:10586000000000000E000000080000000000000022
:10587000FF00FFFFFFFFFF00000000000F0000001F
:105880000200000000000000FF00FFFFFFFFFF001C
:10589000000000001B0000000800000000000000E5
:1058A000FF00FFFFFFFF0F000000000008000000E6
:1058B0000800000004000000FF00FFFFFFFFFF00E2
:1058C000000000001C0000000800000004000000B0
:1058D000FF00FFFFFFFFFF000000000016000000B8
:1058E000020000001C000000FF000004000406008D
:1058F0000000000017000000020000001C00000073
:10590000FF0001040104070000000000180000006F
:105910000600000000000000FF00FFFFFFFFFF0087
:105920000000000019000000060000000000000058
:10593000FF00FFFFFFFFFF0000000000000000006D
:10594000553500000000000000000000973A0000FC
:10595000CD3C0000933A0000B13C0000913C0000B7
:10596000093D0000ED3C0000BF3C0000AD3A0000E6
:10597000133A0000D93B00003D3A0000913A000084
:10598000F0FFFFFF00000000813C0000C93B000069
:105990002F3D00002D3D0000813A00000000000076
:1059A00000000000AD450000B5350000D344000004
:1059B0008F440000A944000061460000E941000056
:1059C000D94100006D42000003420000D5410000B3
:1059D00000000000000000000000000000000000C7
:1059E00000000000000000000000000000000000B7
:1059F00000000000000000000000000000000000A7
:105A00000000000000000000000000000000000096
:105A10000000000000000000000000000000000086
:105A20000000000000000000000000000000000076
:105A300000000000000000001650000002500000AE
:105A40004000000007050A0040420F00FFFFFFFF73
:105A5000FFFFFFFF00C2010000000800FFFFFFFF83
:105A60003000002000000000F0590000105A000033
:105A7000D0590000000000000000000000000000FD
:105A80000000000000000000000000000000000016
:105A90000000000000000000000000000000000006
:105AA00000000000000000000000000000000000F6
:105AB00000000000000000000000000000000000E6
:105AC00000000000DD200000252400004526000025
:105AD0006D26000091260000A9260000C1260000C6
:105AE000212700003927000095270000A92B00007E
:105AF000C12B0000FD2D0000992E0000853D000007
:105B0000C5410000B52000000000000000000000BA
:105B10000000000000000000000000000000000085
:105B20000000000000000000000000000000000075
:105B30000000000000000000000000000000000065
:105B40000000000000000000000000000000000055
:105B50000000000000000000000000000000000045
:105B60000000000000000000000000000000000035
:105B70000000000000000000000000000000000025
:105B80000000000000000000000000000000000015
:105B90000000000000000000000000000000000005
:105BA00000000000000000000000000000000000F5
:105BB00000000000000000000000000000000000E5
:105BC00000000000000000000000000000000000D5
:105BD00000000000000000000000000000000000C5
:105BE00000000000000000000000000000000000B5
:105BF00000000000000000000000000000000000A5
:105C00000000000000000000000000000000000094
:105C10000000000000000000000000000000000084
:105C20000000000000000000000000000000000074
:105C30000000000000000000000000000000000064
:105C40000000000000000000000000000000000054
:105C50000000000000000000000000000000000044
:105C60000000000000000000000000000000000034
:105C70000000000000000000000000000000000024
:105C80000000000000000000000000000000000014
:105C90000000000000000000000000000000000004
:105CA00000000000000000000000000000000000F4
:105CB00000000000000000000000000000000000E4
:105CC00000000000000000000000000000000000D4
:105CD00000000000000000000000000000000000C4
:105CE00000000000000000000000000000000000B4
:105CF00000000000000000000000000000000000A4
:105D00000000000000000000000000000000000093
:105D10000000000000000000000000000000000083
:105D20000000000000000000000000000000000073
:105D30000000000000000000000000000000000063
:105D40000000000000000000000000000000000053
:105D50000000000000000000000000000000000043
:105D60000000000000000000000000000000000033
:105D70000000000000000000000000000000000023
:105D80000000000000000000000000000000000013
:105D90000000000000000000000000000000000003
:105DA00000000000000000000000000000000000F3
:105DB00000000000000000000000000000000000E3
:105DC00000000000000000000000000000000000D3
:105DD00000000000000000000000000000000000C3
:105DE00000000000000000000000000000000000B3
:105DF00000000000000000000000000000000000A3
:105E00000000000000000000000000000000000092
:105E10000000000000000000000000000000000082
:105E20000000000000000000000000000000000072
:105E30000000000000000000000000000000000062
:105E40000000000000000000000000000000000052
:105E50000000000000000000000000000000000042
:105E60000000000000000000000000000000000032
:105E70000000000000000000000000000000000022
:105E80000000000000000000000000000000000012
:105E90000000000000000000000000000000000002
:105EA00000000000000000000000000000000000F2
:105EB00000000000000000000000000000000000E2
:105EC00000000000000000000000000000000000D2
:105ED00000000000000000000000000000000000C2
:105EE00000000000000000000000000000000000B2
:105EF00000000000000000000000000000000000A2
:105F00000000000000000000000000000000000091
:105F10000000000000000000000000000000000081
:105F20000000000000000000000000000000000071
:105F30000000000000000000000000000000000061
:105F40000000000000000000000000000000000051
:105F50000000000000000000000000000000000041
:105F60000000000000000000000000000000000031
:105F70000000000000000000000000000000000021
:105F80000000000000000000000000000000000011
:105F90000000000000000000000000000000000001
:105FA00000000000000000000000000000000000F1
:105FB00000000000000000000000000000000000E1
:105FC00000000000000000000000000000000000D1
:105FD00000000000000000000000000000000000C1
:105FE00000000000000000000000000000000000B1
:105FF00000000000000000000000000000000000A1
:1060000000800020890F0200730F0200730F02004E
:106010000000000000000000000000000000000080
:10602000000000000000000000000000730F0200EC
:106030000000000000000000730F0200DD0F0200EE
:10604000730F0200730F0200F9DA010095D8010006
:106050001D050200730F0200730F0200750F02008E
:10606000730F0200730F0200730F020041E501007D
:1060700031E50100A56F010021E50100730F020069
:10608000730F0200730F0200730F0200730F020000
:1060900000000000730F0200730F0200730F020074
:1060A000730F0200730F0200730F0200730F0200E0
:1060B0000000000010B5064C2378002B07D1054BDB
:1060C000002B02D0044800E000BF0123237010BD64
:1060D000682900200000000058D60200044B10B5CB
:1060E000002B03D00349044800E000BF10BDC046A8
:1060F000000000006C29002058D60200406970475B
:10610000807C704781747047002070470020704782
:106110000300593058331B7800785840704703000B
:1061200059331B78583003707047030058331B787D
:1061300059300370704770B5051D0400E96F006F9A
:106140001CF088F8002817D00435E96F606F1CF048
:1061500081F8002810D023000C33D96FA06F1CF0F9
:1061600079F8002808D0230070348033187B237B13
:10617000C01A43425841C0B20123584070BD026F5B
:10618000031DDA67426F0433DA67826F0433DA671C
:106190007030027B74331A73704713B56B46DA1D87
:1061A000036811701C69C1680123A04716BD10B5B2
:1061B0001300026814690A00C168A04710BD0020DE
:1061C00070477047704701207047036F032B01D160
:1061D00000230367006F704701237430037070471A
:1061E0000123703003707047704710B58368040056
:1061F000002B02D0032201009847200010BD7047F9
:1062000070477047704770477047704770477047D6
:10621000704770477047704701207047C8204000A2
:106220007047000010B50121040003201BF0D2F9D3
:1062300080231B01E361014B236210BD90000060CD
:1062400010B5040004F080FE236800219B69200043
:10625000984710BD10B50400064818F035FE002818
:1062600006D000200122236F013B9A424041C0B278
:1062700010BDC0468C50002008B4024B9C46043828
:1062800008BC60475562000010B504300CF014FAE9
:1062900010BD10B504300CF00FFA10BD70B504003D
:1062A00004300CF09DF8236805009B692000984796
:1062B000002801D101232367280070BD70B50400B8
:1062C00004300CF08DF8236805009B692000984786
:1062D000002801D101232367280070BD10B50430C8
:1062E0000BF070FF10BD10B504300BF06BFF10BD4C
:1062F000036F10B50400032B0DD003685B6A984749
:10630000002803D0236820005B699847201D0CF00B
:10631000B1FA03232367206F10BD37B56B46DA1D32
:106320000223051D13700321013B040028000BF01C
:10633000EDFF28000CF09EFA0CF032FF00210CF06B
:1063400062FF0023236737BD70B5036F0400032B82
:1063500018D0002B02D003685B6998470A4B1D6870
:106360002B6828009B6D98472B682800DB689847AE
:10637000201D0CF07FFA0CF013FF00210CF043FFFE
:1063800003232367206F70BDDCC6020010B5803088
:106390000122024911F0B3F810BDC046DAD0020064
:1063A00008B4024B9C46043808BC60478D6300006B
:1063B00070B5012210490500803011F0A0F81AF0E4
:1063C0001BFE0E4B06001C6823682000DB69984703
:1063D000236820001B6998471AF00EFE801BC7280F
:1063E000F6D9281D0CF046FA0CF0DAFE01210CF06B
:1063F0000AFF00232B6770BDDAD00200DCC6020062
:1064000010B504008C3011F093F8002806D000205D
:106410000122236F013B9A424041C0B210BD08B433
:10642000024B9C46043808BC6047C046016400002B
:1064300010B58C30012311F052F810BD08B4024B96
:106440009C46043808BC604731640000F8B507007A
:1064500080370400380011F024F8AC34050038000F
:10646000266811F02CF80023864203D223685A1CB8
:106470002260EB5C1800F8BD08B4024B9C4604385F
:1064800008BC60474D64000010B5803011F017F86B
:1064900010BD08B4024B9C46043808BC6047C04697
:1064A0008964000010B50400803011F038F800282D
:1064B00002D00023AC34236010BD08B4024B9C46CC
:1064C000043808BC6047C046A56400001FB504003E
:1064D000064901A81AF06AFB210001AA59312000DF
:1064E00008F064FA01A81AF012FB1FBDDAD002000E
:1064F0007FB5030004000E0058331D78084901A839
:106500001AF054FB330001AA2900200008F0E4F837
:10651000040001A81AF0FBFA200004B070BDC046C8
:10652000DAD002001FB504001A4901A81AF03EFB98
:10653000210001AA8C31200008F038FA01A81AF0D5
:10654000E6FA154901A81AF031FB210001AA8031B1
:10655000200008F085FA01A81AF0D9FA0F4901A81D
:106560001AF024FB210001AA8431200008F078FAF7
:1065700001A81AF0CCFA0A4901A81AF017FB210069
:1065800001AA8831200008F06BFA01A81AF0BFFABE
:106590001FBDC04698A002009CA00200A0A002005F
:1065A000A4A002000300F0B505000F007C3385B005
:1065B0001C78284901A81AF0F9FA21003B0001AA29
:1065C000280008F089F88026040001A81AF09FFA34
:1065D0003606B44203D1204C200005B0F0BD002C9B
:1065E000FAD12C6F1D4901A81AF0E0FA211C3B00DA
:1065F00001AA280008F0D8F8040001A81AF087FAC8
:10660000B442E8D0002CE7D16C6F154901A81AF00C
:10661000CDFA211C3B0001AA280008F0C5F80400AF
:1066200001A81AF074FAB442D5D0002CD4D1AC6FC2
:106630000C4901A81AF0BAFA211C3B0001AA280053
:1066400008F0B2F8040001A81AF061FAB442C3D10C
:10665000C1E7C04698A00200020300009CA002000F
:10666000A0A00200A4A00200F8B5036804005B6AC1
:106670000F0041699847E37C0500002B06D0236892
:1066800062695E6861683B002000B04723682900AA
:106690009B6A20009847F8BDF8B50400006F0328F6
:1066A0002ED0244B261D186803681B699847224D7D
:1066B0002F68012F25D0022F09D1236F012B06D07F
:1066C000012323670CF06CFD39000CF09CFD0027C2
:1066D0002F60256F012D0FD130000CF03FF8431CC7
:1066E00020D0022824D0831C05D120002A00134981
:1066F000803010F004FF256730000BF068FD206F3C
:10670000F8BD20003A000D49803010F0F8FE30004E
:106710000CF0B0F80CF044FD39000CF074FD0023CF
:106720002367D4E7236820005B6998473D00E2E7D0
:106730000500E0E7DCC60200B8290020DAD002003C
:106740007047031DDA6F0433DB6F02674367030092
:106750000C33DB6F836703008030027B70331A7366
:106760007047000010B50400024B036004F0C4FB46
:10677000200010BD2899020010B50400FFF7F2FFB9
:1067800020001AF033FD200010BD000010B50400F9
:10679000024B0360FFF7E6FF200010BD6499020082
:1067A00010B50400FFF7F2FF20001AF01FFD2000D3
:1067B00010BD000010B50400024B0360FFF7E6FFB8
:1067C000200010BDA099020010B50400FFF7F2FFF1
:1067D00020001AF00BFD200010BD000010B50400D1
:1067E000024B08C01AF093F9200010BD4C9702002C
:1067F00010B50400FFF7F2FF20001AF0F7FC2000AC
:1068000010BD000010B50400024B0360FFF7E6FF67
:10681000200010BDC497020010B50400FFF7F2FF7E
:1068200020001AF0E3FC200010BD000010B50400A9
:10683000024B08C01AF06BF9200010BD4C97020003
:1068400010B50400FFF7F2FF20001AF0CFFC200083
:1068500010BD000010B50400024B0360FFF7E6FF17
:10686000200010BD9C97020010B50400FFF7F2FF56
:1068700020001AF0BBFC200010BD70B51600C268E5
:1068800004009D188268002095420AD85818824258
:1068900005D3626850181A0031001EF074FF012001
:1068A000E56070BD10B5017804F0A4FA10BD0000D9
:1068B000F0B587B0070001918068654902920393A3
:1068C0001BF04CFF6249041C78681BF047FF011C59
:1068D000201C1CF01BF9041C38681EF055FA00221D
:1068E0005C4B1CF0CFFF00225B4B1BF0EFF81EF05F
:1068F0009DFA051C1EF048FA80230022DB051BF0E0
:10690000E5F80022554B1DF039FE490002004B0806
:10691000002052491DF032FE04900591201C1EF00B
:1069200033FA02000B00049805991DF0B5FB1EF028
:106930007DFA47490490061CB8681BF00FFF211C24
:106940001CF016FA0021071C281C1BF0A7FC0028CD
:1069500006D0FE21281C89051BF082FC002844D1AA
:10696000FE21281C89051BF099FC002806D08021F7
:10697000281CC9051BF074FC002838D18021281C74
:10698000C9051BF08BFC002805D03549281C1BF0DD
:1069900067FC00284FD13249281C1BF07FFC0028DF
:1069A00006D08121281CC9051BF05AFC002845D1BE
:1069B0008121281CC9051BF071FC002805D029493C
:1069C000281C1BF04DFC00283BD12649281C1BF03D
:1069D00065FC002837D02449281C1BF041FC002806
:1069E00031D0351C261C002402E0261C049C002506
:1069F000391C301C1BF018FD1C491CF087F81BF0DB
:106A000029F8019B391C1870201C1BF00DFD17493B
:106A10001CF07CF81BF01EF8029B391C1870281C17
:106A20001BF002FD11491CF071F81BF013F8039BD9
:106A3000187007B0F0BD351C0026D9E7251C341CA2
:106A4000FAE7251CCFE70024251C261CD0E7C0460A
:106A50000000C84200004E40000018400000F03F17
:106A6000000040400000A0400000C04000007F4304
:106A7000F0B52F4D89B0A86F1CF03EFB102400210B
:106A80002C4F2D4E3B683060DA0F9C424A41D2B207
:106A90008A4245D00B22C30F82424B41DBB28B426C
:106AA0003ED004AC220070350BCD0BC22B68200009
:106AB00013606B466A465D1C023203332900FFF700
:106AC000F7FE64223B68366853436A469E19D278C3
:106AD0002B789A4226D2194BF6181AF08DFA184BD9
:106AE0001B68012B02D0174B834219D2164901A80B
:106AF0001AF05CF80A22310020001AF076F8210022
:106B000001A81AF034F9010010481AF0A7F8200083
:106B100019F0FDFF01A819F0FAFF01220C4B1A70C1
:106B200009B0F0BD6A4692789A42D6D97642D4E747
:106B3000042E0020DC290020D82900201027000086
:106B4000A0350020C8AF0000A19B0200942E0020B9
:106B5000A02E0020F0B589B004AC2200284B703381
:106B600023CB23C21B68200013606B469E1C5D1C58
:106B7000320003332900FFF79BFE2A783378101C7C
:106B80009A4200D2181C6B46DB78C2B29A4200D2FD
:106B9000181CC0B21CF0D0FA1EF0F6F8194A1A4BB5
:106BA0001CF070FE1AF096FE012206000F00174B33
:106BB000174920001A7019F0F9FF390030001EF053
:106BC00041F80A22010001A81AF00FF801A92000DB
:106BD0001AF0CDF801000F481AF040F801A819F09A
:106BE00096FF200019F093FF6B462978DA780A4B5C
:106BF000914203D300221A7009B0F0BD0122FAE7D6
:106C0000E83300206666666666660440A02E0020B3
:106C1000A49B0200942E0020A82E002010B5040092
:106C200007F014FC0D4A002322602200002170327C
:106C3000A365E36523666366A366E366236763670C
:106C4000A3671173221DD3670432D3670432D3675D
:106C5000230080332000197310BDC0469C970200AA
:106C600030B50400174D85B02900174A684698349E
:106C70001FF074FF154A290002A81FF06FFF144986
:106C800020001AF00BF8134D200029001AF05DF8CF
:106C9000694620001AF059F8290020001AF055F82A
:106CA00002A920001AF051F80B4B21681D682B68CF
:106CB00028009B6C98472B682168DB6B280098475D
:106CC00005B030BD6B9F02004123000057800000DB
:106CD000709F020053D60200DCC60200F7B5040024
:106CE000006F03280DD1414B1D682B6828009B685D
:106CF0009847011E06D13E483E4B3F4A08F05BFCD8
:106D00000420FEBD2000FFF7ABFF002805D1394B62
:106D10003A4A0121364808F04EFC06220021684616
:106D20001EF04DFD364B6946186803681B6A98478C
:106D30002100344BA4310B806B465A792300A633D3
:106D40001A706B461A792300A7331A706B46DA78EB
:106D50002300A8331A706B469A782300A9331A705F
:106D60006B465A782300AA331A706B461A782300B0
:106D7000AB331A702B6808225B6B280098470028F9
:106D800005D11C4B204A0121194808F014FC2600AB
:106D900027002B687436DB6A3100280098472B687F
:106DA0001A4A88331B68012128008C379847184AF3
:106DB0000021380010F0C7FB3900300010F0C0FD92
:106DC00021003000803110F0BBFD2B6831001B6DBD
:106DD000280098472B6828005B6D98470CF0E0F975
:106DE00001210CF010FA002020678AE7DCC60200BF
:106DF000E43D0020A8A00200D19F020013A00200E1
:106E000044CA0200A30900003CA0020001AD00003A
:106E1000D1AC0000F0B5414D89B0414928000AF0DD
:106E2000DDFA404928000AF0D9FA28003E490AF064
:106E3000C9FA3E4C0026A56001253D4905A819F078
:106E4000B5FE3C4F3C4B6D4205AA01933B490323E1
:106E5000200003970296009504F0F6FC05A819F0AF
:106E600056FE374905A819F0A1FE364B05AA019335
:106E700035490323200003970296009504F00BFD8B
:106E800005A819F044FE314905A819F08FFE304BD2
:106E900005AA01932F49032320000397029600952A
:106EA00004F0F9FC05A819F032FE2B4905A819F0E9
:106EB0007DFE2A4B05AA019329490323200003974D
:106EC0000296009504F0E7FC05A819F020FE25497C
:106ED00005A819F06BFE244B05AA0193234903234F
:106EE000200003970296009504F0D5FC05A819F040
:106EF0000EFE1F4905A819F059FE1E4B05AA019365
:106F00001D490323200003970296009504F0C3FC5B
:106F100005A819F0FCFD09B0F0BDC046682B0020A3
:106F2000B42A0020002C0020C02E0020F8370020BA
:106F3000659B020083E80000E9610000B02E00209C
:106F4000749B0200716A0000042E00207B9B0200EB
:106F5000556B0000E8330020839B0200B1A20000C3
:106F60007C340020919B02008573000010350020C6
:106F7000959B020041670000A435002010B5040075
:106F8000002909D0FA2189001BF02EF8FA21890086
:106F90001BF010F9002904DCFA21200089001BF005
:106FA00009F9080010BD0000F8B50400C81C150060
:106FB0001CF0C2F8FC2189051BF0A8FD071CE81C89
:106FC0001CF0BAF8FC2189051BF0A0FD061C681E08
:106FD0001CF0B2F8FC2189051BF098FD391C051C3A
:106FE000381C1BF093FD311C071C301C1BF08EFD60
:106FF000011C381C1BF018FA061C2000022C00DAB9
:1070000002201CF099F8011C301C1BF07FFD291C8C
:10701000041C281C1BF07AFD06491BF077FD011C9F
:10702000201C1BF001FA04491BF0A2FE1CF064F8BE
:10703000F8BDC0460000F04100007042431E012B25
:1070400005D9031F012200209A42404170470120C8
:107050004042FBE7012807D0042806D0022803D0CD
:10706000053843425841400070470120FCE70129A0
:1070700008DD032203685A43D30F9B185B10643367
:10708000036070470129FCD10522036802315A438D
:10709000D3170B409B189B103233F1E72E4BF7B5FB
:1070A0001A685023013A53432C4A07009B18019356
:1070B00013230E000093009B019A9B00D458002CD0
:1070C00032D0E317E4185C40254B9C4201DD254B90
:1070D000E418200064211BF06DF8601A0D00642193
:1070E0001AF082FF29000400142D03DD142128006A
:1070F0001BF060F8BC4217D1B14215D10122142D0A
:1071000000DC00220C235C43174B6418D2B2A400AD
:107110001100E058FFF732FF0A211AF065FF0A213B
:107120001BF048F80800FEBD009B5A1E0092C2D218
:107130007B1E00210F2BF5D8731E0A2BF2D80C23CF
:10714000FA215F43084BBE19B600F05889001BF0C6
:1071500031F80800E0E7C046F02B0020E4050020ED
:1071600010270000F0D8FFFF249C02009622074B56
:10717000D2009918002210B51A705A709A70033311
:107180008B42F9D10248FFF78DFB10BDCC2E0020B9
:1071900038360020F7B519F02FFF050019F02CFF45
:1071A00019491AF01DFFFF20484317491AF092FEB3
:1071B000164B174A1F0099180022C4B21A705A7051
:1071C0009A7003338B42F9D1124B1A68AA4202D249
:1071D000F535FF351D60104D0026B300E958032337
:1071E00001A85943FC334370C82379180136047051
:1071F000837003F018FF0F2EEFD1084B11342C359C
:10720000E4B29D42E8D1F7BD88130000CC2E0020E7
:10721000DE030000783400209401002028040020C0
:1072200030B5C7246400A0420BD88C3CFF3C104D05
:107230004443002A06D0FF222B195A709A7000236B
:107240002B5530BD002904D0FF2329194A708B70BB
:10725000F6E7002B05D096222B195A709970FF2360
:10726000EEE7FF222B195A70CD3A9A706423E7E7B4
:10727000CC2E0020F0B505AC25780B2401386043F6
:107280004C1E0E4F0419A4000239E6590C4C082973
:107290000CD840188000C159701E8E4200DA701C54
:1072A00003214143625461184B708D7003214E439A
:1072B000A255A419A5706370F0BDC04694010020CA
:1072C000CC2E002073B50124012500222900009254
:1072D000130020000135FFF7CDFF0C2DF5D101344F
:1072E000072CF1D1FF260125FF23290000961A0063
:1072F00020000135FFF7BEFF0C2DF5D10134102C15
:10730000F1D10448FFF7CEFA0349044819F038FBDD
:1073100073BDC04638360020149C02008C500020FB
:10732000F0B50125144B8DB003930124039AA300FB
:10733000D0580A211AF03EFF04AF0E001E220F495A
:1073400038001EF020FA03235E43B9194B78897880
:10735000F25D2800009121000134FFF78BFF0C2C17
:10736000E4D1039B013530330393102DDDD1044864
:10737000FFF798FA0DB0F0BD549C0200D4990200BA
:107380003836002010B50A4CA06F1BF0B5FE094B33
:10739000186063280AD1084B2000A36707F060FA41
:1073A0000649074819F0ECFAFFF7BAFF10BDC046CE
:1073B00010350020DC2900200000C842589B020044
:1073C0008C500020F0B585B01E000AAB1F7803007A
:1073D00015000B22013B5A43130003924A1E9B18CF
:1073E000624A9B009B58029001930C003B003200C4
:1073F00029000198FFF714FF029B0F2B12DC023CBF
:10740000082C2ED8039B019A1C19584BA400E35852
:10741000501E9A4200DA02303B0032002900FFF78A
:10742000FFFE1EE0631E002B01D00B2C1BD100229F
:107430007D253C2628274D499300CB5803214B43FB
:107440004B48195C002909D1C1184C78002C05D192
:107450008C78002C02D11D544E708F7001320B2A93
:10746000E9D105B0F0BD022C1BD1012203253D2638
:107470001E272C2353433D493D48CB586B43195C91
:1074800000290AD1C1184C78002C06D18C78002C28
:1074900003D11E5414234F708B7001320E2AE8D191
:1074A000DFE7042C05D13B0032002900A920400071
:1074B000B5E7052C04D13B0032002900A820F6E7EF
:1074C000062C22D1032196260A270324274A8B0063
:1074D000D258274B5443E05C002812D11819457844
:1074E000002D0ED18578002D0BD1FA35E55446706C
:1074F00087700320FA25013A4243D5549B185E70E9
:107500009F7001310829E0D1ABE7072C04D13B0083
:1075100032002900A620CAE7082C04D13B00320023
:107520002900A520C3E70A2C9BD10D2203253D2667
:107530001E272C23A4215B42534389005B180B496F
:107540000B48CB586B43195C00290AD1C1184C7801
:10755000002C06D18C78002C03D11E5414234F70BC
:107560008B70013A002AE4D17BE7C04694010020E9
:10757000CC2E0020F8B519F03FFDFA211C4B8900F4
:1075800018601C4BFA241D781AF02AFD64008C4206
:10759000A4416442AC421BD1174D184F184E002C29
:1075A0001CD001210D201AF061F8164B1B78002B1E
:1075B0000FD00023EB55AB556433134AAB5413483B
:1075C000FFF770F90B4B1A7801235340094A1370E7
:1075D000F8BD3C235022EB55AA55EEE721000D20C3
:1075E0001AF044F8084BEC55AC55EC54E7E7C046AC
:1075F00008360020E4330020CC2E0020AD0400002B
:10760000AE040000002E0020AF0400003836002039
:10761000F8B5154C1549200019F0B2F9144E0A229C
:107620003168200019F015FA1249200019F0C4F948
:107630000025142233681049013B53435B199B001A
:107640000A3A5958200019F004FA6F1C132D06D07D
:107650000A49200019F094F93D00142FE9D1084996
:10766000200019F0A9F9F8BD8C500020F19A020011
:10767000F02B00200C9C0200E40500200E9C020070
:10768000DAD0020070B5050019F0B6FC044C206099
:1076900019F0B2FC2368EB189842F9D370BDC046CC
:1076A00028360020F0B5002587B00593274B0492BB
:1076B0001A6850232F00013A5343254A01909B1822
:1076C00002910393039AAB00D0582249C317C01804
:1076D00058401AF06FFD0E00642130001AF06AFD68
:1076E0000C00142900DD143C301B64211AF07CFCD2
:1076F00000281CD010281DD1062C00D11338029B65
:107700000C9A9B18A3420FDC029B0D9A9B18A34274
:107710000ADB019B049A9B18834205DC019B059AB6
:107720009B18834200DB01370135142DCAD1380084
:1077300007B0F0BD0128E2D1012C03D00B2CDED123
:107740000338DCE702204042D9E7C046F02B002096
:10775000E405002010270000002370B504000D0090
:10776000036043608360037343738373994234D02F
:1077700002DA013303734D42194B9D4203DD0123AD
:107780006373184BED18280064211AF013FD681A72
:107790000E0064211AF028FC00210500142E05DDDE
:1077A000300014311AF006FD0E0001210C236B434A
:1077B0000D4A9B199B00985866602560FFF7DEFB19
:1077C0000A211AF0F7FC013EA1600A2E05D8002D0F
:1077D00003D0102D01DC0123A373200070BDC0462F
:1077E00010270000F0D8FFFF249C020010B5040011
:1077F0000068002801D019F0FDFC200010BD37B54D
:10780000040008000D0019F0EDFC002301936368EB
:107810006060002B02D0180019F0ECFC01A8FFF703
:10782000E5FFA56037BD000070B500250400114ECE
:1078300045608560C5600561456106600521FFF70B
:10784000DEFF052320002361E56125626562A562F4
:10785000E562A6616563A563E563256465642663E7
:1078600030300421FFF7CBFF0423A56420002364FC
:1078700070BDC0460898020070B505000C260400D3
:107880000B4B320008C5002128001DF098FF6560F1
:10789000A560250010353200002128001DF08FFF63
:1078A0002000256165611C30FFF7BEFF200070BD20
:1078B0002498020010B50400024B08C0FFF796FFA1
:1078C000200010BDEC97020010B504003030FFF727
:1078D000F1FF20001830FFF7EDFF2000FFF7EAFF6F
:1078E000200010BD70B50400124B03601C30FFF780
:1078F000EBFF2569230010339D420AD02800AB68B6
:107900002E681B6808309847280019F06FFC350076
:10791000F0E76568231D9D420AD02800AB682E68F9
:107920001B6808309847280019F060FC3500F1E723
:10793000200070BD2498020010B50400054B0360C0
:10794000054B43607830FFF7BFFF201DFFF7CAFFEC
:10795000200010BDB89802000499020010B5040080
:10796000FFF7EAFF200019F041FC200010BD10B520
:107970000400FFF79FFF200019F038FC200010BD25
:1079800010B5040019F032FC200010BD10B5040041
:1079900019F02CFC200010BD10B5040019F026FCD5
:1079A000200010BD10B5040019F020FC200010BD0F
:1079B00010B5040019F01AFC200010BD10B5040029
:1079C00019F014FC200010BD10B5040019F00EFCD5
:1079D000200010BD10B5040019F008FC200010BDF7
:1079E00010B5040019F002FC200010BD10B5040011
:1079F00019F0FCFB200010BD10B5040019F0F6FBD7
:107A0000200010BD10B5040019F0F0FB200010BDDF
:107A100010B5040019F0EAFB200010BDF0B585B0E8
:107A200002910A9903938B68019001338B60CB68B4
:107A30000133CB600B6901330B6100269446039B35
:107A4000350034003000019A029F664634780D7884
:107A50002D06240601D16D40C046641900D3E443CD
:107A600000D324068E68240E74430D78CE78751BDF
:107A70000D702004624600969446009E019A029F73
:107A80009760C046C046C0460426013EFDD1400076
:107A900000D25760C0460426013EFDD15760C04663
:107AA000C046C0460926013EFDD19760C046C0468B
:107AB000C0460426013EFDD1400000D25760C046BA
:107AC000664674780326013EFDD15760C046C04625
:107AD000C0460926013EFDD19760C046C046C0465B
:107AE0000426013EFDD1400000D25760C0464D78CB
:107AF0002D06240601D16D40C046C046C046012671
:107B0000013EFDD15760C046C046C0460926013E31
:107B1000FDD19760C046C046C0460426013EFDD157
:107B2000400000D25760C046641900D3E44300D33C
:107B30002406C0460226013EFDD15760C046C0461D
:107B4000C0460926013EFDD19760C046C046C046EA
:107B50000426013EFDD1400000D25760C046CE68E9
:107B6000240E7443C046C0460226013EFDD1576034
:107B7000C046C046C0460926013EFDD19760C046BA
:107B8000C046C0460426013EFDD1400000D25760E9
:107B9000C0464D780E79751B4D70C046C046012613
:107BA000013EFDD15760C046C046C0460926013E91
:107BB000FDD19760C046C046C0460426013EFDD1B7
:107BC000400000D25760C0460426013EFDD15760F8
:107BD000C046C046C0460926013EFDD19760C0465A
:107BE000C046C0460426013EFDD1400000D2576089
:107BF000C0462004C046C0460326013EFDD1576062
:107C0000C046C046C0460926013EFDD19760C04629
:107C1000C046C0460426013EFDD1400000D2576058
:107C2000C0460426013EFDD15760C046C046C0464E
:107C30000926013EFDD19760C046C046C0460426D5
:107C4000013EFDD1400000D25760C0466646B47880
:107C50000326013EFDD15760C046C046C0460926F6
:107C6000013EFDD19760C046C046C0460426013E95
:107C7000FDD1400000D25760C0468D782D06240605
:107C800001D16D40C046C046C0460126013EFDD12F
:107C90005760C046C046C0460926013EFDD19760E8
:107CA000C046C046C0460426013EFDD1400000D279
:107CB0005760C046641900D3E44300D32406C0468D
:107CC0000226013EFDD15760C046C046C046092687
:107CD000013EFDD19760C046C046C0460426013E25
:107CE000FDD1400000D25760C0460E69240E744397
:107CF000C046C0460226013EFDD15760C046C04680
:107D0000C0460926013EFDD19760C046C046C04628
:107D10000426013EFDD1400000D25760C0468D7858
:107D20004E79751B8D70C046C0460126013EFDD1BF
:107D30005760C046C046C0460926013EFDD1976047
:107D4000C046C046C0460426013EFDD1400000D2D8
:107D50005760C0468E79B4440326013EFDD157607A
:107D6000C046C046C0460926013EFDD19760C046C8
:107D7000C046C0460426013EFDD1400000D25760F7
:107D8000C0462004C046C0460326013EFDD15760D0
:107D9000C046C046C0460926013EFDD19760C04698
:107DA000C046C0460426013EFDD1400000D25760C7
:107DB000C0460426013EFDD15760C046C046C046BD
:107DC0000926013EFDD19760C046C046C046042644
:107DD000013EFDD1400000D25760C046664634786F
:107DE0000326013EFDD15760C046C046C046092665
:107DF000013EFDD19760C046C046C0460426013E04
:107E0000FDD1400000D25760C0460D782D062406F3
:107E100001D16D40C046C046C0460126013EFDD19D
:107E20005760C046C046C0460926013EFDD1976056
:107E3000C046C046C0460426013EFDD1400000D2E7
:107E40005760C046641900D3E44300D32406C046FB
:107E50000226013EFDD15760C046C046C0460926F5
:107E6000013EFDD19760C046C046C0460426013E93
:107E7000FDD1400000D25760C0468E68240E744386
:107E8000C046C0460226013EFDD15760C046C046EE
:107E9000C0460926013EFDD19760C046C046C04697
:107EA0000426013EFDD1400000D25760C0460D7847
:107EB000CE78751B0D70C046C0460126013EFDD12F
:107EC0005760C046C046C0460926013EFDD19760B6
:107ED000C046C046C0460426013EFDD1400000D247
:107EE0005760C0460426013EFDD15760C046C046DB
:107EF000C0460926013EFDD19760C046C046C04637
:107F00000426013EFDD1400000D25760C046200447
:107F1000C046C0460326013EFDD15760C046082634
:107F2000013EFDD10D4F00966246BE6862B6013B30
:107F300072B6BF68BC46BE4201D2094FF619674609
:107F4000F61B87273F01BE4205D8002B00D093E5E2
:107F5000039805B0F0BD0020FBE7C04610E000E04C
:107F600080BB000000B54368020089B00120002BEF
:107F70001BD0107B03A90870507B4870907B8870E1
:107F8000107E0590507E0690907E0790D07BC87042
:107F9000107C0871507C4871907C88710091802120
:107FA000126809010248FFF739FD09B000BDC0465B
:107FB00090000060F0B505000C008BB019F022F8BD
:107FC000AB8CC01A80B23128F8D972B62700237B57
:107FD00002AA1373637B18375373A37B08AE9373A2
:107FE000E37B1000D373237C1374637C5374236886
:107FF0000293A3690893BB88B380BB79B371A37C58
:10800000937463680393049363690793FFF7AAFF6C
:10801000002824D162B6323019F046F872B6237BBC
:1080200002AA1373637B10005373A37B9373E37BE8
:10803000D373237C1374637C537423680293A36902
:108040000893BB88B380BB79B371A37C93746368D6
:1080500003930493636901930793FFF783FF62B669
:1080600018F0D0FFA8840BB0F0BD00000721F8B5D0
:108070000124194A137801330B401C4013708C40C3
:108080009A0701D5402214430422134201D0202331
:108090001C43050080270F3006001034E4B20C3575
:1080A0007F00297B002904D0380019F09DFF0130A2
:1080B000C1B24B1C63431B12E970DAB2002B08D12A
:1080C0002B70002901D00139E9700135AE42E8D1A9
:1080D000F8BD013A2A70F4E784290020F0B51700B2
:1080E00005008FB01A000191010002A802F03EFFC6
:1080F000FB17FE185E40AB7C072202A904A8009380
:108100001DF041FB019B06AC072204A90CA80693B5
:108110006660A6601DF037FB009B012B11D120008B
:10812000FFF7A4FF0323A374002363619F4201DAD6
:10813000FD33A3742B6821001B6B280098470FB0F8
:10814000F0BD002309932382ECE7F0B5050016008B
:108150008FB01A000191010002A802F007FF072268
:1081600002A904A8AF7C1DF00EFB019B06AC072200
:1081700004A90CA806936660A6601DF004FB012FFD
:108180000CD12000FFF772FF0023A37463612B68FA
:1081900021001B6B280098470FB0F0BD0023099306
:1081A0002382F1E70121F0B5D44A9BB013680B405C
:1081B00006D1D34811608360D24AD34919F048FBF5
:1081C00080239022D14D9B0000935202002328006F
:1081D0000BF0A2FBCB4CCE4B2200CE4928002B60EB
:1081E00019F036FBCC4DCD4BCD4A0093280000232F
:1081F0000BF092FBCB4B2200CB4928002B6019F0EF
:1082000027FBCA4DCA4BCB4A0093280000230BF032
:1082100083FBC94B2200C94928002B6019F018FBC9
:10822000C74DC84BC84A0093280000230BF074FBCD
:10823000C64B2200C64928002B6019F009FBC54D2A
:10824000C54BC64A0093280000230BF065FBC44BC6
:108250002200C44928002B6019F0FAFAC24DC34B22
:10826000C34A0093280000230BF056FBC14B2200A9
:10827000C14928002B6019F0EBFA8123BF4D9B0008
:108280000093BF4A002328000BF046FBBD4B2200A1
:10829000BD4928002B6019F0DBFABC4DBC4BBD4A30
:1082A0000093280000230BF037FBBB4B2200BB4997
:1082B00028002B6019F0CCFA8223B94D9B00009363
:1082C000B84A002328000BF003FAB74B2200B74945
:1082D00028002B6019F0BCFAB54DB64BB64A009396
:1082E000280000230BF0F4F9B44B2200B449280015
:1082F0002B6019F0ADFAB34DB34BB44A009328008C
:1083000000230BF0E5F9B24B2200B24928002B60A4
:1083100019F09EFAB04DB14E2900300018F046FC1D
:108320002200AF49300019F093FAAE4F3800FEF743
:1083300075FCAD4E22003100380019F089FAAB4FC0
:108340003800FEF76BFC22003100380019F080FA8B
:10835000A74F3800FEF762FC22003100380019F008
:1083600077FAA44F3800FEF759FC2200310038009C
:1083700019F06EFAA04E300006F068F89F4F03A87F
:10838000376006F063F80397002719AB1F70652369
:1083900003A86B441F70FEF721FA994B22009949FC
:1083A0003000336019F054FA9748984B220003606C
:1083B000974B9849436019F04BFA974E974B984862
:1083C0003360FFF759FA974B97493360974B9848BA
:1083D0007360032333670FF091FA802300975B00EB
:1083E0000822944994480FF043F840232022009734
:1083F000924993480FF03CF82900924818F0D6FBB8
:108400003200AC32904917603000220019F020FA97
:108410008E4E824A8E483260FFF72EFA8D4B8E4880
:1084200033608E4B736003233367330074331F70E4
:10843000FFF7FAF922008A49300019F009FA894E4B
:10844000300007F013F822008749300019F000FAD5
:108450003100864808F018FF854E2900300018F0DA
:10846000A5FB22005E49300019F0F2F9814E290087
:10847000300018F09BFB22005949300019F0E8F950
:108480007D4E2900300018F091FB22005449300045
:1084900019F0DEF9794E2900300018F087FB220030
:1084A0004F49300019F0D4F9754E2900300018F00A
:1084B0007DFB22004A49300019F0CAF9714E2900AB
:1084C000300018F073FB22004549300019F0C0F964
:1084D0006D4E2900300018F069FB22004049300041
:1084E00019F0B6F9694E2900300018F05FFB220040
:1084F0003B49300019F0ACF91BB0F0BD88290020D1
:10850000C829002000000020EB610000F02C0020B2
:10851000E0BC0200FF610000802D0020010200008D
:10852000012001001CBD020001620000B02D0020EE
:10853000020200001020010044BD0200036200009E
:10854000D82C00200602000011200100CCBC020043
:1085500005620000682D00200702000017200100BE
:1085600008BD020007620000502D00200302000039
:1085700013200100F4BC020009620000C82D002095
:108580001520010058BD02000B620000982D00204C
:10859000050200001620010030BD02000D6200003F
:1085A000202D002002200100A4BC02000F62000068
:1085B000082D0020090200000320010090BC0200E9
:1085C00011620000382D00200A0200000420010082
:1085D000B8BC020013620000DAD00200B02E002006
:1085E0000F0B0200042E002055680000E833002025
:1085F0007C34002010350020A43500207497020040
:10860000C497020005680000C02E002068C4020064
:10861000549F020015620000B42A0020189702003F
:10862000B82A002048980200809A0200949802001C
:10863000282B0020A59A0200342B0020CA9A0200A1
:10864000402B00204C2B002081AC0000002C00208F
:10865000042C0020B8980200782C00200499020015
:1086600039790000E029002017620000682B002003
:10867000F42B0020942E0020C82C0020E42B002096
:10868000C02B0020CC2B0020D82B00202C36002023
:10869000F0B5012787B001210D2018F09BFF2F4E68
:1086A0002F4C35683D400BD1200002F027FC2D4BAC
:1086B000A5842D4A2D4920002360376019F0C8F8A1
:1086C000C822002352002A49200002F043FBFEF793
:1086D0004DFDFA204000FEF7D5FF18F08DFCFA237F
:1086E0009B00C018234B012118600D2018F072FF69
:1086F000E1212148490216F097FA6420FEF7C2FFF3
:10870000E1211E48490217F0FFFB6420FEF7BAFF83
:10871000FA20400018F0A6FCFEF77CFB184903A8DD
:1087200018F044FA00240123164D22001649019343
:10873000009403AB280003F045FC03A818F0E7F908
:10874000200006F07FFF280003F00AFA200018F04E
:10875000D3FE17F001FF07B0F0BDC0468C29002002
:1087600090290020A099020000000020B5670000B9
:10877000CC2E00200C3600208C5000209049002088
:108780005C9F0200F8370020E029002010B5024865
:1087900016F04CFB10BDC0468C50002008B4024BB4
:1087A0009C46043808BC60478D87000010B503481C
:1087B00016F03CFBC317181AC00F10BD8C500020D8
:1087C00008B4024B9C46043808BC6047AD870000E3
:1087D000F8B51F4C1F49200018F0D2F81E4B0A2292
:1087E0001968200018F035F91C49200018F0E4F849
:1087F00000251422184F1A4E3B68013B53435B1966
:108800009B009B59002B17D01649200018F0B8F890
:108810000A222900200018F01CF91349200018F042
:10882000AFF814223B682000013B53435B199B00C7
:108830000A3A995918F00DF90135142DD9D10B497F
:10884000200018F0B9F80A4816F000FBF8BDC04641
:1088500090490020F19A0200F02B00200C9C0200AD
:10886000E4050020129C0200329B0200DAD00200D4
:108870008C500020F0B5CE4D97B02B6804905A1E56
:10888000622A00D938E10022CA4B96211A60CA4BED
:10889000C9001F0059181A705A709A7003338B421E
:1088A000F9D10023039314222B68013B5343039A0D
:1088B0009B18C24A9B009C58002C38D0002306937A
:1088C0009C4202DA0133644206930022BC4B0592BB
:1088D0009C4203DDBB4BE418012305936421200077
:1088E00019F068FC02910B00142900DCFDE018006F
:1088F000142119F05FFC01230E000793B24B1B7883
:10890000002B01D00C239E1B731E0A2B0FD8029B39
:108910006421E01A19F068FB102808DC002806D052
:10892000079B059A00933100069BFEF74BFD039BC6
:1089300001330393142BB6D1A34BA4481B78A4494D
:10894000A44A002B00D1D3E000233B547B54643372
:10895000BB542B6811A85B0041330370FF239E4971
:108960004370837002F05FFB9C48FDF79BFF286813
:108970001AF0E2FB9A4CA067200005F071FF049BFF
:10898000002B00D1AFE000232A6896499800405898
:10899000904200D0BAE014225A43934B11A99B187D
:1089A0000022985C50540132142AFAD18F490EA843
:1089B00018F0FCF80A2229680BA818F016F90BA980
:1089C0000EA818F0D4F98A4C0100200017F0EAFF35
:1089D0000BA818F09CF80EA818F099F8200017F0D2
:1089E000C4FA642018F03EFB049B82490EA8002BB9
:1089F00000D192E018F0DAF811A90BA818F0D6F817
:108A00000BA90EA818F0B3F90100200017F0CAFF57
:108A10000BA818F07CF80EA818F079F8744C200018
:108A200017F0A3FA642018F01DFB73490EA818F084
:108A3000BDF82B68714A013B9B0099580BA818F0B0
:108A4000B5F80BA90EA818F092F90100200017F054
:108A5000A9FF0BA818F05BF80EA818F058F8200032
:108A600017F083FA642018F0FDFA2B68072B5CD10D
:108A7000634F0EA8390018F099F8624E31000EA825
:108A800018F075F90100200017F08CFF0EA818F0FF
:108A90003EF839000EA818F089F831000EA818F039
:108AA00066F90100584817F07DFF0EA818F02FF85E
:108AB000200017F05AFA544C5449200017F060FF78
:108AC0000A222968200017F0C4FF5149200017F03E
:108AD00057FF3D4B0A221978200017F0BEFFFEF722
:108AE00097FDFFF775FE17B0F0BD029E002304E767
:108AF00064247B543C542BE7642B00D03FE70122D5
:108B00002C4B37481A60434B836736E70133042BFD
:108B100000D03BE70023049348E718F047F82B68A0
:108B20003D4A013B9B00995867E7112B06D1344F12
:108B30000EA8390018F03AF8384E9FE7252B06D1D9
:108B40002F4F0EA8390018F031F8354E96E74D2B0F
:108B500006D12B4F0EA8390018F028F8314E8DE7BA
:108B6000642B20D130490BA818F020F82F4908A811
:108B700018F01CF808A90BA818F0F9F806002C4901
:108B80000EA818F013F80EA9300018F0F0F8010044
:108B9000200017F007FF0EA817F0B9FF08A817F07C
:108BA000B6FF0BA882E72349200017F005FF7FE7F7
:108BB000F02B0020C82E0020CC2E0020E405002041
:108BC00010270000F0D8FFFFA82E0020AA04000004
:108BD000AB040000AC0400007333002038360020E2
:108BE000E8330020D433002084330020EF9A0200C1
:108BF00090490020FB9A0200FE9A02000400002027
:108C0000019B0200E42B00208C500020349B0200CA
:108C1000459B02000000C84254040020C02B0020E5
:108C2000CC2B0020D82B0020059B0200089B0200C3
:108C3000149B02001D9B0200F0B55025234B85B00C
:108C40001C680600631E5D430193214B0120ED1853
:108C500000231C0019009A00AF58B74201D104004C
:108C6000A9500133142BF6D1002C26D1F317F0189C
:108C70005840184919F09EFA27000291BB00EB58A2
:108C80001449DA1798185040039319F093FA029B8D
:108C9000994202D10124BB00EE500137142FEDD1CF
:108CA000002C0AD1A300EB58002B0BD1019A1433EE
:108CB00053431C19064BA4001E510020FFF7DAFD98
:108CC00005B0F0BD0134142CECD1F6E7F02B0020F8
:108CD000E4050020102700000023F0B5190006006D
:108CE00097B09A0002A801331150142BF9D1002437
:108CF000270025000194B3689C4238D2210030003F
:108D000018F0ECF803782D2B2ED02100300018F04D
:108D1000E5F803782F2B11D92100300018F0DEF888
:108D20000378392B0AD80A23210030005D4318F05C
:108D3000D5F80378303B5D190134DCE721003000C1
:108D400018F0CCF803782C2B03D0B368013BA34276
:108D5000F2D1019B002B00D06D42BB0002AAD5507E
:108D6000002501370195E7E701230193E4E750224D
:108D700000201D491D4C0B68013B5A431219850008
:108D80005559002D2BD101301428F8D150225343CE
:108D90000022E31802A88058985004320190502A0B
:108DA000F8D100230A68124998004458002C01D0D9
:108DB000944210D10A5014225A430E4B0E489B186D
:108DC0000022115C99540132142AFAD10120FFF7D4
:108DD00051FD17B0F0BD0133042BE5D1F6E7622356
:108DE0000B60013BD2E7C046F02B0020E4050020D9
:108DF000D43300208433002010360020F0B5CF4C4F
:108E0000A5441B93CE4B17921CAA9B181B680A9073
:108E10005A1801230C912293209220AB002A00DCE7
:108E200022AB0B2226921A680B2A00DD26AB1B68A8
:108E3000C4491593AD23DB006B441B680C9A08688A
:108E4000D218229222AB824200DD0B000122269230
:108E50001A68002A00DC26AB179A1B689446169302
:108E60000A9B63441193002B01DC01231193B64A42
:108E7000B64B6A440A9912681B688C189C4200DD44
:108E80001C000C23FA210A9A890053430C9A9B1860
:108E9000AF4A9B009D58280019F08CF90800642106
:108EA00019F0A2F80D90012811D0FA2128008900AC
:108EB00019F09AF8FA21890019F07CF90800642168
:108EC00019F092F8013843425841C3B20D93002380
:108ED0006425159926A8169A91420CDC119AD71A86
:108EE000FA18944205DB6A439E005218325001334F
:108EF000F6E70131EFE7E121013B0993954B1CAA0D
:108F00009B188900186819F06FF8924B1CAA9B18DF
:108F1000AF2203211B68D2009A18D3170B409B186D
:108F20008C4A1CA9521812689B10D31A1A93894BA9
:108F300018905B181B685B00199300230F93013393
:108F40000893854B2093854B2193089B463B5A42BF
:108F500053417D4A6A441168CB181360099B002B6A
:108F600027DA130012680A9901321A60764A774BA1
:108F70006A4412681B688818984200DD18000023B4
:108F8000159926AC169A914211DC119AD61AF2184C
:108F900082420ADC64277A439D0052182A51013329
:108FA000F5E7099B013B0993CBE70131EAE7013B78
:108FB0000993099B0020591C17F0DFFA26AD8600A3
:108FC000745907006421200019F0F4F80291601A26
:108FD000642119F009F8099B0390BB4202DD9B0054
:108FE0005B5973510C23FA21039A89005343029A67
:108FF0009B18574A9B009B581800139318F0F4FFD6
:10900000FA21890019F0D6F8002965DC00231293B3
:1090100012991398FDF7B2FF0A21040019F0CAF85B
:10902000200007910A2118F0DFFF0A2119F0C2F889
:1090300001270C00032915D103260225022306224D
:1090400076426D4201930095330052420299039893
:10905000FEF728FB002860DC552220AB5A70012364
:1090600000270F930C990A98FEF718F806002000C5
:10907000FDF7E4FF04903000FDF7E0FF050020005D
:10908000FDF7E8FF04003000FDF7E4FF0A9A039BB8
:109090009B1A0B930C9A029B9B1A0693049B002B22
:1090A00000D188E200230E93049BAB4203D10E94BF
:1090B000844200DD0E90049B002B51DB069B002BAD
:1090C00000DBD9E22300002D54DB002D02D0069AEC
:1090D000002A4FDC00204DE00A21012017F04DFA54
:1090E0001BF0E6FD040018980D001BF0E1FD0200E6
:1090F0000B00200029001AF0A9F81BF0A3FD052899
:1091000084DDAC23DB006B441B68072B00DC7DE7B0
:10911000482220AB1A70012379E7052201940096BA
:109120002B0052420C990A98FEF7BCFA002893DDF6
:10913000552220AB5A700F9794E7C046B4FAFFFF50
:1091400004050000302500206405000034250020BF
:10915000249C0200FC04000020202020202020006D
:10916000069A2300002A00DC0023002DADDA069ABF
:10917000D21710401090984200DA1093049B002BF5
:1091800000DB1BE201235B420193033B00930233AC
:109190000622029952420398FEF784FAC317181A5E
:1091A0000023C00F0493984200D104940323502459
:1091B0000B9A642552435343069A5B1052439B1803
:1091C0001493DC4B039A1B685543013B5C43DA4B19
:1091D000029AE4180023AD180593002F0CD0059BCC
:1091E000D6499B00E058C317C018584018F0E2FF5A
:1091F000491B4B1E9941CFB2059B9B00E358002BA6
:1092000006D0059B01330593142BE6D1002305936B
:10921000AC23DB006B44079A1B689A4203DD089B72
:10922000222B00DCD4E1AC23DB006B441B68079AE3
:109230000233934203DA089B772B00DCC8E10B234F
:109240005B4200930B25002301951A0002990398B5
:10925000FEF728FA0B9B0400002B11D1002F0FD032
:109260002900012017F089F9631E03245C430534AB
:109270000127A04203DC6B462C229B181F78FFB20B
:10928000179BDA179B185340AD4A6A441268D117EE
:1092900050184840984200DA180001301BF008FDD1
:1092A000040014980D001BF003FD22001C901D917A
:1092B0002B00200029001AF0EFFE02000B001C9882
:1092C0001D9918F0A7FF002800D183E10B21012090
:1092D00017F053F9082800DC00279A4A1CA95218F5
:1092E000994B12689A4200DC8BE10621012017F0AD
:1092F00044F90A210400139818F05CFF0B23640062
:109300001C1BA14200DA00270424042602230822A1
:1093100064425B4201960094524202990398FEF720
:10932000C1F90D9B002B00D180E10025A8420DDD85
:1093300007222B0001960094524202990398FEF7EF
:10934000B1F90125022800DC0025EDB2079A1B992E
:109350001498FDF729FE059B04001F90022B51DD98
:10936000FA23784A1CA9521812685B009A4249DD18
:10937000704B059A1E681423013E7343023A9B18F2
:109380006D4A9B00995822A8FEF7E6F90320039B3B
:10939000229A9A1A239B524313931399029B504388
:1093A0005B1A5B434010C018079A2499FDF7FCFD37
:1093B000844200DD0400059B1F94032B22D014235C
:1093C0005E43059B5C4A033BF3189B00995822A817
:1093D000FEF7C2F90320229B0593059A039B9A1A74
:1093E000239B524305930599029B50435B1A5B43B1
:1093F0004010C018079A2499FDF7D6FD844200DD7D
:1094000004001F940E9B002B06DD19001FA8FDF71A
:109410002EFE532220AB9A70109B002B06DD190004
:109420001FA8FDF724FE472220ABDA70049B002B17
:1094300006DD19001FA8FDF71AFE462220AB1A719F
:10944000002D02D11F9B5B001F930F9B002B05D0AB
:109450001F9B0321980018F0C7FD1F90A0231CAA92
:10946000DB009B181B68069A5343002B00DCF3E0DB
:109470001F9AD30F9B185B109B18582264331F93BD
:1094800020AB5A71002F16D02E4A1CA952181F9BD0
:109490001268934202DC1A9A934203DA089A452A28
:1094A00000DCE5E0199A934205DD089B0127A92B12
:1094B00000DC0027FFB2089B01330893079B002BB9
:1094C00000DC6EE5002F00D16BE5204A1F99136880
:1094D0008B4200DA0B001E4C136008990A22200010
:1094E00017F0B7FA1B4D2000290017F049FA642144
:1094F000039B0A225943029B2000C91817F0A9FABE
:109500002900200017F03CFA0A220B99200017F0DE
:10951000A0FA2900200017F033FA0A220699200049
:1095200017F097FA2900200017F02AFA0A221F994B
:10953000200011E0F02B0020E4050020102700009F
:1095400064050000FC0400003408000024360020FC
:109550008C500020209C020017F07BFA290020008C
:1095600017F00EFA0A220799200017F072FA4649FE
:10957000200017F005FAAC23DB006B4419680A22BF
:10958000200017F066FA2900200017F0F9F920A949
:10959000200017F011FA200015F058FC129A3B4BEE
:1095A000002A67D0029A14321A60394B039A1A6063
:1095B000384B9D44F0BD049B0E93D6E5049B002BD5
:1095C00000D1F3E504230193033B0093033BDFE564
:1095D000002734E6149B022B00DD7EE6C8232E4ACA
:1095E0001CA9521812685B009A4202DC039B0B2BE9
:1095F00007DC0B21012016F0C0FF052800DC6BE61C
:109600006BE6FA23244A1CA9521812689B009A425E
:1096100000DC79E60721032016F0AFFF0B234000A2
:10962000181A079B984200DD6DE66DE60D9D002837
:1096300000DC8BE607222B0001960094524202992F
:109640000398FEF72FF80125032800DD7DE66B4621
:1096500034229B181D7878E6069B002B00D011E77A
:109660000B9B022B00DC0DE71F9B64331F9309E764
:10967000002720E7029A97E70023002D00DB24E56E
:109680000020030076E5C04615AB0200AC2E00209A
:10969000BC2E00204C050000FC040000F0B5DA4BA5
:1096A000A7B010AC1A002100203261CA61C161CAA2
:1096B00061C161CA61C121CA21C14C331BAA23CB3C
:1096C00023C223CB23C223CB23C203CB03C200225A
:1096D0000320CE4FCE4B3D681A6068430A2118F034
:1096E00083FCCC4BC21C1A604422CB4BAD0004302F
:1096F0001860CA4E2B59CA4C33600AAB9B185B5991
:10970000C84920000A9317F03BF90A223968200063
:1097100017F09FF9C449200017F032F90A22316886
:10972000200017F09AF9C149200017F045F90321EC
:10973000012016F022FFBE4DBE4C2B6809905A1E28
:1097400050235343002211001B190C920C9A9200D3
:1097500099500C9A01320C92142AF7D10D21012054
:1097600016F00BFF2B6809280BDC5A1E50230999B1
:1097700053436522012900DD6F220026E2500027B5
:109780000DE05022013B53430A2800D031E13A68F2
:10979000022A00DC2DE100260127A74AE2500B2116
:1097A000012016F0EAFE082800DC28E150232A6890
:1097B0000999013A5343E418012900DD1DE19F4B4B
:1097C000636001230D93DB180B93002E00D143E15E
:1097D0000921042016F0D1FE01235B4205930023EA
:1097E000962204938D4B01001B689200934200DD8A
:1097F000130003930123029301930A9B0122009318
:10980000022005235242FFF7F9FA8D4B1421186804
:1098100018F0D0FC8B4B0C001B6800200793844B86
:1098200007991A681423013A53430B9A9B18642230
:1098300052424A437F499B00121B5A50FFF71AF8C5
:109840000A2017F00FFC0B9B079A013308930C2397
:1098500053437D4A1B199B0098580A2118F0AAFC13
:1098600001200E91652116F088FE684B05001968ED
:10987000F020013118F0B8FB1438A84234DD02237F
:109880005B4205930023AF220493644B92001B6854
:10989000934200DD13000393022309220293013B4C
:1098A0000193009221000A3A0798FFF7A7FA1421C2
:1098B00064275F4B7F421D68089B013D4D43ED18B7
:1098C000604BAD001B685F435D4B186818F072FC7D
:1098D000584B7F1A0020EF50FEF7CCFF0A2017F0FC
:1098E000C1FB0B9B023308936521012016F045FE56
:1098F000464B07001D68F020290018F075FB14384E
:10990000079BB84200DCE2E0012B00DDE9E0002E1D
:1099100009D1424A4D4B12689A4204DC099B092442
:10992000012B00DC063C00270F97012F00DC24E10F
:10993000C8210020890016F020FE384D2B6898427F
:1099400000DC1AE1AF210020890016F016FE2B681A
:10995000984200DC11E1079B032B00DC0DE1089B22
:10996000112B00DD09E12C4B00221B6801255B4215
:109970000593E123DB0003930223002702930733BF
:10998000049201920093013A083B21000798FFF7E7
:1099900035FA2C4B1E680F210D2016F0EEFD244ADF
:1099A000244BB04206DA0E990A98814202DC002D5F
:1099B00000D18DE10899132900D189E111681422A1
:1099C00001394A4308991E485218642171430668B8
:1099D000920076189E50089B002001330893FEF7F2
:1099E00049FF0A2017F03EFB089B132B9DDD27B093
:1099F000F0BD174A0126E250C1E6164BE0E600230F
:109A00000D930133E0E6C046D4990200A42E002055
:109A1000243600202C25002028250020803300201B
:109A20008C500020C89B0200D09B0200DD9B0200EE
:109A3000F02B0020E4050020410600004206000053
:109A4000AC2E0020BC2E0020249C0200AF0400009D
:109A5000460600004A06000002246442002F17D088
:109A60000B21022016F089FD9622A24B0594049644
:109A70001B6801009200934200DD13000393022350
:109A8000012002930A9B0190009300220523BAE66D
:109A9000099B012B18DC0521022016F06EFD962291
:109AA000944B059404961B6801009200934200DDDC
:109AB0001300039301230220012201930A9B0290C9
:109AC0000093524203239EE60B210820E5E7022B78
:109AD00000DC1CE7032D00DD19E70D9B002B00D0F7
:109AE00015E7844B099A1968834B1B685B42012A6E
:109AF0002BDC002E35D1059303910923032100931C
:109B0000049602910196083B32001800FFF776F99F
:109B100014217A4B1D68089B013D4D43ED18784B8D
:109B2000AD001F6864235F43764B186818F042FB52
:109B3000754B7F180020EF50FEF79CFE0A2017F0AF
:109B400091FA089B01330893E1E6002E09D10593B1
:109B50000391032309210293049601960091023B8D
:109B6000D2E7059303230022029306330391009367
:109B700004920192083B0621C7E7079B063B082B8E
:109B800052D80523062201930A3B00935242002338
:109B900021000798FDF786FD042307220193083B67
:109BA000060000935242002321000798FDF77AFD3A
:109BB000864200DA0600012E36DC611D0C2900DD2C
:109BC0000C21601F002800DC012016F0D6FC079B4A
:109BD0000700981F002800D10130079B6425591EFB
:109BE00016F0CBFC454B45431A681423013A534306
:109BF000089AED199B18444A9B00444F9D50089BBE
:109C0000434901333800089316F0BAFE0A223100A6
:109C1000380016F01EFF3F49380016F0B1FE0A2248
:109C20002900380016F019FF0D9A324B002A04D093
:109C3000099A012A03DC052C03DD1D6807E0062CC8
:109C4000FBDD1D680321280018F0CEF945192A4BC9
:109C500021001B6803955A4205920F9A02932E4BDE
:109C600004921B68002201930A9B079800930E9BA5
:109C7000FFF7C4F8234B14211B6818000B9318F04E
:109C800099FA0B1B0F931E4B0D001E68079B234A6E
:109C9000F71A0B9B142B15DD0C2373435B18FA2169
:109CA0009B00D058890018F09FF9FA21890018F01C
:109CB00081FA08000A2118F07DFA2C000E9107960F
:109CC000002568E60C2373435B189B00D058F1E72E
:109CD00014251268013A5543089AAD186422564378
:109CE0000F4AAD00B618074A1268B6185E510C9BB1
:109CF000089370E68033002028250020F02B0020F8
:109D0000BC2E0020AC2E0020E40500208C5000204A
:109D1000059C0200129C02002C250020249C0200BD
:109D200010270000F0B58FB017F066F9C04BC1499D
:109D30001D68C14B451B9D4201DCC04A0A60C04EF4
:109D40003268632A00D100E1FA200824000107905C
:109D50009D425FDCBB4B187800285BD0B748571E8C
:109D600008600020187050235343B749BC465B1865
:109D700014218F007F420139D8510029F9D1604662
:109D8000503141436520CC27AF4B4042C850591851
:109D90004F60632A2ED16921AC4A4942A218920031
:109DA000D150AB4A0239A2189200D150A94AAA490F
:109DB000A2189200D150A94AA949A2189200D150E4
:109DC000A84AA949A2189200D150F622D200A74968
:109DD000A2189200D150A64AA649A2189200D150CA
:109DE0006F21A54A4942A2189200D050A34AA21856
:109DF0009200D15001270422A14B38001F60A14BD3
:109E00001A600223A04A1360A04A1360FEF732FDD5
:109E10009F4B1F60874A1368AB4200DB93E00799B2
:109E20005B1813600122874B98491A700B68A34294
:109E300000DB8DE09B180B600F68A7420FDB5025FD
:109E400033689449013B5D437F4B5D196B68DA17BA
:109E50009818504018F0AEF98E4BC9186960013C53
:109E6000A74210DB502433688A49013B5C43764BA0
:109E70001B59DA1798185040079318F09BF9854B37
:109E8000C918714B1951804B834A1868804B1F6861
:109E90007C4B1968814B1D686B420793032868DD72
:109EA00003233B409C4662D1654C2368012B5ED165
:109EB0000426764216607A4F604A3A606F420597F0
:109EC0000392674607220295009204970C3A019686
:109ED000FEF794FF1421642524686C4B013C4C432D
:109EE0001B686D42E4186F4BA4001B685D436E4B0A
:109EF000186818F05FF9544B6D1AE5500020FEF712
:109F0000B9FCC82017F0AEF868490BA816F04EFE51
:109F10005F4C0A22216808A816F067FE08A90BA862
:109F200016F025FF624D0100280016F03BFD08A841
:109F300016F0EDFD0BA816F0EAFD280016F015F856
:109F40002368013323600FB0F0BD04245948FEE6B6
:109F5000980033685A1E502353433B4AD3180022BB
:109F60009D186D689D5004329042F9D164E70A282B
:109F70003FDC032313600122494B0E2F41DC962462
:109F8000A4001C6005236C42059400240494444CF6
:109F90003B4F2468029503943F4C2468009301943E
:109FA0003B68FEF72BFF404B14211D68280018F07A
:109FB00001F93C4B404A1C68324B1960324B1C6023
:109FC0000C2363435B189B00D058132D25DC0A211A
:109FD00018F0F0F8142332683960013A53432B4AE1
:109FE00012689B1864225443174A9B006519D55088
:109FF00084E701230B2800D103231360032252427C
:10A00000BAE71D2F04DCE124A4001C600723BAE793
:10A01000FA24E4001C600923B5E7FA21890017F04F
:10A02000E3FFFA21890018F0C5F80800CFE7C04621
:10A0300004360020F82D00206F1700007017000074
:10A04000F02B002025250020E4050020AB070000B0
:10A05000AC070000AD0700006AFEFFFFAE0700007E
:10A0600043FDFFFFAF07000039FDFFFF78FCFFFF56
:10A07000B107000074FCFFFFB2070000B307000047
:10A08000F02D0020EC2D0020FC2D0020F42D0020D0
:10A09000E82D0020102700002C2500202825002076
:10A0A00080330020BC2E0020AC2E00204F9B0200ED
:10A0B00090490020B80B0000249C0200F0B56E4FC0
:10A0C00089B03D680A21280018F074F800266B4C0E
:10A0D000072900D0A9E04D233C2D02DC282D4BDDC3
:10A0E000252323600A21280017F07EFF644E654D6A
:10A0F000013030606449280016F0D0FD634F644998
:10A10000380016F059FC380014F0A0FEFFF7C6FA2C
:10A1100000230193380014F089FE002831D0390063
:10A1200005A816F0D5FC05A9280016F0B1FD05A874
:10A1300016F0EDFC2368072B38D10A22316802A8FB
:10A1400016F053FD02A905A816F098FD514905A87F
:10A1500016F01AFE290016F00AFE01004E4816F00D
:10A160007DFD05A816F0D3FC02A816F0D0FC012056
:10A17000FEF780FB09B0F0BD1123142DB1DC216086
:10A18000B0E7142016F06EFF2C23019AFF339A4299
:10A1900003D14249380016F00FFC019B01330193B3
:10A1A0001A0096235B009A42B4D1C3E7112B12D157
:10A1B0000A22316802A816F018FD02A905A816F0B7
:10A1C0005DFD344905A816F0DFFD290016F0CFFD2E
:10A1D00001003348C3E7252B12D10A22316802A8B7
:10A1E00016F003FD02A905A816F048FD294905A8A7
:10A1F00016F0CAFD290016F0BAFD01002948AEE7A5
:10A200004D2BB4D10A22316802A816F0EEFC02A947
:10A2100005A816F033FD1F4905A816F0B5FD290065
:10A2200016F0A5FD0100204899E70A2539680800C5
:10A230000F38002800DC01200F31632900DD642184
:10A2400016F09BF95023206001385843174BC35830
:10A25000002B02D1013D002DE8D10020032E00D1BA
:10A260000120FEF707FBFA2001364000FDF70AFA4D
:10A27000042EDAD17EE7C0460C350020F02B0020FA
:10A28000A42E00202C360020A79B02008C5000201A
:10A29000B59B02000C9C0200E42B0020B99B02003D
:10A2A000C02B0020CC2B0020D82B0020E405002060
:10A2B000074B10B5986F18F01FFF064B064A186041
:10A2C000FA2312685B009A4201D9FFF7F7FE10BD2E
:10A2D0007C3400200C3500207C330020F0B5B649DA
:10A2E00099B0342278310BA81BF04DFA16F084FE99
:10A2F000B24B1B68C31A0293029AB14B9A4200DD1B
:10A30000AAE0B04B1A78002A00D1A5E00121002470
:10A31000AD4A1C701160AD4BAD4AAE4D1A60286855
:10A3200018F00AFFAC4EB067300004F099FA96229C
:10A33000AA4BD2009A181C705C709C7003339A422E
:10A34000F9D1A74908A816F031FC0A22296805A806
:10A3500016F04BFC05A908A816F009FDA14C010058
:10A36000200016F01FFB05A816F0D1FB08A816F078
:10A37000CEFB200015F0F9FD642016F073FE9A491B
:10A3800008A816F013FC2B68984A013B9B009958CB
:10A3900005A816F00BFC05A908A816F0E8FC0100BA
:10A3A000200016F0FFFA05A816F0B1FB08A816F079
:10A3B000AEFB200015F0D9FD642016F053FE8C4949
:10A3C00008A816F0F3FB2B688A4A013B9B009958BA
:10A3D00005A816F0EBFB05A908A816F0C8FC0100BB
:10A3E000200016F0DFFA05A816F091FB08A816F079
:10A3F0008EFB200015F0B9FD7F4C8049200016F03F
:10A40000BFFA0A222968200016F023FB200014F06E
:10A410001DFD0026B2000BABD4586421200017F0BC
:10A42000C9FE0D00601A0024642117F0DDFD230031
:10A430002200290000940700FCF7C4FF0C230094BD
:10A44000591B2200230038000136FCF7BBFF0D2EFC
:10A45000E0D16B48FCF726FA5C4A029913688B42FC
:10A4600000DBA6E001205749087059495B181360CA
:10A4700096225A4BD200991800221A705A709A707C
:10A4800003338B42F9D1F62302AA5B421383F633DE
:10A49000FF3393765B4908A800F0C5FD0026242110
:10A4A00002AAB3005218D4584031200017F082FE9F
:10A4B0000D00601A0024642117F096FD230022008D
:10A4C000290000940700FCF77DFF0C230094591B22
:10A4D0002200230038000136FCF774FF0D2EDED178
:10A4E000394D2B680293029F04330393039B9F42D1
:10A4F0003ED02821380017F05DFE0BAB00292FD08D
:10A500000B290CDC013189005E586421300017F002
:10A5100051FE0C00701A642117F066FD10E0162938
:10A520001ADC1822511A89005E586421300017F095
:10A5300041FE0C00701A642117F056FD0C231C1B01
:10A54000029B00219F4210D001230A0000912100AC
:10A55000FCF738FF0137C9E7212902DC1539E2E7AA
:10A560002C2121220D39511ACDE70B000122EDE7F4
:10A57000254908A816F01AFB0A22296805A816F032
:10A5800034FB05A908A816F0F2FB164C01002000C8
:10A5900016F008FA05A816F0BAFA08A816F0B7FAE5
:10A5A000200015F0E2FC1648FCF77CF92B6801331B
:10A5B0002B6019B0F0BDC046D499020004360020CB
:10A5C000C309000024250020E02D0020E42D0020F8
:10A5D000C4090000F02B0020E8330020CC2E00201E
:10A5E000EF9A020090490020FB9A020054040020D8
:10A5F000FE9A0200040000208C500020349B0200D0
:10A6000038360020733300204F9B0200F0B587B02E
:10A6100016F0F2FCCA4BCB4D984215D9CA4C2378A0
:10A62000002B11D1C949280016F0C6F9C8492800E5
:10A6300016F0A6F9C749280016F0A2F9C649280065
:10A6400016F0BAF901232370C44B1B78002B02D0FB
:10A65000C34802F0C1F8280014F0E8FBC14E0028FE
:10A660001BD0290003A816F033FABF4C03A9200021
:10A6700016F00EFB03A816F04AFABC4903A816F020
:10A6800095FA200003A916F01CFC040003A816F09C
:10A690003EFA002C01D001233370B54C200015F098
:10A6A0003BFC00281BD0210003A816F011FAAE4C89
:10A6B00003A9200016F0ECFA03A816F028FAAB491B
:10A6C00003A816F073FA200003A916F0FAFB0400A1
:10A6D00003A816F01CFA002C01D001233370337844
:10A6E000002B2AD0A34903A816F060FA9E4C03A9B8
:10A6F000200016F0E6FB070003A816F008FA002F6A
:10A7000052D0A3680222210003A816F00BFC9A4C39
:10A7100003A9200016F0BCFA03A816F0F8F92000EF
:10A7200016F01EFC954B1860431E012B01D96328BF
:10A7300036D116F061FC924B1860924B1B68012BCE
:10A7400004D1FCF727FD9048FCF7ACF88B4C23684C
:10A75000012B01D0632B01D1FFF7E4FA2368022B10
:10A7600001D1FFF7BBFD0023884A33701368013322
:10A770001360FCF7FFFE16F03FFC854B984202D9B0
:10A780000122844B1A60844C257816F035FC834BEB
:10A79000834203D2002D01D00023237007B0F0BD07
:10A7A0000120FEF767F8C8E77D4903A816F0FEF917
:10A7B00003A9200016F085FB070003A816F0A7F9EF
:10A7C000002F05D00120774A137843401370E8E743
:10A7D000754903A816F0EAF903A9200016F071FBE9
:10A7E000070003A816F093F9002F15D0A3680222E2
:10A7F000210003A816F096FB6C4C03A9200016F06C
:10A8000047FA03A816F083F9200016F0A9FB684B5D
:10A810001860FEF711FA90E7664903A816F0C6F92A
:10A8200003A9200016F04DFB070003A816F06FF9EE
:10A83000002F02D0FDF7CCFF7FE75F4903A816F099
:10A84000B5F903A9200016F03CFB070003A816F099
:10A850005EF9002F18D0A3680222210003A816F089
:10A8600061FB524C03A9200016F012FA03A816F05F
:10A870004EF9210003A816F001FA03A8FEF72CFAFE
:10A8800003A816F044F958E74C4903A816F08EF9CE
:10A8900003A9200016F015FB019003A816F037F964
:10A8A000019B002B27D0A3682100022203A816F0E9
:10A8B00039FB3E4C03A9200016F0EAF903A816F074
:10A8C00026F9A3689F4212D23900200016F006FB39
:10A8D0003B4A0378D3550137142FF2D13949280068
:10A8E00016F04EF82100280016F05CF825E720222B
:10A8F000334BDA55EFE7344903A816F057F903A9AB
:10A90000200016F0DEFA070003A816F000F9002F69
:10A910005ED0A3680222210003A816F003FB234C9B
:10A9200003A9200016F0B4F903A816F0F0F82000EF
:10A9300016F016FB254B1860FFF7C0FBFDE6C0467E
:10A94000983A00008C50002000360020B9A0020088
:10A95000089B0200329B0200149B0200002E002084
:10A96000F8370020A02E0020942E00200C9C02001E
:10A9700090490020A49B0200F42B0020F02B002023
:10A9800004360020C82E0020383600207C330020FA
:10A9900000286BEEA035002026250020409C0000FA
:10A9A000D3A00200A82E0020A19B0200C82C0020EA
:10A9B000642B0020D6A00200D9A00200DCA0020077
:10A9C00010360020DFA00200E8A002000C350020B5
:10A9D000404903A816F0EAF803A9200016F071FA1E
:10A9E000070003A816F093F8002F10D03A4928006A
:10A9F00015F0C6FF3949280015F0C2FF3849280074
:10AA000015F0BEFF3749280015F0D6FF95E6364908
:10AA100003A816F0CBF803A9200016F052FA07009D
:10AA200003A816F074F8002F09D0304B30491A787B
:10AA3000012353402D4A1370E5D12E49E3E72E49F7
:10AA400003A816F0B3F803A9200016F03AFA07009D
:10AA500003A816F05CF8002F05D06322274B1A607C
:10AA6000FCF75EFC69E6264903A816F09FF803A9E7
:10AA7000200016F026FA070003A816F048F8002F69
:10AA800002D0FCF71FFC58E61E4903A816F08EF80A
:10AA9000200003A916F015FA040003A816F037F8F1
:10AAA000002C00D149E61849280015F085FF6420E4
:10AAB00016F0D8FA16F0A0FA144B984200D83CE6EB
:10AAC000BFF34F8F124B134ADA60BFF34F8FC0466C
:10AAD000FDE7C046EBA00200EEA00200089B0200CA
:10AAE000329B0200149B0200F1A00200002E002005
:10AAF000F4A00200FDA0020007A10200DC29002052
:10AB00000AA102000DA1020010A1020010270000FE
:10AB100000ED00E00400FA0510B5054C200014F02B
:10AB200085F9002803D0200014F0BCF9F5E710BD2A
:10AB30008C50002008B4024B9C46043808BC604787
:10AB400019AB000010B5024814F0ACF9C0B210BD4A
:10AB50008C50002008B4024B9C46043808BC604767
:10AB600045AB0000F7B5204D036F040028000193AA
:10AB700014F0AAF9002834D0280014F057F900285E
:10AB80002FD02800270014F08DF9184E7837C2B264
:10AB90003900300008F066F9032815D12300C433CA
:10ABA0001B68032B0BD123009C331B68012B06D1A0
:10ABB000230094331B681B78012B00D101933900CB
:10ABC000300008F057F8D7E70428D5D1084B094AD8
:10ABD0000321094804F0EFFC236820001B6C984710
:10ABE000CAE70198FEBDC0468C500020BC29002059
:10ABF000AEA002006CA00200E43D002070B5056F1D
:10AC00000400061D002D17D001DB022D18DD2300E6
:10AC100074331A78002A0AD0002530001D7007F01E
:10AC200029FE08F0BDFA290008F0EDFA256730008A
:10AC300007F0CDFA206F70BDFFF794FF2067E6E7BD
:10AC4000300007F08BFD431C03D0022806D0256797
:10AC5000DDE7300007F00EFE0025F8E70500F6E717
:10AC600010B5024814F000F910BDC0468C50002009
:10AC700008B4024B9C46043808BC604761AC000035
:10AC800010B504000B4B03600B4B4360983015F07C
:10AC90003EFF20008C300CF099FB200080300CF03F
:10ACA00095FB200074300CF0E9FD201DFCF71AFE26
:10ACB000200010BD489802009498020010B50400CE
:10ACC000FFF7DEFF200016F091FA200010BD000013
:10ACD0001FB50224074B010001A81C600CF088FC82
:10ACE000019B054A2100054804F065FC01A815F008
:10ACF0000EFF1FBDB8290020789F0200E43D002010
:10AD00001FB50122084B010001A81A600CF070FC6D
:10AD1000019B064A0221064804F04DFC01A815F0EB
:10AD2000F6FE05B000BDC046B8290020A39F020072
:10AD3000E43D002010B500F065FA00F082FB10BD84
:10AD4000FF2301220370002352424380C3608260CC
:10AD500043607047F7B50400019115001F0016000D
:10AD6000002B01DC17000026236820001B69984790
:10AD700003237343019A6761D3186360236820003B
:10AD8000DB6A9847011E08D0084817F02DF9084FD4
:10AD90007B68834200D203007B6000F033FAAA1B79
:10ADA000210000F06BFB2000FEBDC04640420F00BA
:10ADB0003836002070B50D4C060023685A1C2260FE
:10ADC0008B4212DB16F018F9094D2B68C11A00D11D
:10ADD0000131FA2023688000584317F07BF80023E4
:10ADE0007080236016F008F9286070BD5437002089
:10ADF00058370020F7B50500009100F003FA00F085
:10AE0000E6FA6B68344C002B06D016F0FBF823688A
:10AE1000C01A6B689842F4D316F0F4F8EB6820601F
:10AE2000002B03D0A96800989847009000262B4F6C
:10AE30003C68002C1FD0402E1DD0E37CB200019254
:10AE4000002B14D0236820005A6ADB6901929847CE
:10AE5000019B010020009847214BB20098506B885D
:10AE60000136632B01D80023A374A468E1E71C4AD0
:10AE7000B1005350F3E740263C68002C0DD0E37C32
:10AE8000002B06D0236862695F686168009B200020
:10AE9000B847013EA468002EEFD100260F4B1C6876
:10AEA000002C0ED0402E0CD0E37C002B06D0226864
:10AEB0000B49B300926AC958200090470136A46834
:10AEC000EEE719212800FFF775FFFFF733FF00F0C9
:10AED00099F900F099FAF7BD483700204C37002067
:10AEE0004836002010B50248FFF72AFF10BDC046C3
:10AEF0003836002001207047704700000E4B0122B9
:10AF00000833036000230D49436101830321C376A5
:10AF100043608360013BC3600382094BC274827447
:10AF20001A688176002A00D11860064B1A68002A38
:10AF300000D090601860704730A5020070170000C4
:10AF40004C3700205037002010B50300406800281F
:10AF50000BD05B69002900DA1900994200DD190065
:10AF600003224A4300211AF02AFC10BDF0B50F005D
:10AF700087B001920C370F3105000C000A000198D0
:10AF8000390000F02CF80326020405AB120E1870ED
:10AF90005A701B88000204A9000E0B8088703200D2
:10AFA00028001AF0F0FB22003900FF2000F017F80B
:10AFB000020403AB120E18705A701B8802AA138089
:10AFC00013000002000E90701900A81932001AF048
:10AFD000DAFB6B4628001B79AB7107B0F0BD37B5C3
:10AFE00000236C462380A37098420FD0CC5C002CC9
:10AFF00009D0D55C002D06D0013501346C436D4677
:10B000004443240CEC540133032BEFD16B461A88D4
:10B0100099781000FF23120A184012020B401B04FB
:10B02000104318433EBDF0B502784478D500EBB22A
:10B030009C4686785623604620274343402017408D
:10B04000104052B21B0A002A58DB002842D1002FC0
:10B0500005D1D843C0B21A0003003D0003E05533C8
:10B06000DAB2AB230500FF2C1AD0002C00D16CE023
:10B07000E443E4B2644324120134E0B2C443E4B2D2
:10B08000013463431B12DFB262431212D2B2654332
:10B090002D12EDB23F1812182D18FBB2D2B2EDB23C
:10B0A0001400FF2E12D030007043741EA64100120F
:10B0B0003618F4B2002C4CD0601C43431B12DBB298
:10B0C00042431212D4B245432D12EDB28D700B7073
:10B0D0004C70F0BD002F0BD16246AB255543552275
:10B0E0002D125242551B563BEDB2DAB22B00B4E79B
:10B0F0000020DA431D00D2B20300B4E7002811D1CA
:10B10000002F0BD1AB25634655225D4352422D0AD9
:10B11000521BD2B25535EDB23B00A4E7DD4302002D
:10B12000EDB2A0E7002F09D11A005532D2B2552551
:10B130006D42ED1AEDB213003A0094E71F00563F3E
:10B14000FFB200225525ED1AE5E7FF252A002B0066
:10B15000A6E725002300B9E770B5051E09D0C40095
:10B1600020001AF0DBFA051E03D0220000211AF09D
:10B1700026FB280070BDF7B5050000240E00046012
:10B1800001926960A960A1420DD00800FFF7E4FFB9
:10B190002860002803D00300019A82CA82C30134C8
:10B1A0000830A642F5D12800FEBD0000F7B5012702
:10B1B0000E4E0F4D34683C4015D1802221002C707A
:10B1C0000C481AF0FCFA2B0008336A462100DC67B1
:10B1D000094800940194FFF7CEFF084A0849280067
:10B1E000376016F035FB2800FEBDC0465C370020F6
:10B1F0006037002064370020E8370020000000207E
:10B200006DB2000010B5FFF7D1FF10BD0322031D82
:10B21000DB6F02409200DB009B18C0187047037878
:10B2200010B5002B05D0883083680068DA008018DC
:10B2300010BD0430FFF7EAFFFAE70430C36F002BBC
:10B2400002D0013BC367F9E7704703000022903347
:10B2500010B5083B9A6004001868904201D01AF0BB
:10B2600067FA201DFFF7E9FF200010BD10B50400AC
:10B27000FFF7EBFF200010BD30B5041DE26F0F2A71
:10B280000BD8032303409B00D5005B19C01800288E
:10B2900001D028C928C00132E26730BDF7B5426845
:10B2A00005008A4220D2032353430C005B089942D5
:10B2B00000D21C002000FFF74FFF00220300019086
:10B2C000A9682868914209D9D100002B03D0401801
:10B2D0001900C0C8C0C101320833F1E7002801D00D
:10B2E0001AF026FA019B18C5F7BD436810B58B42CA
:10B2F00001D2FFF7D3FF10BD70B5040083680D00C5
:10B30000591CFFF7CBFFA26863689A4208D22168F4
:10B31000D300CB18002B01D003CD03C30132A260B0
:10B3200070BDF0B500260500031D87B00C00067047
:10B3300080223100180002932F001AF040FA2B00EF
:10B3400088370833DE6704AA310038000496059672
:10B35000FFF711FF23780193B3421DD023008833F8
:10B360009F4214D099681C68C900631801932B0090
:10B3700090331E60C9103800FFF7B7FF019BA3424E
:10B3800005D021003800FFF7B7FF0834F6E70123A6
:10B3900028002B7007B0F0BD261D2B1DB34214D022
:10B3A000032333409B000834281DE76F0393FFF706
:10B3B00044FF019CA74208D0039BE100F318C91881
:10B3C0000298FFF759FF0134F4E70023E0E730B5B6
:10B3D000A7B001006846FFF7A4FF6B461B7801ACDD
:10B3E000002B00D0229C6846FFF719FF0500A542FC
:10B3F00005D02068083403689B689847F7E76846DB
:10B40000FFF723FF27B030BD30B5A7B00100684675
:10B41000FFF787FF6B461B7801AC002B00D0229C06
:10B420006846FFF7FCFE0500A54205D020680834F9
:10B430000368DB689847F7E76846FFF706FF27B021
:10B4400030BD30B5A7B001006846FFF76AFF6B4614
:10B450001B7801AC002B00D0229C6846FFF7DFFE72
:10B460000500A54205D02068083403681B69984789
:10B47000F7E76846FFF7E9FE27B030BDF0B5A7B0A3
:10B480000D00010068461600FFF74BFF6B461B7866
:10B4900001AC002B00D0229C6846FFF7C0FE0700DD
:10B4A000A74207D020683200036829005B699847EB
:10B4B0000834F5E76846FFF7C8FE27B0F0BD836D96
:10B4C000C26D1B6870B50400002093420DD0981A1D
:10B4D000C317C018584017F02FFE2169012516F038
:10B4E000DDFE002800D1051CE8B270BDC26D836D81
:10B4F0001A607047836D1B68C365704701207047F1
:10B50000836D006E1B68181A431E9841C0B27047C5
:10B51000826D70B5C16D1468050000208C4215D095
:10B520002B005C3318008C4200D3100000688C4262
:10B5300000D813001B680124C01A17F047FE2969C0
:10B5400016F0ACFE002800D1041CE0B270BDC26D44
:10B55000836D1A607047836D1B68C3657047012057
:10B560007047836D006E1B68181A431E9841C0B265
:10B5700070470120704770471FB50400064901A8B5
:10B5800015F014FB210001AA5C31200003F02CFA15
:10B5900001A815F0BCFA1FBDDAD002007FB5040087
:10B5A0000E00836D08491D6801A815F0FFFA3300ED
:10B5B00001AA2900200003F0B3F8040001A815F047
:10B5C000A6FA200004B070BDDAD002001FB5040056
:10B5D000064901A815F0EAFA210001AA5C31200011
:10B5E00003F020FA01A815F092FA1FBDDAD002008C
:10B5F0007FB504000E00836D08491D6801A815F091
:10B60000D5FA330001AA2900200003F0ABF80400AA
:10B6100001A815F07CFA200004B070BDDAD0020059
:10B62000010010B56831806D15F0F3FB03000120B7
:10B630005840C0B210BD00001FB50400064901A863
:10B6400015F0B4FA210001AA5C31200003F026FABB
:10B6500001A815F05CFA1FBDDAD0020030B5040075
:10B660000D0087B0816D684615F008FB094903A8F5
:10B6700015F09CFA2B0003AA6946200003F0B6F8E7
:10B68000040003A815F043FA684615F040FA2000BC
:10B6900007B030BDDAD00200030010B55C30996D00
:10B6A00015F0DCFA10BD010010B55C31806D15F0AD
:10B6B000D5FA10BD010010B55C31806D15F0A9FB05
:10B6C000030001205840C0B210BD000010B50400B6
:10B6D000024B08C015F01BFA200010BD4C97020069
:10B6E00010B50400FFF7F2FF200015F07FFD2000E9
:10B6F00010BD000010B50400024B08C015F007FA99
:10B70000200010BD4C97020010B50400FFF7F2FFB7
:10B71000200015F06BFD200010BD000010B50400E6
:10B72000074B0360683015F0F2F920005C3015F02B
:10B73000EEF92000034B08C015F0E9F9200010BD18
:10B74000C8A502004C97020010B50400FFF7E6FF01
:10B75000200015F04BFD200010BD000070B5040066
:10B760000D0002F073FE2000064B29002360A56542
:10B770005C3015F083FA20002900683015F07EFA5D
:10B78000200070BDC8A5020070B5002504000E4B56
:10B790000E4E03600E4B4560C36085603100103073
:10B7A00015F004FA20000B491C3015F0FFF92000B9
:10B7B0003100283015F0FAF9200029000C2234302D
:10B7C00019F0FDFF200070BDF4A5020010A60200D4
:10B7D000BC3D002035A60200F0B585B01E000AABC6
:10B7E0001B78039115000024012B04D0023B1C00A0
:10B7F000631E9C41013403680B9A9B69114F01320F
:10B8000014D198472A00039901970096230003F06A
:10B8100033FAFA220D99520002F052FE0C9902F00E
:10B820004BFE0E9902F04AFE05B0F0BD9847039911
:10B830000197009623002A0003F01EFA0B9902F0EC
:10B8400044FEEBE795BC0000F0B505008DB00F009D
:10B8500074201600079315F0C1FC39000400FFF7AF
:10B860007DFF310009A815F009FA0123159A5B4202
:10B870000492149A21000392139A28000292129AB9
:10B880000192079A009209AAFFF7A6FF09A815F0EE
:10B890003EF90DB0F0BD70B58AB004000D0007A8E8
:10B8A00011001E0015F0EAF90123119A5B4204927F
:10B8B000109A290003920F9A200002920E9A009685
:10B8C000019207AAFFF788FF07A815F020F90AB030
:10B8D00070BD0C31890041184B6810B5002B00D0A9
:10B8E000984710BD0121064A10B513680B4006D1D8
:10B8F000044811608360044A044915F0A9FF10BD93
:10B9000088290020C829002000000020EB610000E9
:10B9100010B5036800211B68984710BD8068431E5E
:10B9200098417047FA22110010B51030D201C900B9
:10B9300008F041FF10BD000010B5002805D1054BEF
:10B94000054A3021054819F0FFFB03681B6898473A
:10B9500010BDC0464CA60200DCA602005EA6020096
:10B9600070B504000E4B002208330360250001234C
:10B970002435836041601100103008F012FF280068
:10B980000C22002119F01BFF2200002344326562C3
:10B99000A562A363236420001370537070BDC0467A
:10B9A000C4A60200FA22110010B50400D201103022
:10B9B000C90008F000FF2200002344324534137010
:10B9C0000220237010BD000070B5A4B005A90A00C4
:10B9D0000400204B61CB61C21B6813606068FFF7F5
:10B9E000ABFFA36B002B10D0682200210AA819F02E
:10B9F000E6FE08232000FF3309930AA93030E36BE9
:10BA0000984709A96068FFF797FF03F029FE010036
:10BA100002A815F0CBF8C0239B000093029B694657
:10BA200060680193FFF788FF282200210AA819F017
:10BA3000C6FE022309A9FF3360680993FFF77CFF64
:10BA40002000103008F0D8FE02A815F060F803209E
:10BA500024B070BD3CA6020070B50600103604008C
:10BA6000300008F0E0FE00250A2805D82300443302
:10BA70001B78AB4202D00325280070BD300008F0CF
:10BA8000C7FE0028F7D0453423780225002BF3D0D9
:10BA9000024A0349300008F0A9FEEDE700881300D0
:10BAA000204E000070B51225FF350400C560002946
:10BAB00001D00B68C360A368022B12D0032B14D0F3
:10BAC000012B03D12000FFF76DFF0300E268501F38
:10BAD000FF3807281AD816F0DFF91C0C13191919AA
:10BAE00019182000FFF770FFEFE72000FFF7B4FF01
:10BAF000EBE72300012244331A705A70032305E058
:10BB00002300002244331A705A700123E560A360B9
:10BB100070BD2300012245331A70EFE70020704703
:10BB20009030704710B5006803685B6B984710BD94
:10BB3000012A03D0022A03D0002070470160FBE7EE
:10BB40000B680360F8E707B5C26803000191002A9B
:10BB500001D115F090FE04301B6901A9984707BD7B
:10BB600037B504000F4D104B2800104A022103F096
:10BB700022FD2800A36A0E4A022103F01CFD2300C7
:10BB8000FE346289FC33009228001B68094A0221B6
:10BB900003F011FD2800084B084A022103F00BFDB9
:10BBA00037BDC046E43D002035A6020022A90200B0
:10BBB00045A9020053A9020066A902006CA902006F
:10BBC000F8B51F000D00160007F0A6FC0368320050
:10BBD0001C6829003B00A047F8BDF8B51F000D0008
:10BBE000160007F099FD036832001C6829003B002D
:10BBF000A047F8BD70B50500022A07D0032A0ED071
:10BC0000012A01D10B680360002070BD0C200C6874
:10BC100015F0E4FA030046CC46C32860F4E7006858
:10BC200015F0E4FAF0E710B5036809685A689C68F3
:10BC3000501020181B68D20701D50268D3589847C6
:10BC400010BD10B583680400002B02D00322010050
:10BC50009847200010BD000010B50400074B03609A
:10BC6000283014F054FF20001C3014F050FF200046
:10BC7000103014F04CFF200010BDC046F4A50200A7
:10BC800010B50400FFF7E8FF200015F0AFFA200020
:10BC900010BD000010B5024BD86803F09DF910BD2F
:10BCA000F8370020F0B5040087B00025FFF76CFDE1
:10BCB0002000454B2A0008332360290025644430C6
:10BCC00008F06FFD0C20049515F088FA3F4B456095
:10BCD00003608460029020003D4B022205933D4B9F
:10BCE00002A904933C4B6566A3655C30FFF782FFB5
:10BCF000059B2700A366049B02A863660193FFF7D8
:10BD0000A0FF2000583739006C3000F019FF2000E8
:10BD10003900B030FFF724FE2000304EFC303100F7
:10BD200014F044FF200080220B3029005200FF3025
:10BD300019F045FD83239B00E5500433E55404339B
:10BD4000E0180AF0BFFB86239B00E01809F09CFF77
:10BD5000C9239B00E5540433E01803F08BFFCA238A
:10BD60001F4A9B00E2501833E018290009F07AF8C6
:10BD70001C4B3100E01814F019FF8323DB00E0189E
:10BD8000310014F013FF184B3100E01814F00EFFCF
:10BD90008623DB003100E01814F008FF134BE01895
:10BDA00003F068FF124A114B3900E250114BE018C2
:10BDB00002F088F89223DB00E55001F03CFF01F02F
:10BDC00087FD200007B0F0BD9CAB020001C9000058
:10BDD00027BC0000F5BB000018A70200DAD0020063
:10BDE00024A702000C040000240400003C0400000E
:10BDF00090A7020054040000F0B504008FB01E00AC
:10BE000014AB1D78604B0027C1541100FC3014F0B6
:10BE100025FF2300FE335E8126005C4B5C49E55420
:10BE20001733FF33E21828332764E250103BE5183C
:10BE3000280009F065F82800564909F078F828002C
:10BE4000554909F076F82800A16A0AAD09F06AF8A8
:10BE500028365249280014F0A9FE3100280014F0B9
:10BE600086FF4F4914F090FF010006A814F006FF6A
:10BE7000280014F04CFE4B4B06A9E01814F008FF04
:10BE800006A814F044FE4549280014F08FFE310046
:10BE9000280014F06CFF444914F076FF010006A856
:10BEA00014F0ECFE280014F032FE8323DB00E018CF
:10BEB00006A914F0EDFE06A814F029FE20006C304F
:10BEC00000F0E6FD2000B030FFF72CFD6368022291
:10BED0000693364B06A90993354BAF6028000893AB
:10BEE000FFF726FE099B04AE0293089B0822290057
:10BEF0003000039319F047FC2300E0339C461900FF
:10BF00002A0009C909C2634606CE06C31A6828007A
:10BF10000C92039A1A605A680D92029A5A60FFF7BF
:10BF200090FE06A8FFF78DFE03F09AFB010006A81D
:10BF300014F03CFE1F49280014F038FE290006A822
:10BF400014F030FF0600280014F0E1FD06A814F0FC
:10BF5000DEFDBE420CDA03F083FB174B0090174A5C
:10BF60003900174803F027FB3D0028000FB0F0BD53
:10BF7000A06801250028F8D03A00390005F024FA1D
:10BF8000A06805F0B5F9F0E7110200001202000008
:10BF9000F5C6000030750000DC05000011AB0200A2
:10BFA00017AB02000C0400001DAB020025BB000013
:10BFB00031BB000023AB020019AC020029AB020028
:10BFC000E43D0020F0B58BB0049210AA168811AAA7
:10BFD0001278040005920200FC3241601900100042
:10BFE000039214F03BFE23000122F8331A608523EC
:10BFF0009B00E0580AF0D6FC051E08D1234B244ACA
:10C000002900244803F0D7FA28000BB0F0BD85239F
:10C0100021009B00E7180C22283138000AF00AFBA7
:10C02000051E02D1194B1C4AEAE7C9239B00E35CB9
:10C03000002B0BD1862189000A22611838000AF0F2
:10C0400073FA051E02D1114B144AD9E7002E00D114
:10C05000134E25002000FA22FA21FE356E81D2010E
:10C060004430890008F0A7FB039907A814F006FEE6
:10C07000059A6B8904990092200007AAFFF7BCFE7D
:10C08000050007A814F043FDBEE7C04613AC02004C
:10C090006AAA0200E43D0020A6AA0200D7AA020074
:10C0A000B522000010B5040080680223002808D0E3
:10C0B00005F032FD0023042803D1A06805F089F9BA
:10C0C0000223180010BD10B50400806805F024FD9F
:10C0D0000123042803D1A06805F07BF90723180089
:10C0E00010BD00000300CA2210B50400F83392000E
:10C0F000801861681A6802F0DFFD0A4B6168E01879
:10C1000002F0DBFD6168E06802F06CFE064BE35C68
:10C11000002B05D002F09CFF6368986802F0A8FF2E
:10C12000032010BD3C0400001102000010B5040003
:10C13000406803689B689847022801D0032010BD1F
:10C140004434200008F05FFB002809D0200008F0EC
:10C150005AFB0028F2D0200008F05AFB0028EDD04E
:10C160000420ECE710B5C06802F006FF01000520CE
:10C17000002905D10348044B044A03F01CFA0320AC
:10C1800010BDC046E43D0020D8AB020085A90200E6
:10C19000F0B506001036040089B0300014F05EFDE2
:10C1A0008623DB00E518A369002B39D13B4902A89F
:10C1B00014F0FCFC02A9280014F06AFD02A814F097
:10C1C000A6FC374BE718A369002B3CD1334902A8E2
:10C1D00014F0ECFC02A9380014F05AFD02A814F087
:10C1E00096FCD0239B0029000022E01809F0C0FA39
:10C1F0002C4D071E3AD18623DB00E3580100009343
:10C20000294A2A4B280003F0D6F939002800284A89
:10C2100003F0D1F92749300014F040FD09B0F0BD1A
:10C22000254905A814F0C2FC310005A814F09FFDB3
:10C23000224914F0A9FD010002A814F01FFD05A871
:10C2400014F065FCB6E71C4905A814F0AFFC3100FA
:10C2500005A814F08CFD1A4914F096FD010002A8FF
:10C2600014F00CFD05A814F052FCB3E720000623DF
:10C2700005A9FF33B0300593FFF714FC2800114ADD
:10C28000022103F098F9280023690F4A022103F0E4
:10C2900092F901212000FFF71CFBBFE7DAD0020072
:10C2A00024040000E43D002010A80200C0AB0200FE
:10C2B00041A8020010A6020000A8020006A8020081
:10C2C0000BA802008BA80200AAA80200862330B5A2
:10C2D000DB00C118F03B85B00400C01809F0A7FAD4
:10C2E000124D011E0AD18623DB00E358104A009349
:10C2F0002800104B03F05FF905B030BD2000832308
:10C3000003A95B00B0300393FFF7CCFB20000A4980
:10C31000103014F0C3FC2800084A022103F04BF946
:10C3200002212000FFF7D5FAE6E7C046E43D0020F1
:10C33000B7A80200CCAB020010A60200ECA80200D5
:10C3400070B504000068844204D0056814F04EFF04
:10C350002800F8E770BD000001210B4A70B5136892
:10C360000A4D0B4006D10A48116083602A00094932
:10C3700015F06EFA084C2000FFF794FC2A000749DC
:10C38000200015F065FA70BD88290020000000200B
:10C39000C8290020EB610000F837002091C9000097
:10C3A00003001A6C10B50020032A04DDD02292008D
:10C3B000981808F022FE10BD10B5036C0400032B82
:10C3C00009DDD0239B00C01809F082FB0022024B3C
:10C3D000E2540723236410BD12020000D0239B0007
:10C3E00073B5C6180400300008F007FE184D011E92
:10C3F00029D1184B184A280003F0DDF80C2320003F
:10C40000FF3301A96C30019300F00CFC200001A95E
:10C41000B030FFF747FB114A0221280003F0CBF8A8
:10C4200020000221FFF755FA0D4B0820E35C002B9A
:10C4300008D02000FA22FA214430D201890008F005
:10C44000BAF9032076BD300009F042FBD6E7C046BA
:10C45000E43D0020E8AB0200C4A90200ECA8020001
:10C4600012020000D0239B00F0B5C518030007009E
:10C47000FE3387B00593FC3704005A8939682800D9
:10C4800009F008FB061E21D083232800C925DB0004
:10C49000E1180022AD0009F06BF9635D002B02D1B9
:10C4A000062007B0F0BD86239B00E118043B0A225A
:10C4B000E0180AF015F80028F2D00F4B0F4A0221BD
:10C4C0000F4803F078F800236355E9E72000443073
:10C4D00008F092F9059B28003C685F8908F02BFD65
:10C4E0000197029000940648034B064A310003F07E
:10C4F00062F80320D5E7C046FAAB0200F7A90200B4
:10C50000E43D00202EAA0200D023F0B59B00E3B04A
:10C5100000AFC3180D003B6019000823FA1804008F
:10C52000D01808F0EFFC6A46EB1DDB08DB00D31ADD
:10C530009D466E467B607B68F31A9D4205DD386838
:10C5400008F044FC30700136F5E70823FA18D118DA
:10C550008623DB00E01814F05CFC002806D02000E5
:10C5600000232A007968903000F01AFF0823FA1897
:10C57000D1188323DB00E01814F04BFC00283FD0D7
:10C58000594B0820BB602C210C23FD603D18FB1883
:10C590007A6869182800FFF713FB022830D07B6BFC
:10C5A000D81EFF380E282BD815F076FC08592A2AF9
:10C5B0002A2A2A7D2A2A2A2A952A74000822302328
:10C5C000B918C918BA181C3BD01814F0EFFA7B6AD6
:10C5D000002B1DD120004549103014F05FFB822351
:10C5E000082220005B00BB62BA18E43BB030D118CF
:10C5F000FFF758FA08221423BA18D01814F087FA53
:10C600000823FA18D01814F082FABD4663B0F0BDC2
:10C610002500F4352B78002B0FD00822142320009E
:10C62000BA18D118103014F0F4FB002802D1200001
:10C63000FFF74CFE2B78002BDCD108262025142395
:10C64000BA19D118501914F019FBBB195919200047
:10C65000FFF79EFDBB19581914F059FACAE72300D9
:10C66000F4331B78002B11D0082630232025BA196B
:10C67000D118501914F09AFA2000BB19591910302A
:10C6800014F0C7FBBB19581914F041FA2000FFF74A
:10C690001DFEB5E7082220002C23BA186C30D118F3
:10C6A00000F0C0FAACE72000FA6BB96B90300123C0
:10C6B00000F076FE250008222C23BA186C35D1181C
:10C6C000280000F0AFFA20000021FFF702F9B86B54
:10C6D00019F02EF894E7064B0822E0182C23BA181C
:10C6E000D11801F0C3FC8BE7FCA7020010A60200E2
:10C6F0005404000010B501000148FFF705FF10BD0C
:10C70000F837002073B51D00D0239B00C418002308
:10C710001600019300932A00200008F07FFD0028F6
:10C7200001D1002076BD2A003100200008F0ACFCC9
:10C730000028F6D0200009F0DEF9431E9841F1E709
:10C74000D023F0B59B00C71885B00400380008F06E
:10C7500054FC002803D10724200005B0F0BD2500BB
:10C760006C35280000F07BF90028F4D02600B036A4
:10C770003000FFF7D3F80028EDD0380008F0F2FDC4
:10C7800084239B00E35C002B18D08327BF00E15972
:10C79000002913DD0F4901A8611814F06FFA220077
:10C7A0000B32E359FF3201A92000FFF7ABFF01A8CC
:10C7B00014F0ADF9842200239200A354F434300025
:10C7C000FFF7A6F823780624002BC5D0280000F038
:10C7D00040F9C1E72404000070B5040002F034FC05
:10C7E000206C072808D815F057FB0433373B3F432C
:10C7F000474B2000FFF756FC206402F025FCA068A0
:10C80000002808D0236C022B05DD05F085F90528EA
:10C8100001D101232364236C032B18DD1E4D625BC1
:10C82000012A31D91D4B0021E01801F01FFC922391
:10C83000DB00E358002B0AD0625F032A07D1984738
:10C84000002804D00223164AA15A0B43A35270BDFC
:10C850002000FFF738FCCFE72000FFF743FCCBE7D1
:10C860002000FFF763FCC7E72000FFF77BFCC3E76E
:10C870002000FFF7F7FDBFE72000FFF761FFBBE7F0
:10C880002000FFF7ABFDB7E7D0239B00E01808F0CE
:10C89000B4FB0028C6D1CAE77E040000540400009F
:10C8A0005C040000F0B5040010000022C7B0029242
:10C8B000019201320F000093FF3202AB06A900F093
:10C8C000DDFE002819D1029A002A16DD25008326F4
:10C8D0000B35B600FF35A25106A9280018F053FF0A
:10C8E000390003A814F0CAF9A3592A0003A92000AB
:10C8F000FFF708FF03A814F00AF947B0F0BD0000E5
:10C90000802330B55B00C7B001931C4B0A680293CB
:10C91000852304000D005B009A4211D1184BC11809
:10C9200006A814F0ABF92300220020009C339032BB
:10C9300006A9FFF7B7FF06A814F0E9F847B030BD25
:10C9400001AB06AA02A8FFF748F900280FD1019B06
:10C95000002B0CD00B4B03A8E11814F08FF9019BAE
:10C9600006AA03A92000FFF7CDFE03A8E4E72B6881
:10C97000054A0021054802F01EFEDFE70CA7020071
:10C98000240400000C04000010A90200E43D002073
:10C99000234B10B50833234A0360234B0400C250D5
:10C9A000C01801F011FC8623DB00E01814F0AFF88A
:10C9B0001E4BE01814F0ABF88323DB00E01814F0F2
:10C9C000A6F81B4BE01814F0A2F8D0239B00E01847
:10C9D00008F00EFA86239B00E01809F031F92000D8
:10C9E000FC3014F094F823002000124AB0331A608F
:10C9F000E030FFF726F92000D430FFF7A1FC20003B
:10CA00000D4B9030E366FFF79BFC20000B4B5C3036
:10CA1000A365FFF716F92000FFF71EF9200010BDEF
:10CA20009CAB0200A8AD02005404000024040000E6
:10CA30000C040000CCA6020040AC020018A70200C3
:10CA400010B50400FFF7A4FF200014F0CFFB200076
:10CA500010BD10B5036800211B68984710BD83689E
:10CA6000D817C01AC00F704710B5002805D1054B64
:10CA7000054A3021054818F067FB03681B68984792
:10CA800010BDC0464CA6020050AC02005EA60200DB
:10CA9000F0B5040087B0642014F0A0FB050001F09D
:10CAA000D5FC224B22492B6023003433AB65636BEA
:10CAB00003A8EB652B6614F079F8260001231D4FBF
:10CAC00024365B4203AA2900009301970333300008
:10CAD00002F0D2F8A06303A814F019F8A06B01F0DB
:10CAE000FBFC642014F07AFB050001F0AFFC22008F
:10CAF000114B3C322B60E36BAA65EB652B660F494B
:10CB000003A814F053F801235B4203AA2900009301
:10CB100001970333300002F0AFF8206403A813F04C
:10CB2000F6FF206C01F0D8FC07B0F0BD70A5020044
:10CB30001FAC020095BC00009CA5020029AC0200BD
:10CB400070B504000D4B002208330360250001235B
:10CB50002435836041601100103007F022FE280068
:10CB60000C22002118F02BFE00236562A562200034
:10CB700023636363A363E363236470BD38AC020083
:10CB800037B5040010340500200007F03CFE0028F3
:10CB900010D1200007F047FE00230A2810D82000FB
:10CBA00007F02AFE842301A95B0068680193FFF760
:10CBB0005BFF04E0200007F02BFE0028E9D10223F0
:10CBC00018003EBD13B50400243001F0E5FFA06B52
:10CBD00003689B68984700281BD0A06B0368DB683C
:10CBE0009847206C0368DB689847E26B616B0C48E0
:10CBF00002F05EF9852301A95B0060680193FFF7ED
:10CC000033FFFFF747F80023E26B82425B41981C39
:10CC100016BD206C03689B6898470028DDD1E9E7C2
:10CC2000BC3D002070B51226FF360400C660002906
:10CC300009D088220B685200C360934203D14B682D
:10CC400043638B68C363A568022D1AD0032D1DD0E2
:10CC5000012D05D120001449103007F0A5FD013544
:10CC60000C22E368FF32934214D00532934215D070
:10CC70000A22FF3293420ED1A368022B0BD1032567
:10CC800009E02000FFF77CFF0500E9E72000FFF73F
:10CC900099FFF9E70125E660A56070BDE26B616B65
:10CCA000024802F005F9F6E730750000BC3D0020AF
:10CCB00070B5C37B04000D00DB0709D507F0C8F988
:10CCC0002860E37B9B0701D5C0432860002070BD2E
:10CCD0008089F5E710B50400783013F018FF2000C4
:10CCE000443013F014FF2000283013F010FF200010
:10CCF000083013F00CFF200010BD10B5837BA02B73
:10CD000001D00D2010BD07F0F3F90028F9D1013052
:10CD1000F8E713B50400A3680B20002B0BD0A37B0E
:10CD20000230002B07D101A920000193FFF7C0FFBB
:10CD3000002801D00D2016BD200007F09BFA002826
:10CD4000F8D1019B0630002BF5D003385A1CF2D0E5
:10CD500001309A1CEFD00130DA1CECD00230022BEB
:10CD6000E9D00130032BE6D00130042BE3D00130B1
:10CD7000062BE0D00838DEE710B507F07BFA0D236C
:10CD8000002800D10C3B180010BD73B5837B050053
:10CD90000E000D20002B07D101A928000193FFF7F9
:10CDA00087FF002801D00D2076BD0124019B34713E
:10CDB0003360280007F05EFA0028F4D12000F3E782
:10CDC00030B5837B87B00D000D24602B1AD1002372
:10CDD00002AA0193029301A9030007F08FFA002829
:10CDE00010D1019903A813F0E1FE280003A908302F
:10CDF0000C3C13F033FF2C7503A813F088FE019848
:10CE000018F096FC200007B030BD0000F0B5837B21
:10CE10008FB007000C000192602B48D1002304AAB8
:10CE20000393049303A9030007F068FA0D25002873
:10CE30003AD12500039905A813F0B8FE28350398C8
:10CE400018F076FC05A9280013F008FF01232E49ED
:10CE50002B730BA813F0AAFE0BA905A814F05CF81D
:10CE600005000BA813F053FE284908A813F09EFEF6
:10CE70006B1C0CD06A1C079B05A90BA814F052F878
:10CE80000BA908A813F004FF0BA813F040FE01251E
:10CE9000443408A9200013F0E1FE257308A813F01C
:10CEA00036FE05A813F033FE28000FB0F0BD0D25A7
:10CEB000002BF9D108A90893FFF7FAFE0028F3D157
:10CEC0002300012640331E705E70089B089ADBB277
:10CED000A363230038331E71089B01991B126365FD
:10CEE000230054331E710BA8283401F097FE0BA9C0
:10CEF000200013F0B3FE2673380007F0BBF90028BA
:10CF000000D135000BA8CDE70C9C0200DAD002005E
:10CF100030B5837B87B00D000D24602B1AD1002320
:10CF200002AA0193029301A9030007F0E7F9002880
:10CF300010D10199783503A813F038FE0C3C03A9F1
:10CF4000280013F08BFE2C7303A813F0E0FD01986A
:10CF500018F0EEFB200007B030BD838910B55A1ED3
:10CF60009341012488310B704C7007F083F90D2335
:10CF7000002800D12300180010BD0000420470B545
:10CF800004008005D20E800D002A0CD117F090FE0F
:10CF90001822524214F072FC24B2002C02DA8023D0
:10CFA0001B06C91870BD1F2A08D08023193A150026
:10CFB000DB00C01817F07CFE2A00EBE7002801D147
:10CFC0000249E9E700200249E6E7C0460000F07F99
:10CFD0000000F87FF7B5837B04000D00002B13D110
:10CFE000C17B013319400DD007F032F8E37B9B077A
:10CFF00001D5C043C94315F0E5F9012628606960F1
:10D000003000FEBD8089F1E7FB2B02D107F020F84C
:10D01000F3E7FA2B04D107F01BF817F0B5FEECE7A5
:10D020000026F92BECD16B469F1D3900DE8007F0FE
:10D030003FF9B042E4D13888FFF7A0FF01362860FD
:10D040006960DDE737B5002300220C006946050062
:10D0500000920193FFF7BEFF002801D10D203EBDD5
:10D06000009A019BA261E361631C01242800DC7724
:10D0700007F000F90028F1D12000F0E737B50023D0
:10D0800000220C006946050000920193FFF7A2FF01
:10D09000002801D10D203EBD009A019BA266E366E7
:10D0A0002300012468331C72280007F0E3F80028ED
:10D0B000F0D12000EFE737B5002300220C006946CD
:10D0C000050000920193FFF785FF002801D10D2094
:10D0D0003EBD2100009B019C90310B604C600124FF
:10D0E00028000C7207F0C6F80028F0D12000EFE706
:10D0F00010B50449040013F059FD002320002373E8
:10D1000010BDC046DAD00200F7B50600A8200C001A
:10D1100014F064F8070008370500082221003800E1
:10D1200018F031FB210038000831083013F0A6FD5B
:10D1300028002100237D1022183120302B77270072
:10D1400018F021FB2B0028373033390018000193E9
:10D1500013F094FD280021003B7B019A38311373B2
:10D160004030082218F00FFB2B00A21CD28F48334E
:10D170001A801C37043339001800019313F07EFD28
:10D180003B7B019A343713732B0022005C335432FB
:10D1900003CA03C303CA03C3280021001022683155
:10D1A000703018F0F0FA2B0080333900180001932A
:10D1B00013F064FD3B7B019A2800137322002B00BF
:10D1C00021008832128890331A80903110229830D2
:10D1D00018F0D9FA3100280014F041FBB36801338C
:10D1E000B360F7BD70B505000468A54209D0200002
:10D1F00026680830FFF76EFD200013F0F7FF3400BB
:10D20000F3E770BDF0B593B005931BAB1B780490AA
:10D210000693130034331B78079115001A9F1C9C4A
:10D22000002B00D187E02E005B49283609A813F0B7
:10D23000BDFC31000CA813F021FD58490FA813F0D4
:10D24000B5FC0FA90CA813F067FE02900FA813F00D
:10D250005EFC0CA813F05BFC029B3100013300D193
:10D2600090E00CA813F00AFD029B00220CA90FA865
:10D2700013F058FE0FA909A813F00AFD0FA813F028
:10D2800046FC0CA813F043FC4349189813F0CFFD5B
:10D29000002822D1189909A813F0BBFD061E1CD145
:10D2A00018990FA813F0EAFC3968199B8C461B6883
:10D2B0000FA9029363441A000598069B009401F09D
:10D2C00087FC0FA813F023FC2000FFF78BFF199BAE
:10D2D00024606460A6601E603E606B1CDB7F002BD8
:10D2E00005D0A869E96915F031F8199B18602B0081
:10D2F00098331B78002B13D02B00386890331A68B2
:10D300005B680292039317F00DFD029A039B14F0E1
:10D310006DFF002804D00298039915F017F83860C3
:10D3200029002000FFF7F0FE09A9189813F096FCD9
:10D3300009A813F0ECFB0799049806F029FF0D25C6
:10D3400000281CD1049B05009B68002B17D118995D
:10D350000FA813F093FC199B0FA91A683B68059856
:10D36000D2180094069B01F033FC0FA813F0CFFBFA
:10D370002000FFF737FFA560246064600C352800AB
:10D3800013B0F0BD0FA813F079FC0FA909A813F092
:10D3900065FC0FA876E7C046DAD002000C9C0200BC
:10D3A000F0B50024C9B0069020AD22A807910892DC
:10D3B00009932C71FFF79CFE712304AA9B18DC775C
:10D3C0002AA8FFF795FE2FAB1C70B12304AA9B1867
:10D3D0001C7031A8FFF78CFE36AB1C7038AB1C708C
:10D3E0003CAB1C703EA8FFF783FEF92304AA9B18F0
:10D3F0001C7011AF46AB0EAE1C703F493800B460D4
:10D400000E96766013F0D2FB14AB009322000CABA7
:10D41000089907980A940B9406F05CFEA0420CD180
:10D420004E2204AB9B181B78802B06D118A914A898
:10D4300006F05EFE0D23A04211D0380013F067FB0A
:10D440003000FFF7CFFE2800FFF744FC49B0F0BDE5
:10D45000180004E01CA918A8FFF74FFC03000C28D3
:10D46000EBD00D28F4D814F00DFDF5070B0F1419AF
:10D4700023292E331E38F3E81CA8FFF74AFCEDE7FA
:10D480001CA8FFF779FCE9E729001CA8FFF77DFC41
:10D49000E4E729001CA8FFF793FCDFE729001CA89C
:10D4A000FFF7D0FDDAE729001CA8FFF704FED5E757
:10D4B000069A29001CA8FFF7A9FCCFE729001CA8A1
:10D4C000FFF7DCFDCAE729001CA8FFF721FDC5E72F
:10D4D00029001CA8FFF741FDC0E7099B04960393B0
:10D4E0000BAB02930AAB01930097069B2A001CA981
:10D4F00018A8FFF787FEB1E7DAD00200002905DDA2
:10D5000001390AD303681B680360F9E70131012977
:10D5100003D003685B680360F8E7704770B50500E7
:10D520000023040018358360C360280006F0CAFA9F
:10D530002100012228002831524206F073FB02200C
:10D5400070BD0000F7B5036804001B680D0001936F
:10D55000436801A81968FFF7D1FF0226019B2268E2
:10D56000934201D10620FEBD9F68380000F0B7FF4E
:10D5700000280DD0BB69B3430AD121002A78283195
:10D58000380001F001F8031E06D1A3680133A3603F
:10D59000E3680133E3600023A26821698A4202DB69
:10D5A000227D002A05D1002B10D1019B1B6801931D
:10D5B000D4E78022032012069342D4D0002BD1D08E
:10D5C000054A05209342CED00018CCE780220320E4
:10D5D00012069342C7D0F3E70203000042680168D5
:10D5E00013680A200133136089688B4289410B401C
:10D5F0001360704701238268037502611800002AD6
:10D6000000DC09307047010010B52831183006F0F1
:10D610001FFB43425841073010BD83685A1E012347
:10D62000026103751800002A00DC0930704737B525
:10D630000025036805751B6804000193436801A871
:10D640001968FFF75BFF2168019AE3688A4209D0F5
:10D6500090689D4206DA00F07AFF019B01351B6855
:10D660000193F0E7626810681B181360896809204D
:10D670008B4289410B4013603EBD0000F0B591B074
:10D680001C00169B0D000393160000230427029034
:10D69000092B3AD00A2BFBD8180014F0F3FB060E26
:10D6A000151A22262A2E32F94100002302AA0493D9
:10D6B0000593069313750133EEE73200290002A8A3
:10D6C000FFF72CFF0300E3E717A902A8FFF73AFFD3
:10D6D000F8E7049B0193019A0623002ADCDC3B0057
:10D6E000DAE702A8FFF77AFFECE702A8FFF782FF6C
:10D6F000E8E702A8FFF787FFE4E702A8FFF78DFF3E
:10D70000E0E702A8FFF793FFDCE70020049B8342D9
:10D7100004DD089B5D1B256011B0F0BD2060FBE7B8
:10D720000048F9E7FFFFFF7F704770477047704779
:10D73000704710B5040013F059FD200010BD10B55E
:10D74000040013F053FD200010BD10B5040013F0C9
:10D750004DFD200010BD10B5040013F047FD200062
:10D7600010BD10B5040013F041FD200010BD37B509
:10D770008B7B080015000224402B09D1111D0023CA
:10D7800001AA06F0BBFD002802D10400019BAB609A
:10D7900020003EBD252307B501938B7B0800602B3D
:10D7A00001D002200EBD111D002301AA06F014FDB8
:10D7B0000028F7D0F5E770B58B7B0C001500002B27
:10D7C00001D0022070BDCB7BDB0718D5080006F026
:10D7D0003FFCE37B9B0700D5C0436860200006F058
:10D7E00049FD0028EDD1A37B002BEAD1E37BDB07C9
:10D7F00007D5200006F02CFCA8600020E2E788890D
:10D80000E7E7A089F8E7252307B501938B7B08009C
:10D81000602B01D002200EBD111D002301AA06F0CD
:10D82000DBFC0028F7D0F5E710B5837B402B01D057
:10D83000022010BD002306F0CFFC0028F8D10130F3
:10D84000F7E7F7B50C0010231500111D200001AA01
:10D850000193FFF7E9FF022838D0200006F00AFD07
:10D86000031E33D1802252000192A27B602A2DD167
:10D87000290001AA1431200006F0AEFC002825D1B1
:10D88000200006F0F7FC002820D1290020231531C4
:10D8900001AAFF3120000193FFF7C6FF022815D02F
:10D8A000019F202F12D1200006F0E4FC061E0DD1AE
:10D8B00029003531FF3101AA20000197FFF7B4FF9D
:10D8C000022803D0019B3000202B00D00220FEBD97
:10D8D00070470000872337B52C4D5B0000932C4A1E
:10D8E0000023280005F0F4FE2A4C2B4B22000833BD
:10D8F0002A4928002B6013F0ABFF81238222284D98
:10D900005B00009352020023280005F0E1FE254B46
:10D9100022000833244928002B6013F099FF0423C8
:10D920008822224DFF33009352020023280005F085
:10D93000CFFE1F4B220008331E4928002B6013F036
:10D9400087FF0A2383221C4DFF33009352020023DA
:10D95000280005F0BDFE194B2200083318492800A5
:10D960002B6013F075FF8823164D5B000093280091
:10D97000154A002305F0ACFE144B280008332200A2
:10D9800013492B6013F064FF37BDC046903C002064
:10D99000000101000000002078AC020031D7000037
:10D9A000C03C0020A0AC02002FD70000A83C002003
:10D9B0008CAC02002DD70000F03C0020C8AC020067
:10D9C0002BD70000D83C002000090100B4AC0200B5
:10D9D00029D70000704770477047704770477047FD
:10D9E000704730B50D0085B014006946012228004B
:10D9F00006F018F9002802D0022005B030BD211D24
:10DA00002022684606F0E6F80028F5D1694628008D
:10DA100006F01EF90028F0D0EEE71FB50C0000223A
:10DA20006946200006F0FEF8002802D0022004B06B
:10DA300010BD6946200006F00BF90028F7D0F5E785
:10DA400030B50D0085B0140069460422280006F0A8
:10DA5000E9F8002802D0022005B030BD21001022D4
:10DA60000831684606F0B6F80028F4D1217E6846F1
:10DA700006F051F80028EED1E369E269DB17684649
:10DA800006F036F80028E6D1226A636A684606F096
:10DA900020F80028DFD16946280006F0D9F80028D0
:10DAA000DAD0D8E710B5040013F0A0FB200010BDB9
:10DAB00010B5040013F09AFB200010BD10B504004F
:10DAC00013F094FB200010BD10B5040013F08EFB82
:10DAD000200010BD10B5040013F088FB200010BD1D
:10DAE00010B5040013F082FB200010BD10B5040037
:10DAF00013F07CFB200010BD70B5050008000C0081
:10DB000019F0F2F821000200280006F077F870BD45
:10DB100030B50D0085B0140069460122280006F0DA
:10DB200081F8002802D0022005B030BD211D6846D2
:10DB3000FFF7E2FF0028F6D16946280006F088F8D2
:10DB40000028F1D0EFE730B50D0085B0140069462C
:10DB50000122280006F066F8002802D0022005B055
:10DB600030BD211D6846FFF7C7FF0028F6D1694682
:10DB7000280006F06DF80028F1D0EFE7481E00B548
:10DB800006281CD814F088F90415110D0813190083
:10DB900001211170197003E00221117001221A7025
:10DBA00000BD032111700222F9E70421FAE70521E3
:10DBB000F8E7062111700422F1E70721F2E70021BE
:10DBC000E7E710B508001100FFF796FF431E9841E4
:10DBD000400010BDF0B587B06B4614006A460D00DA
:10DBE000DF1D3B00063261680600FFF7C7FF3A7889
:10DBF00002A90132280006F015F8031E02D0022007
:10DC000007B0F0BD6A4602A8927905F062FF0028CD
:10DC1000F5D16368012B07D1220002A90832300038
:10DC2000FFF7CFFF0028EAD102A9280006F010F87C
:10DC30000028E5D0E3E77047862337B580223D4DC5
:10DC40005B00009352020023280005F065FE3A4C69
:10DC50003A4B220008333A4928002B6013F0F8FDB4
:10DC60000223384DFF330093374A0023280005F084
:10DC700053FE364B22000833354928002B6013F041
:10DC8000E7FD8423334D5B000093334A00232800D3
:10DC900005F042FE314B22000833314928002B6049
:10DCA00013F0D6FD80232F4D5B0000932E4A0023F6
:10DCB000280005F031FE2D4B220008332C492800A6
:10DCC0002B6013F0C5FD0E2381222A4DFF330093F4
:10DCD00052020023280005F01FFE274B22000833C4
:10DCE000264928002B6013F0B3FD10238422244D15
:10DCF000FF33009352020023280005F00DFE214B54
:10DD000022000833204928002B6013F0A1FD0823CE
:10DD10001E4DFF33009328001D4A002305F0FCFD33
:10DD20001C4B2800083322001B492B6013F090FD88
:10DD300037BDC046083D002000000020DCAC0200DA
:10DD4000E1D90000203D002000030100F0AC0200FA
:10DD5000DFD90000983D00200005010054AD02000D
:10DD6000DDD90000503D00200007010018AD020081
:10DD7000DBD90000803D002040AD0200D9D9000071
:10DD8000383D002004AD0200D7D90000683D0020D6
:10DD9000001101002CAD0200D5D9000010B50368B8
:10DDA00000211B68984710BD012070470120704773
:10DDB0000120704710B503689B6B9847052010BD84
:10DDC00007207047BFF34F8F034B044ADA60BFF35D
:10DDD0004F8FC046FDE7C04600ED00E00400FA05A5
:10DDE0000048704700200000054B0648064AC01A4C
:10DDF000064B80109B1A9B10C01880007047C046CD
:10DE00000020000064D602000000002068290020E5
:10DE100010B5836B1C69200018F066FF0023802872
:10DE200007D8C1B2200002F045FFC3B20620002B84
:10DE300005D0013BDBB2032B02D8034AD05610BDFC
:10DE40000C204042FBE7C04668AD020010B501F06F
:10DE500007FC034918F036FFC043C00F10BDC04691
:10DE60006CAD020010B50400034B0833036000F0F2
:10DE7000ABF9200010BDC046A0AD020010B50400F3
:10DE8000FFF7F0FF200013F0B1F9200010BD13B52B
:10DE9000040018F029FF0023C2B20193009321006F
:10DEA000622002F043FF012016BD000010B50348B8
:10DEB000FFF7EDFF0248FFF7EAFF10BD72AD020069
:10DEC00086AD020010B5040000F078F8024B200087
:10DED0000833236010BDC046A0AD02000389DA07F5
:10DEE00002D50322990703D5022293430381921896
:10DEF0001000704770B5036804005B6C0D00984714
:10DF0000002815D0280006F05BFB23682000DB6B9F
:10DF10009847236806001B6C2000984700230200E6
:10DF20003100280006F076FB236820009B6C9847A0
:10DF300070BD000010B5002805D1054B054A302101
:10DF4000054817F001F903681B68984710BDC046E3
:10DF50004CA6020030AF0200F8AD020030B50368F5
:10DF6000B7B01B6904009847092300281CD0202261
:10DF7000002102A817F023FC862325005B000193F3
:10DF800023680AA9DB6C20000A35984729000AA8F3
:10DF900006F0A8FB2022290002A817F0F4FB01A933
:10DFA0006068FFF7C7FF0223180037B030BD2A2290
:10DFB000835E8B4201D0838541857047054B41606C
:10DFC0000833036000230381438583850363436330
:10DFD00083637047D8AE0200F0B5836B8DB0040048
:10DFE0000191002B35D0FDF755FE242200210500BC
:10DFF00003A817F0E4FB0E231022FF33A16B04A843
:10E00000029317F0C0FB2A22A35E002B00DA08233C
:10E0100002AA1376280016F085FE134B002216F094
:10E020003BF8236B06000F009D4214D1636B581C14
:10E03000606316F077FE32003B0015F007F914F02C
:10E04000A3F90A900B91019B02A960680993FFF75D
:10E0500071FF0DB0F0BD14F097F900230A900B91F9
:10E0600063632563EFE7C04680842E4170B52A22A2
:10E07000835E04009AB20D00022A0BD92C21425E65
:10E080009A4207D0191C002B00DD002109B22000A4
:10E09000FFF7A2FF2A23E05EA085092827D813F006
:10E0A000FBFE050F14171A1D2023260E23685B693B
:10E0B00029002000984701002000FFF778FF70BD7D
:10E0C00023689B6920009847F5E72368DB69EFE741
:10E0D00023681B6AF6E723685B6AF3E723689B6A99
:10E0E000F0E72368DB6AEDE723681B6BEAE7236848
:10E0F0005B6BE7E7F7B5040010001F001600019105
:10E1000018F0F2FD013017F009FB05002061102224
:10E110000199200017F037FB3100280018F0DCFDD2
:10E12000202520002A003900143017F02CFB200095
:10E130002A000899343017F026FB2000FEBD0000AD
:10E1400073B505000C1E20D087230A685B000220EF
:10E150009A4219D1AB6B002B05D00D4B0D4A97217C
:10E160000D4816F0F1FF542013F038F82300220078
:10E17000211D35341533FF340600FF33143200946B
:10E18000FFF7B8FF0320AE6376BD0220FCE7C04670
:10E190005BAE020055AF02006EAE020010B5040087
:10E1A000006917F0C5FA200010BD70B5846B05003A
:10E1B000002C07D02000FFF7F1FF200013F016F825
:10E1C0000023AB6370BD000010B50400034B08339F
:10E1D0000360FFF7EAFF200010BDC046D8AE020082
:10E1E00010B5040003689B6B98472000FFF7DDFF24
:10E1F000022010BD012A03D0022A03D0002070475C
:10E200000160FBE70B780370F8E7012A03D0022ACC
:10E2100003D0002070470160FBE70B680360F8E75C
:10E22000012A03D0022A03D0002070470160FBE7D7
:10E230000B680360F8E7012A03D0022A03D000200C
:10E2400070470160FBE70B680360F8E7F8B50B0067
:10E2500089331D780400002D04D088310A780368C2
:10E260001A7010E00B0070331B78002B0BD08E6EF1
:10E27000CF6E002200233000390013F0B1FF0028D8
:10E2800002D023681D70F8BD0022054B3000390014
:10E2900013F0A6FF0028F6D023680122E0E7C0466D
:10E2A0000000F03F012A03D0022A03D0002070476B
:10E2B0000160FBE70B680360F8E710B50468886E3F
:10E2C000C96E16F0BFFC206010BD012A03D0022ADF
:10E2D00003D0002070470160FBE70B680360F8E79C
:10E2E00010B50468886EC96E14F030F8206010BD57
:10E2F000012A03D0022A03D0002070470160FBE707
:10E300000B680360F8E710B50468886EC96E16F0F4
:10E310008DFD206010BD012A03D0022A03D0002009
:10E3200070470160FBE70B680360F8E7012A03D040
:10E33000022A03D0002070470160FBE70B680360EE
:10E34000F8E71FB50468783101A812F097FC01A91D
:10E35000200012F083FC01A812F0D9FB1FBD70B59C
:10E3600002220500002308000C0005F0C1FB002874
:10E3700004D12A682000D31705F0BAFB70BD70B530
:10E3800002220500002308000C0005F0B1FB002864
:10E3900004D103002A68200005F0AAFB70BD70B507
:10E3A00004220500002308000C0005F0A1FB002852
:10E3B00005D1297820001431C9B205F0ACFB70BD3D
:10E3C00037B500230500022208000C0005F090FB81
:10E3D000002806D12B6801AAFA212000019305F03C
:10E3E000AFFB3EBD70B50400022A07D0032A0FD050
:10E3F000012A01D10B680360002070BD0C200E685B
:10E4000012F0ECFE0500310012F038FC2560F3E755
:10E410000468002CF0D0200012F079FB200012F0EC
:10E42000E5FEE9E770B503220568002308000C004B
:10E4300005F05EFB002808D12D68280018F054FC78
:10E4400029000200200005F0D9FB70BD134B10B568
:10E450001349040008C012F0A9FB00232361FA232A
:10E4600022005B00636100233032A361E361236219
:10E470006362A362E362937053701370013263634B
:10E48000A363E3632364A364E36401329377D377E4
:10E490001E329370D3702000636510BD4C9702004C
:10E4A000DAD0020070B5040016001D00043012F02E
:10E4B000D5FBA661256270BD4162704781627047DD
:10E4C0000023C3620161426170470123C362FA23E2
:10E4D0009B005943816370470123C3617047030068
:10E4E00070B530331B7805000124002B1CD00300CD
:10E4F00032331C78002C17D1013B1C78002C13D12F
:10E5000022331C78002C0FD1C36A002B0ED1036874
:10E510009B689847002807D012F06EFD6B6BC01AFD
:10E520006B6998426441E4B2200070BD012B05D1B3
:10E5300012F062FD6B6BC01AAB6BF2E7022BF3D1EA
:10E5400051352C78F0E70123533003707047323097
:10E550000378002B01D0002303707047436A10B585
:10E560000400002B00D09847236820009B68984740
:10E57000002802D001233134237010BD836A10B506
:10E58000002B00D0984710BD0300503370B51A70AF
:10E590000023C364036804005B699847051E10D11B
:10E5A000236820001B699847220001233032137032
:10E5B00055702132157095701F3A137012F01CFDC2
:10E5C0006063280070BD0000F0B50F008DB005003D
:10E5D0003F4938001600019312F029FC002802D1AF
:10E5E000EB6C0133EB642B0052331A7808A9531EED
:10E5F0009A410198023205F01BFB041E15D100223E
:10E60000002308A805F074FA041E0ED12B00503325
:10E610001B78002B0CD0EB6C08A81A02AB6CD2183C
:10E62000D31705F065FA041E2DD020000DB0F0BD03
:10E63000291D02A812F022FB2549380012F0F7FB31
:10E6400000280ED1234905A812F0B0FA390005A818
:10E6500012F08DFB010002A812F065FB05A812F074
:10E6600056FA029C200018F03FFB2100020008A887
:10E6700005F0C4FA040002A8002C02D012F047FAF8
:10E68000D3E712F044FAB368002B01D113F0F3F88A
:10E69000F36808A930009847041EC6D12B005233F6
:10E6A0001B78002B05D108A9019805F0D1FA0400C8
:10E6B000BBE70622002308A805F01AFA041EB4D10D
:10E6C00003006A6D08A805F004FA041EEBD0ACE75D
:10E6D000DAD002000C9C0200F0B51E0005000F000D
:10E6E00089B0110001A812F0C9FA0B4B04AC0793D2
:10E6F0000A4B220001A90693280033002770FFF778
:10E7000063FF05002000FDF79CFA01A812F0FFF955
:10E71000280009B0F0BDC0469FE30000F5E100000D
:10E7200070B51D0004000E0088B0110001A812F0A1
:10E73000A5FA0A4B04AA0793094B01A906932000E6
:10E740002B000496FFF740FF040004A8FDF779FAB8
:10E7500001A812F0DCF9200008B070BD5FE30000F2
:10E760000BE2000070B51D0004000E0088B011001F
:10E7700001A812F083FA0A4B04AA0793094B01A9D6
:10E78000069320002B000496FFF71EFF040004A848
:10E79000FDF757FA01A812F0BAF9200008B070BDD1
:10E7A0007FE3000021E2000070B51D00040088B086
:10E7B0000E1C01A8110012F061FA0A4B04AA07937B
:10E7C000094B01A9069320002B000496FFF7FCFEDD
:10E7D000040004A8FDF735FA01A812F098F920000A
:10E7E00008B070BDC1E3000037E2000070B50C0056
:10E7F0008AB01100050003A81E0012F03FFA2100A4
:10E80000684612F03BFA00230C20089312F0E6FC55
:10E810000400694612F070F90B4B06AA09930B4BE2
:10E8200003A90893280033000694FFF7CDFE0400E7
:10E8300006A8FDF706FA684612F069F903A812F077
:10E8400066F920000AB070BD25E40000E5E3000091
:10E85000002310B5C364036841649B69984710BDE9
:10E860000223826910B59A430400002A04D1036A86
:10E87000002B01D09847E06310BD016470478164AC
:10E880007047036810B59B6804009847002806D0BD
:10E8900023682000DB6898472000FFF75FFE10BD6B
:10E8A000836810B5002B01D112F0E5FFC3689847CB
:10E8B00010BD0000F0B595B0019106003A490198ED
:10E8C000150012F0B4FA002802D1F36C0133F3649E
:10E8D000776C019905A83C68049612F0CFF90023E3
:10E8E0000A93AB68002B08D00222290008A8984799
:10E8F000EB680B93AB6801930A93A74229D02300DE
:10E90000250049331B780835002B0FD023004833EE
:10E910001B78002B0AD0049BE26DDB6C9A4203D17A
:10E92000290008A8FFF7BCFF2468E6E721000CA82F
:10E930004C3112F0A3F905A90CA812F06AFA0028CC
:10E9400003D0290008A8FFF7ABFF0CA812F0DFF8EE
:10E95000EAE7049B05A90DA80C9312F0CDF808A9CD
:10E96000082202A816F00FFF10A9082208A816F026
:10E970000AFF02A9082210A816F005FF0A9B139AA5
:10E98000129300230A930B9B10A80B921393FDF78D
:10E9900058F90DA812F0BBF808A8FDF752F905A820
:10E9A00012F0B5F815B0F0BDDAD0020030B50400B1
:10E9B0000D0089B0110001A812F060F9084B04AAFB
:10E9C0000793084B01A9200006930495FFF772FFF7
:10E9D00004A8FDF736F901A812F099F809B030BD86
:10E9E0004DE20000A5E2000030B504000D0089B042
:10E9F000110001A812F042F9084B04AA0793084B32
:10EA000001A9200006930495FFF754FF04A8FDF721
:10EA100018F901A812F07BF809B030BDBBE2000084
:10EA2000CBE2000030B504000D0089B0110001A850
:10EA300012F024F9084B04AA0793084B01A92000FF
:10EA400006930495FFF736FF04A8FDF7FAF801A82E
:10EA500012F05DF809B030BDE1E20000F1E2000023
:10EA600030B504000D0089B0110001A812F006F9BC
:10EA7000084B04AA0793084B01A9200006930495AC
:10EA8000FFF718FF04A8FDF7DCF801A812F03FF823
:10EA900009B030BD07E3000017E3000030B5040003
:10EAA0000D0089B0110001A812F0E8F8084B04AA83
:10EAB0000793084B01A9200006930495FFF7FAFE7F
:10EAC00004A8FDF7BEF801A812F021F809B030BD86
:10EAD00043E300002DE3000010B5054C054920007C
:10EAE00012F064F8044A0549200012F0B1FE10BD8E
:10EAF000B03D0020A6AF0200000000200F0B020076
:10EB000070B590B00468050001A812F0B7F801A92B
:10EB100004A812F0B3F804A90DA812F0AFF80DA9DB
:10EB200007A812F0ABF80DA811F0F1FF07A90AA889
:10EB300012F0A4F8A54210D0A3680DA8191D12F078
:10EB40009DF80AA90DA812F064F906000DA811F0AD
:10EB5000DEFF002E01D12468ECE70AA811F0D7FFF0
:10EB600007A811F0D4FF04A811F0D1FF01A811F0FB
:10EB7000CEFF0020A54200D0A06810B070BD10B537
:10EB80000368984205D09A68946CA14202D01B6831
:10EB9000F7E70022100010BDF8B50600022705684F
:10EBA000AE4214D0AC6823682000DB699847002887
:10EBB0000BD0236820001B6A9847002805D0A36962
:10EBC000BB4302D12000FFF74BFE2D68E8E7F8BDFC
:10EBD00070B516001D00FFF793FF041E0FD0836968
:10EBE000013B012B0BD83100FFF747FE04992000B1
:10EBF000FFF72EFE002D03D02000FFF7BFFC70BDF5
:10EC0000E369002B03D123682000DB6898472000CC
:10EC1000FFF7A4FC2000FFF796FCF0E710B5040016
:10EC200008001100FF2A00DDD1B2FFF7A8FF00287D
:10EC300005D0011D200012F021F8200010BD02496E
:10EC4000200011F0B3FFF8E7DAD0020070B50D0034
:10EC500004001100531C01D18368591C2800FFF7E0
:10EC60000EFE0C2012F0BAFA2100856012F0F7FDBA
:10EC7000A3680133A36070BDF0B50C0085B011002E
:10EC8000050016001F00FFF73BFF002812D13100DE
:10EC900001A811F0F3FF0B9B3A0001A92000FFF738
:10ECA00001FC01A811F033FF28000A9A2100FFF7A8
:10ECB000CDFF200005B0F0BD7047704730B530255E
:10ECC0008DB004002A000021684616F078FD6A46DF
:10ECD000E32313700A4B0B4953800B4B7B220393A6
:10ECE00023682000DB6A984723682A0069465B682E
:10ECF00020009847236820001B6B98470DB030BD5B
:10ED000006ECFFFFA8AF0200314E313470B50D00A4
:10ED10000400002012F0F0FB11F01EFC290020007E
:10ED200011F02BFC70BD000030B503680400C0205A
:10ED30008DB021490002DD69FFF7E8FF81B22000B4
:10ED4000A8472000FFF7BAFF12F056F9050012F0AD
:10ED500053F91A4A401B2368904227D85B6B200066
:10ED600098470028F3D02368302269469B6B200027
:10ED70009847236820005B6A984729236B441978D9
:10ED80000AAB187811F004FC2B236B4419782A2362
:10ED90006B440400187811F0FBFB230403430020AC
:10EDA000834201D0064A98180DB030BD20005B6A3E
:10EDB00098470020F8E7C046FFFF0000E703000087
:10EDC0008081557C0023054A03608260044A0371F8
:10EDD0004371C360036142618361704780510100E8
:10EDE000005C260510B50160002102480EF012FEFD
:10EDF00010BDC046E03D0020036810B5181E06D0C7
:10EE00001A6892689047023843425841C0B210BD18
:10EE100030B5174C91B0216863680500194323D1C0
:10EE2000242207A816F0CBFC04AB05AA00931149D5
:10EE300003AB280017F0B2FE0F4D05A9280017F00C
:10EE40006BFF0321401B13F0CFF8039B0B4A0A937F
:10EE5000049B0B909B180C93012307A85B420F9314
:10EE600016F080FD206061602068616811B030BDDF
:10EE7000D83D0020B8AF0200B8B0020094F8FFFF00
:10EE800010B504000848FFF7C3FF0123074A5B429F
:10EE9000801859410123002902DC02D1A04200D987
:10EEA0000023D8B210BDC046C1AF0200213BFFFF16
:10EEB000104B73B51500CA180F4B04000E009A4290
:10EEC00016D82800FFF7DCFF002811D0A368B34252
:10EED00002D1E368AB420BD0084B01950096084A7B
:10EEE0000321084800F067FB0123A660E560637119
:10EEF00073BDC046BFA800009E6D0100EBB00200CC
:10EF000058B00200E43D0020F8B505000024FFF7EA
:10EF100073FFA04226D028688368072B18D1124FB0
:10EF2000124E134A01213B00300000F044FB2868D8
:10EF300003685B6998470400FFF7A2FF051E11D123
:10EF40003B000C4A0121300000F035FB2C0009E0A9
:10EF500003681B699847FFF7E7FE0400FFF790FF7F
:10EF60000028DCD02000F8BDDDB00200E43D002028
:10EF7000CDAF02001BB00200002373B5037183699B
:10EF80000400002B1DD098470500FFF779FF0028EB
:10EF900015D00D4E30000EF0E7FC401B0B4B0C4A19
:10EFA000009003210B48019500F005FB290030007B
:10EFB0000EF07EFC12F020F80123206123712079ED
:10EFC00076BDFFF7A1FFDFE7E03D0020FBB00200C8
:10EFD00085B00200E43D002010B5040012F00CF8EA
:10EFE0002379002B04D02369C01A6369984202D99F
:10EFF0002000FFF7C1FF2369002B03D003480EF068
:10F00000B3FC10BD0248FFF703FFFAE7E03D002024
:10F01000C1AF020010B503480EF038FC0248FFF7FC
:10F02000D1FE10BDE03D0020BC3D0020044B10B5DA
:10F030001B78002B02D003480EF054FD10BDC046D3
:10F04000E13D00204449002010B5FFF7EFFF10BD5F
:10F050000122FA2110B5044B89011A7003480022DD
:10F060000EF084FD10BDC046E13D00204449002063
:10F0700010B50249024800F066FB10BD49F00000DF
:10F08000F03D00200171704710B504009434030076
:10F090002068042808D81A6812F0FEFE03080A0C3B
:10F0A0000E00526C18009047206010BD926CF9E77A
:10F0B000D26CF7E7126DF5E7526DF3E70300943376
:10F0C0001A68012A03D90122027100221A607047CE
:10F0D000002303719430033303607047012905D086
:10F0E000022906D09830002901D070479C30026078
:10F0F000FBE7A030FBE7F8B5040011F07DFF250029
:10F100002100943590310B682E68C21A33001C33ED
:10F110009B00E3185B689A420DD9086023682000C1
:10F12000DB6B98470700864205D0236801001B6C03
:10F13000200098472F602868F8BD0B00010010B52B
:10F140000C316822180016F01EFB10BD10B5022904
:10F1500005D198300368002B00D0984710BD0429D2
:10F1600001D19C30F6E70629F8D1A030F2E7030080
:10F1700010B594331A6800239A4209D10A6894465C
:10F180008268944504D10C30682216F0FCFA012301
:10F19000180010BD0E4B70B5083300250360030046
:10F1A000040082600B4A45710171743343CA43C342
:10F1B00043CA43C312681A6011F01EFF2300903344
:10F1C00018605D609D60DD601D61200070BDC046FF
:10F1D0001CB1020000B10200BC307047A43070477F
:10F1E00010B5024800F07FFA10BDC046F03D002087
:10F1F00030B5094B87B000930A1D01AB31CA31C34A
:10F20000126806481A606A460B7D694613758022AB
:10F2100000F06DFA07B030BDD4D00200F03D002000
:10F2200010B58022014800F089FA10BDF03D0020A1
:10F2300010B58022014800F065FA10BDF03D0020B5
:10F24000F0B53A4D89B00600280000F042FA384C7B
:10F250000300384A2000022100F0CCF9280000F019
:10F2600038FAFF280CD1344A0021200000F0C2F9FE
:10F270002000324A002100F0BDF9062009B0F0BD9F
:10F2800000F0EEF92E4A03000221200000F0B2F94E
:10F2900000F0E6F9010002A811F088FC294F05A84A
:10F2A000390011F083FC05A902A811F07BFD019043
:10F2B00005A811F02CFC02A811F029FC019B002BE1
:10F2C0000DDA3B00204A0021200000F093F92000D5
:10F2D0001E4A002100F08EF91D4811F0C3FE2800DF
:10F2E000370000F0F6F91037032805D03200390056
:10F2F0003132280000F02FFA280000F0EAF93B0034
:10F3000003280CD0134A0021200000F073F92000DC
:10F31000736F114A022100F06DF90020AEE7200062
:10F320000E4A022100F066F90120A7E7F03D002017
:10F33000E43D00207CB102008EB10200DAB102008F
:10F34000F0B102000AB2020010B2020029B20200BB
:10F350008813000063B202007DB202009CB202007A
:10F3600010B5024800F08EF9042010BDF03D0020D9
:10F3700010B50400044800F089F900202379834285
:10F3800000D1053010BDC046F03D0020F8B50600A4
:10F39000174800F09EF90024032820D17379023425
:10F3A000002B1CD0336880221D6A124901233000D3
:10F3B000A847114D07000300104A2100280000F063
:10F3C00019F9002F0DDA0E4A0021280000F012F979
:10F3D0002100B36F0B4A280000F00CF9013C20001B
:10F3E000F8BD094A2100280000F004F9F7E7C046FB
:10F3F000F03D0020A8AF0200E43D0020DFB2020093
:10F40000EFB202007DB2020005B3020070B5124CEB
:10F410000600200000F05DF90225032819D0200025
:10F4200000F057F90D4C03000D4A0421200000F0B4
:10F43000E1F833000B4A10330021200000F0DAF825
:10F4400033796D19002B04D0074A0221200000F007
:10F45000D1F8280070BDC046F03D0020E43D0020FA
:10F460007CB10200AEB20200C7B20200012210B5A8
:10F4700004001100FFF78EFE2000064BA430083375
:10F48000236000F01FFD2000BC3000F06FFB200067
:10F4900010BDC0461CB3020000230122037083701C
:10F4A000C37002334360024B427083607047C046B2
:10F4B0008C500020B3B500AF13000D007A600A0035
:10F4C00000210400080018F001F86B46411C0830C8
:10F4D000C008C0001B1A9D462A007B68684617F0CA
:10F4E000F5FF63786946A068002B03D011F064FA39
:10F4F000BD46B3BD11F044FAFAE70000F0B5C37899
:10F500008DB00600002B31D011F076FDFA21890074
:10F51000070012F0DFFCE12185B22800090112F09A
:10F520005FFD8CB2E1212800090112F0D3FCFA2121
:10F5300085B28900380012F053FD200002913C2171
:10F5400012F04EFD89B2019120003C2112F0C2FC64
:10F5500080B200902B000A4A202104A817F0CCFAB0
:10F5600004A9B06811F00CFA0DB0F0BD11F044FD23
:10F57000044A0300202104A817F0BEFAF0E7C046B1
:10F580007CB3020095B3020010B5042905D8034BE3
:10F590008900C958806811F0F3F910BDA0B30200CA
:10F5A0000023042905D84268C80FD3178A42434173
:10F5B000DBB2180070470CB437B504000D00FFF73C
:10F5C000EFFF002812D0A378002B03D029002000E1
:10F5D000FFF7DAFF2378002B02D02000FFF78EFF21
:10F5E00007AA069920000192FFF764FF37BC08BC08
:10F5F00002B018470CB430B585B004000D00FFF719
:10F60000CFFF002819D0A378002B03D029002000B9
:10F61000FFF7BAFF2378002B02D02000FFF76EFF20
:10F62000089901A811F056FB09AA2000019900923F
:10F63000FFF740FF01A811F06AFA05B030BC08BC22
:10F6400002B01847014B58607047C046E43D0020A7
:10F6500010B50248FFF720FF10BDC046E43D002072
:10F6600010B501F095FA10BD030070B5044A04C34B
:10F670000A1D70CA70C312681A600B7D037570BDD5
:10F68000D4D0020010B501F0F7F810BD10B501F0AC
:10F69000AEF810BD70B501F04DF9431C0ED0FA253F
:10F6A0000A24ED00280011F0DDFC01F075F90028B6
:10F6B00003D1013CE4B2002CF4D140B270BD10B5CE
:10F6C000080001F093F910BD10B5080001F098F999
:10F6D00010BD10B501F004F910BD10B508001100FF
:10F6E00001F04AFA10BD10B501F07CFA10BD0020FF
:10F6F00010B50B00097D814200D11869110001F09D
:10F7000099FA10BD70B50E008CB004006846150063
:10F7100011F002F86946300001F02EFA00280AD0F4
:10F72000694606A8FFF7A0FF2A0006A92000FFF7F8
:10F73000DEFF0CB070BD03204042FAE710B5096847
:10F74000FFF7E0FF10BD41607047436810B5002B24
:10F7500000D0984710BDF8B5050008000E0017004E
:10F7600017F0C2FA0400380017F0BEFAE1B2C3B2D3
:10F770003A00300001F03CF80424431C14D011F08E
:10F780003BFC0024060011F037FC2B68801B9842DC
:10F790000AD22800FFF7D9FF642011F063FC01F0C2
:10F7A0009FF804000228EED92000F8BD0022024B89
:10F7B000024906C37047C046F03D002050C3000018
:10F7C00013B56B460268D9710733546819000122DA
:10F7D000A04716BD017570477047007CFF38431E77
:10F7E0009841C0B270470000F0B50E008FB0040021
:10F7F00002A8019210F090FF02AA31000B48FFF717
:10F800006CFF002810D0236803AADE69084B08A902
:10F81000089309ABA1CAA1C3126820001A6002AB09
:10F820001B7D019A0B75B0470FB0F0BDF03D002075
:10F83000D4D0020013B5069C080011001A0004ABD6
:10F840001B880194059C009400F014FF16BD10B5B0
:10F8500000F05CFF10BDF8B50500007C0E00140040
:10F86000FF2804D1012300246B602000F8BD002A8A
:10F87000F8D092B200F046FE002815D12B7D002B67
:10F8800003D1287C00F0D4FCECE72B682200DF6C6D
:10F89000310001232800B847041EF2D0287C00F074
:10F8A00073FE0028DED0E0E70400F7E710B5017C26
:10F8B0000020FF2902D0024800F034FB10BDC046F2
:10F8C000F83D0020036837B51B69040098470028FD
:10F8D00009D06B46DD1D217C01232A00034800F07E
:10F8E0005DFB28783EBD01204042FBE7F83D00204B
:10F8F00010B50C001300017C2200024800F04EFB02
:10F9000010BDC046F83D002010B5017C014800F054
:10F9100035FB10BDF83D002007B500236A46019372
:10F920001380007C01A900F019FF6B466A461B7822
:10F9300050781B02C01880B20EBD13B500236A4672
:10F94000040001931380087C01A900F007FF01A9BE
:10F95000200010F017FF200016BD00007FB5037CCB
:10F9600004000D001600FF2B02D003689B6A984725
:10F9700000F056FE2074FF2816D000222B7D934203
:10F9800000D12A69638A0021029302230090019327
:10F990000800330000F0F2FB23682000DB6A984780
:10F9A000431E984104B070BD0249034811F004F8A9
:10F9B0000020F7E7FFB302008C500020F8B50500E7
:10F9C0000E001700002B0AD00524BAB2287C3100A3
:10F9D00000F098FD002803D1013C002CF5D1002057
:10F9E000F8BD0000F0B5037C85B004000E001700E0
:10F9F000FF2B02D003689B6A984700F011FE0500B8
:10FA00002074FF2815D0300017F06EF9638AC1B258
:10FA1000029304230022019330003B00009500F084
:10FA2000ADFB23682000DB6A9847431E984105B070
:10FA3000F0BD0349034810F0BFFF0020F7E7C046C0
:10FA4000FFB302008C500020F0B5037C85B00400A9
:10FA50000E001700FF2B02D003689B6A984700F046
:10FA6000DFFD05002074FF2815D0300017F03CF9A9
:10FA7000638AC1B2029302230022019330003B004B
:10FA8000009500F07BFB23682000DB6A9847431E4B
:10FA9000984105B0F0BD0349034810F08DFF0020E8
:10FAA000F7E7C046FFB302008C5000207FB5037C0F
:10FAB00004000D001600FF2B02D003689B6A9847D4
:10FAC00000F0AEFD2074FF2816D000222B7D93425B
:10FAD00000D12A69638A00210293042300900193D4
:10FAE0000800330000F04AFB23682000DB6A9847D7
:10FAF000431E984104B070BD0249034810F05CFFFA
:10FB00000020F7E7FFB302008C5000207FB5037C94
:10FB100004000D001600FF2B02D003689B6A984773
:10FB200000F07EFD2074FF2816D00023297D1A00E6
:10FB3000994200D12A69618A0193029100210090C3
:10FB40003300080000F01AFB23682000DB6A9847A6
:10FB5000431E984104B070BD0249034810F02CFFC9
:10FB60000020F7E7FFB302008C500020FA239B002F
:10FB70008360054B002208330360FF230374FE3BC0
:10FB8000426042820375704714B4020010B5037CD2
:10FB90000020FF2B02D0180000F07EFB10BD0000FB
:10FBA00070B50400007CFF2814D000F041FB322522
:10FBB0002000FFF7EBFF002806D0013D002D03D009
:10FBC000642011F04FFAF3E7217C034800F090F92C
:10FBD000FF23237470BDC046F83D002070B5037C40
:10FBE00004000025FF2B05D003681B699847A84235
:10FBF00002D00125280070BD2000FFF7C7FF0A28AA
:10FC0000F7D8054BC340DB07F3D5217C034800F050
:10FC10006FF9FF232374EDE7EF040000F83D0020A7
:10FC200010B5FFF7DFFE10BD30B585B00A9D08ACFA
:10FC300024880295099D00940195FFF7FBFD05B00E
:10FC400030BD10B5FFF703FE10BD0000F0B5084B46
:10FC500087B000930C1D01ABE0CCE0C324681C60AE
:10FC60000B7D69460B75FFF721FF07B0F0BDC0465D
:10FC7000D4D0020010B50400FFF778FF024B20003B
:10FC80000833236010BDC04678B4020010B5036885
:10FC90009B6B984710BD4069704713B56B4602686F
:10FCA000D9710733546819000122A04716BD704767
:10FCB000F8B5037C04000F00FF2B02D003685B6AD9
:10FCC000984700F0ADFC00250600FF2808D0010091
:10FCD0000122380000F090F96561267467820135D1
:10FCE0002800F8BDF8B5037C04000F001600FF2BB8
:10FCF00002D003685B6A984700F092FC0500002080
:10FD0000FF2D0DD03B7D834200D1386903232A00AB
:10FD1000310000F0AFF90023012025746682636191
:10FD2000F8BD000010B50400007CFF2807D000F0EB
:10FD30007FFA217C024800F0DBF8FF23237410BD1A
:10FD4000F83D0020F0B50E008FB0040002A801922B
:10FD500010F0E2FC02AA31000B48FFF7BEFC0028BD
:10FD600010D0236803AA9E6A084B08A9089309AB20
:10FD7000A1CAA1C3126820001A6002AB1B7D019AC0
:10FD80000B75B0470FB0F0BDF03D0020D4D002009D
:10FD900070B5037C04000D001600FF2B02D100F0AB
:10FDA0003FFC2074227C0020FF2A08D02B7D834258
:10FDB00000D128690123310000F09EF9012070BDB7
:10FDC00010B5007C00F060FB10BD10B51400007C85
:10FDD00092B200F00FFB200010BD0000436937B560
:10FDE0000400002B0CDD6B46DD1D017C01232A0085
:10FDF000054800F0D3F863692878013B63613EBD94
:10FE000001204042FBE7C046F83D002013B5040046
:10FE10006369217C5A1E6261002B06D06A46012369
:10FE20000732044800F0BAF8F2E7080000F06AFA76
:10FE3000606116BDF83D0020436910B5002B04DD5C
:10FE4000017C034800F09AF810BD01204042FBE716
:10FE5000F83D002007B500236A4601931380007C1B
:10FE600001A900F07BFC6B466A461B7850781B02A8
:10FE7000C01880B20EBD13B500236A46040001937A
:10FE80001380087C01A900F069FC01A9200010F092
:10FE900079FC200016BD000070B50400002013009E
:10FEA00062690D00824209DD217C2A00044800F0CD
:10FEB00075F8002802DD63691B1A636170BDC046D6
:10FEC000F83D0020FA239B008360044B0022083396
:10FED0000360FF234260037442617047E4B4020090
:10FEE00010B504007822002115F069FC200010BD37
:10FEF00010B50C244C4304192068002805D015F0D7
:10FF000017FC002363602360A36010BD70B505007B
:10FF10000024210028000134FFF7EAFF0A2CF8D161
:10FF2000280070BDF7B50C244C430419A3680500E4
:10FF30000E00002B1AD12768002F05D10E4815F0AE
:10FF4000EDFBA760606020606B469F1D0A4BF0B21E
:10FF50003A0021683B8000F011FA002806D023689F
:10FF60003A8863600C237343EB189A600C235E435A
:10FF7000AD19A868FEBDC046DC05000070B50400E0
:10FF80000D00FFF7CFFF002805D00C21694364184E
:10FF90006368187870BD01204042FBE7F8B50600A1
:10FFA0000C0017001D00FFF7BDFF002811D085428F
:10FFB00000DD05000C235C4334192A006168380019
:10FFC00015F0E1FB280063685B196360A3685B1BA5
:10FFD000A360F8BD10B5054C2000FFF781FF044A6F
:10FFE0000449200011F034FC10BDC046F83D00204B
:10FFF000000000200DFF00007FB56B46DD1D9C1D3D
:020000021000EC
:100000001B4B0600187829702270002801D10DF0D2
:100010006DFE00200DF052FE0DF0C6FE03212820DB
:100020000EF0DEF8300000210EF0C8F828000022A3
:1000300001210DF042FF0122200011000DF03DFFD3
:100040000DF006FF0DF0D8FE00200DF037FE0DF08C
:10005000ABFE0E220F2300216A446B44117019700D
:10006000282001310DF051FF0DF0C6FE7FBDC046C6
:10007000464900207FB50E0069468C1C23701D4B3D
:1000800001901878CD1C2A70002801D10DF02EFEA9
:1000900000200DF013FE0DF087FE042128200EF045
:1000A0009FF8002201A804210DF007FF3000002175
:1000B0000EF084F82800002201210DF0FEFE01223E
:1000C000200011000DF0F9FE0DF096FE00200DF05D
:1000D000F5FD0DF069FE0E220F2300216A446B44EA
:1000E00011701970282001310DF00FFF0DF084FE02
:1000F0007FBDC046464900207FB50E0069468C1C76
:1001000023701D4B01901878CD1C2A70002801D156
:100110000DF0ECFD00200DF0D1FD0DF045FE0421A9
:100120002D200EF05DF8002201A804210DF0C5FE7F
:10013000300000210EF042F82800002201210DF0CD
:10014000BCFE0122200011000DF0B7FE0DF054FEA0
:1001500000200DF0B3FD0DF027FE0E220F2300212D
:100160006A446B44117019702D2001310DF0CDFEE1
:100170000DF042FE7FBDC04646490020F0B585B077
:100180001E000CAB1C88294B070018780D0001924B
:10019000002801D10DF0AAFD00200DF08FFD0DF01B
:1001A00003FE06212D200EF01BF838000022290046
:1001B0000DF083FE0022042101A80DF07EFE300028
:1001C00000210DF0FBFF0BAE002201210AA80DF06B
:1001D00074FE0022012130000DF06FFE012120008D
:1001E0000DF0ECFF03272C0014343C400135002CAB
:1001F00002D00DF02DFEF6E70DF0FEFD307804384C
:1002000043425841C0B20DF059FD0DF0CDFD0E2214
:100210000F236A446B4401212D2014701C700DF0D3
:1002200074FE0DF0E9FD05B0F0BDC0464649002062
:100230001FB56B46DC1D174B20701878002801D1C4
:100240000DF054FD00200DF039FD0DF0ADFD012144
:100250002E200DF0C5FF0122200011000DF02DFE13
:100260000DF0F6FD0DF0F4FD0DF0C6FD00200DF0D3
:1002700025FD0DF099FD0E220F2300216A446B44E9
:10028000117019702E2001310DF03FFE0DF0B4FDFC
:100290001FBDC046464900201FB56B46DC1D184BEC
:1002A00020701878002801D10DF020FD00200DF0FD
:1002B00005FD0DF079FD01212F200DF091FF0122A8
:1002C000200011000DF0F9FD0DF0C2FD0DF0C0FD94
:1002D0000DF092FD00200DF0F1FC0E240DF064FDF8
:1002E0000F2300226C446B441A70227001212200FB
:1002F0002F200DF00AFE0DF07FFD207804B010BD18
:10030000464900201FB56B46DC1D20700DF0E6FC51
:10031000002398422DD0184B1878002801D10DF0F9
:10032000E5FC00200DF0CAFC0DF03EFD01212B2064
:100330000DF056FF0122200011000DF0BEFD0DF062
:1003400087FD0DF085FD0DF057FD00200DF0B6FC8A
:100350000E240DF029FD0D2300226B446C441A700D
:100360002280012122002B200DF0CFFD0DF044FD55
:100370002388180004B010BD4649002073B56B46B1
:10038000DD1D0E00140028700DF0A8FC002801D11E
:10039000208076BD164B1878002801D10DF0A6FC00
:1003A00000200DF08BFC0DF0FFFC022145200DF02C
:1003B00017FF0022012128000DF0EBFE012202218F
:1003C00020000DF0E6FE0DF043FD0DF015FD0020C0
:1003D0000DF074FC0DF0E8FC2200310045200DF01A
:1003E000A6FE0DF009FD2088431E9841C0B2D0E75B
:1003F000464900207FB56B46DC1D224B20701878E3
:100400000E001500002801D10DF070FC00200DF049
:1004100055FC0DF0C9FC022146200DF0E1FE002242
:10042000012120000DF0B5FE3000012229000DF061
:10043000B0FE03262C00093434400135002C02D0D4
:100440000DF006FDF6E70E250F260DF0D5FC6E44E7
:1004500020006D440DF032FC0DF0A6FC32002900A6
:1004600046202C7034700DF084FD0DF0C5FC3378FF
:100470002000002B04D02878013844426041C0B2EB
:1004800004B070BD464900207FB56B46DC1D1C4B97
:1004900020701878002801D10DF028FC00200DF004
:1004A0000DFC0DF081FC012139200DF099FE012297
:1004B0000E250F262000002411000DF0FEFC6E44D6
:1004C0000DF0C6FC6D440DF0C3FC0DF095FC002052
:1004D0000DF0F4FB0DF068FC3200290039202C707F
:1004E00034700DF046FD0DF087FC33782000A342F8
:1004F00004D02878013844426041C0B204B070BDD5
:10050000464900207FB56B46DC1D1E4B20701878D5
:100510000E001500002801D10DF0E8FB00200DF0C1
:10052000CDFB0DF041FC022144200DF059FE0022CC
:10053000012120000DF02DFE3000012229000DF0D8
:1005400028FE03262C00093434400135002C02D04B
:100550000DF07EFCF6E70DF04FFC0E2520000DF0AF
:10056000ADFB0DF021FC0D226D446A4429004420AE
:1005700014702C800DF0FDFC0DF03EFC288804B0BA
:1005800070BDC04646490020F0B50E2585B00F2746
:1005900000246B4601266D446F44D8712C703C706A
:1005A0001E4B1878002801D10DF0A0FB00200DF0A3
:1005B00085FB0DF0F9FB31002A200DF011FE6B4692
:1005C00032003100D81D0DF078FC0DF041FC0DF02B
:1005D0003FFC0DF011FC00200DF070FB0DF0E4FB72
:1005E0003B002A0031002A200DF08FFC0DF004FCA6
:1005F0002B78002B0FD101346420A4B210F032FD0F
:100600002B78002B01D1182CCAD9193C601E8441CB
:10061000E0B205B0F0BD0024F2E7C0464649002034
:10062000134B13B51878002801D10DF05FFB0020A3
:100630000DF044FB0DF0B8FB00213F200DF0D0FD84
:100640000DF0DAFB00200DF039FB0DF0ADFB6B4631
:100650009C1DFF2323706B46002207331A70012173
:1006600022003F200DF051FC0DF0C6FB207816BD96
:1006700046490020F7B51D00234B070018780C00F1
:100680001600002801D10DF031FB00200DF016FB03
:100690000DF08AFB042168200DF0A2FD0022A1B21A
:1006A00038000DF076FD3000032600210DF086FDA8
:1006B000002128000DF082FD099B012299B20898C3
:1006C0000DF067FD099B0A34E4182500354003D07E
:1006D0000DF0BEFB0134F8E70DF08EFB28000DF0A5
:1006E000EDFA0DF061FB6B4601219C1D9D7122000E
:1006F0000733682019700DF008FC0DF07DFB2078A1
:1007000043425841C0B2FEBD46490020124B07B5D6
:100710001878002801D10DF0E9FA00200DF0CEFA8A
:100720000DF042FB002169200DF05AFD0DF064FB35
:1007300000200DF0C3FA0DF037FB6B4600220333A7
:100740001A700192012101AA69200DF0DEFB0DF063
:1007500053FB01980EBDC0464649002070B586B0D7
:100760006B46DE1D0C00150030700622002103A828
:1007700015F025F80D23220A6B441C705A70220CC8
:10078000240E9A70DC7012236B441D802D0C5D804A
:10079000134B1878002801D10DF0A8FA00200DF0B5
:1007A0008DFA0DF001FB01213A200DF019FD012217
:1007B000300011000DF081FB0DF04AFB0DF048FBFD
:1007C0000DF01AFB00200DF079FA0DF0EDFA03AAF6
:1007D00002213A200DF0FCFB0DF00EFB06B070BDBF
:1007E0004649002010B500200DF080FA10BD70477A
:1007F000F7B51D001F4B070018780C0016000028E5
:1008000001D10DF073FA00200DF058FA0DF0CCFA7A
:10081000022111200DF0E4FC2100002238000DF02F
:100820004CFB3000012229000DF047FB0326063463
:1008300064192500354003D00DF00AFB0134F8E7B8
:100840000DF0DAFA28000DF039FA0DF0ADFA6B462A
:100850009C1D220007330121112025701D700DF011
:1008600054FB002801D1FF2323700DF0C5FA0020AE
:100870002056FEBD46490020184B13B518780028B5
:1008800001D10DF033FA00200DF018FA0DF08CFABA
:10089000302001210DF0A4FC6B460122581DFF23DE
:1008A000110003700DF009FB0DF0D2FA0DF0D0FA33
:1008B0000DF0A2FA00200DF001FA0DF075FA6B466A
:1008C00000219A1D073311701970302001310DF08D
:1008D0001CFB04000DF090FA60B216BD46490020E2
:1008E000134B13B51878002801D10DF0FFF9002043
:1008F0000DF0E4F90DF058FA002120200DF070FC05
:100900000DF07AFA00200DF0D9F90DF04DFA6B4692
:100910009C1DFF2323706B46002207331A700121B0
:10092000220020200DF0F1FA0DF066FA207816BDB5
:1009300046490020174B13B51878002801D10DF057
:10094000D5F900200DF0BAF90DF02EFA002136206D
:100950000DF046FC0DF050FA00200DF0AFF90DF04F
:1009600023FA6B4600229C1D073322701A70012166
:10097000220036200DF0C9FA002801D1FF23237090
:100980000DF03AFA23780120FF2B00D016BD40422B
:10099000FCE7C04646490020124B13B518780028E2
:1009A00001D10DF0A3F900200DF088F90DF0FCF94C
:1009B000002127200DF014FC0DF01EFA00200DF090
:1009C0007DF90DF0F1F96B46DC1D0023064A23701A
:1009D00021000A3327200DF045FB0DF00DFA207899
:1009E00016BDC046464900203825002003000020DF
:1009F000092B02D801485B011818704738250020E0
:100A00001FB56B460022DC1D2070130009282BD86F
:100A1000174B03921878904201D10DF067F900202E
:100A20000DF04CF90DF0C0F9012132200DF0D8FB8A
:100A30000122200011000DF040FA0DF009FA0DF02E
:100A400007FA0DF0D9F900200DF038F90DF0ACF9E6
:100A50000B2300226B441A70012103AA32200DF0EF
:100A600054FA0DF0C9F9039B180004B010BDC0463C
:100A700046490020204B73B504001878002801D1A6
:100A80000DF034F900200DF019F90DF08DF9012168
:100A900034200DF0A5FB200016F026F90122C1B28A
:100AA00020000DF00AFA200016F01EF90326441D5E
:100AB0002500354003D00DF0CBF90134F8E70DF0F7
:100AC0009BF928000DF0FAF80DF06EF96B469E1DAB
:100AD0009D7132000733012134201D700DF015FA8D
:100AE000C4B20DF089F9002C04D03478013C604286
:100AF0004441E4B2200076BD46490020FF2130B5D4
:100B00008BB00B00050000910A0004A80FF00CFE4A
:100B1000184B1878002801D10DF0E8F800200DF0EE
:100B2000CDF80DF041F9002135200DF059FB0DF005
:100B300063F900200DF0C2F80DF036F90B23002206
:100B40006B441A70012103AA35200DF0DEF9041E52
:100B50000AD003A928000FF02BFE04A928000FF0EB
:100B600038FE01244440E4B20DF046F920000BB0F9
:100B700030BDC0464649002010B50C00FFF77AFF93
:100B800003000020834202D02000FFF7B7FF10BD12
:100B9000124B13B51878002801D10DF0A7F80020EA
:100BA0000DF08CF80DF000F9002137200DF018FB46
:100BB0000DF022F900200DF081F80DF0F5F86B46EC
:100BC0000022074C07331A700121220037200DF054
:100BD0009CF90DF011F9200016BDC04646490020D1
:100BE000703E0020124B07B51878002801D10DF097
:100BF0007DF800200DF062F80DF0D6F800213B20C2
:100C00000DF0EEFA0DF0F8F800200DF057F80DF0A9
:100C1000CBF86B46002203331A700192012101AA1E
:100C20003B200DF072F90DF0E7F801980EBDC046BB
:100C3000464900201FB56B46DC1C1D4B01901878FF
:100C40002170002801D10DF051F800200DF036F888
:100C50000DF0AAF802213E200DF0C2FA0022042174
:100C600001A80DF02AF90122200011000DF025F94C
:100C70000DF0EEF80DF0C0F800200DF01FF80E2476
:100C80000DF092F80D2300226B446C441A70012180
:100C900022003E200DF039F9002802D104235B42E6
:100CA00023800DF0A9F80023E05E04B010BDC0461B
:100CB000464900201C4B73B5040018780D0000282D
:100CC00001D10DF013F800200CF0F8FF0DF06CF8D6
:100CD000012167200DF084FA0122290020000DF087
:100CE000ECF803266C1D34400135002C02D00DF0C9
:100CF000AFF8F7E70DF080F820000CF0DFFF0DF003
:100D000053F86B469D1D2A000733012167202C7084
:100D10001C700DF0FAF8002801D1FF232B700DF0A4
:100D20006BF80020285676BD46490020F0B585B006
:100D300001932A4B0600187800911400002801D175
:100D40000CF0D4FF3500603D6F426F410020033747
:100D50000CF0B4FF0DF028F8390030000DF040FA27
:100D60000022042101A80DF0A8F8002204210BA8FC
:100D70000DF0A3F86A1E95412100EAB200980DF02B
:100D80009CF8602E04D101220B990A980DF080F88E
:100D90000E34E419032725003D4003D00DF058F828
:100DA0000134F8E70DF028F828000CF087FF0F2435
:100DB0000CF0FAFF0E236C446B441D702570602EFE
:100DC00000D10A9323000A9A012130000DF09DF80A
:100DD0000DF012F80020205605B0F0BD4649002065
:100DE000F0B585B06B46DF1D2C4B0600187814005B
:100DF0003970002801D10CF079FF00200E250CF08D
:100E00005DFF0CF0D1FF002321006D442B704B1EC1
:100E10009941552002310DF0E3F9300015F064FFDF
:100E20000022C1B230000DF048F8300015F05CFF30
:100E3000624262410600D2B2380001210DF03DF855
:100E4000F71D002C0CD0200015F04EFF0122C1B27E
:100E500020000DF032F8200015F046FF0836371854
:100E600003263C00344003D00CF0F2FF0137F8E7D2
:100E70000CF0C2FF20000CF021FF01240CF094FFC5
:100E80000F232A006B44210055201C700DF03DF803
:100E90000CF0B2FF2878604005B0F0BD4649002054
:100EA000124B07B51878002801D10CF01FFF002065
:100EB0000CF004FF0CF078FF002156200DF090F9A3
:100EC0000CF09AFF00200CF0F9FE0CF06DFF6A4662
:100ED0006B4600200121073206331070563019701E
:100EE0000DF013F80CF088FF07BDC04646490020FE
:100EF000174B37B51878002801D10CF0F7FE002009
:100F00000CF0DCFE0CF050FF002157200DF068F9CA
:100F10000CF09EFF0CF09CFF0CF09AFF0CF06CFFA5
:100F200000200CF0CBFE0CF03FFF6A460124D51DDB
:100F30006B46002206332A7021002A0057201C70BD
:100F40000CF0E3FF0CF058FF287860403EBDC0462F
:100F5000464900201E4BF7B504001878002801D13F
:100F60000CF0C4FE00200CF0A9FE0CF01DFF6B4637
:100F70009D1D0023012158202B700DF031F9200018
:100F800015F0B2FE0122C1B220000CF096FF200045
:100F900015F0AAFE0327441D26003E4003D00CF0A6
:100FA00057FF0134F8E70CF027FF30000CF086FE05
:100FB00001240CF0F9FE6B462A000733210058206B
:100FC0001C700CF0A2FF0CF017FF28786040FEBDEB
:100FD000464900201F4B73B504001878002801D142
:100FE0000CF084FE00200CF069FE0CF0DDFE002306
:100FF0000121592001930DF0F3F8200015F074FE43
:101000000122C1B220000CF058FF200015F06CFE48
:101010000326451D2C00344003D00CF019FF013588
:10102000F8E70CF0E9FE20000CF048FE0CF0BCFEE6
:101030006B46DD1C042301AA2B7001212B005920D3
:101040000CF063FF0CF0D8FE2B782000012B00D0B1
:10105000019876BD46490020F0B585B01C006B466E
:10106000DE1D264B0500187817003170002801D1CD
:101070000CF03CFE00200CF021FE0CF095FE03214C
:101080005B200DF0ADF8280015F02EFE0022C1B255
:1010900028000CF012FF280015F026FE00220500A3
:1010A000012130000CF009FFA1B2012238000DF03F
:1010B00070F80326641908342500354003D00CF07D
:1010C000C7FE0134F8E70B240CF096FE28000CF064
:1010D000F5FD0CF069FE01216C44230003AA5B209E
:1010E000217003950CF011FF0CF086FE2378280088
:1010F000012B00D0039805B0F0BDC0464649002042
:10110000F0B585B000936B46DE1D334B04001878B4
:1011100015003170002801D10CF0E8FD00200CF022
:10112000CDFD0CF041FE02215C200DF059F82000AD
:1011300015F0DAFD0022C1B220000CF0BEFE200046
:1011400015F0D2FD01220400110030000CF0B5FEB4
:1011500007340327274003D00CF07AFE0134F8E768
:101160000CF04AFE38000CF0A9FD0CF01DFE33789F
:101170002900083B5A425341009A5C20D31A03AA23
:10118000009303930CF0D3FF0CF036FE0398002875
:1011900020D033781A00083A012A18D943083A00B7
:1011A0000093471E009B9A4214D2B91AAC186918D2
:1011B00023780E78B34207D0734023700E787340C3
:1011C0000B7021784B4023700132D2B2EAE7082B32
:1011D00000D12F5405B0F0BD464900201D4BF7B596
:1011E00004001878002801D10CF080FD00200CF0DC
:1011F00065FD0CF0D9FD6B469D1D0A2301215D2084
:101200002B700CF0EDFF200015F06EFD0122C1B235
:1012100020000CF052FE200015F066FD0327441D4F
:1012200026003E4003D00CF013FE0134F8E70CF02A
:10123000E3FD30000CF042FD0CF0B6FD6B460121E1
:1012400007332A005D2019700CF05FFE0CF0D4FD0E
:101250002878FEBD464900200122014B1A607047E4
:10126000783E00200222014B1A607047783E002031
:101270000422014B1A607047783E00200522014B82
:101280001A607047783E0020F8B500260723040056
:10129000416014490360067246720A00143003F07C
:1012A00080FA27002000104D3C372A002900283002
:1012B00003F077FA2A002900380003F072FA0B4B8A
:1012C0002900380026651E6003F06EFA00F02CFD40
:1012D000606502F087F8E06001F062FF20612000A5
:1012E000F8BDC046983A0000C0D40100783E002006
:1012F0001FB503680400072B49D14268063B036011
:10130000002153712348682214F059FA206901F032
:101310005FFFFEF7A5F9010001A80FF047FC1E4989
:1013200001A80FF05CFD002804DA1C4A00211C48CB
:10133000FEF760F91B4A0121606D00F0ABFC1A4A10
:101340000421606D00F0A6FC184A0021606D00F0D9
:10135000A1FC1749606D00F0AAFC0721154A606DD9
:1013600000F098FC606D00F045FC011E04D1124BAA
:10137000124A0B48FEF71FF920001149283003F0EC
:1013800013FAE06802F040F801A80FF0C0FB01205A
:1013900004B010BD7C3E00200AB2020092B70200E9
:1013A000E43D002059120100711201006512010094
:1013B000F11901007D120100A9B802000EB8020067
:1013C000C0D401000165704710B5406D00F0C5FE46
:1013D00010BD10B5406D00F060FE10BD10B5406D41
:1013E00000F0F9FB10BD000070B504004068036810
:1013F0009B6A98470FF000FE0500606803689B68D1
:101400009847052807D00FF0F7FD064B401B984280
:10141000F3D9012070BD606803685B6A98470020BB
:10142000F8E7C0468713000073B504006822002166
:10143000184814F0C4F9237A002B04D02000FFF7D9
:10144000D3FF002323722368072B01D002232360DC
:10145000206D012500281AD003689B689847051E57
:1014600015D0206D0C4E036801A99B690196984721
:10147000002808D0206D01A903685B690196984790
:10148000451EA841C5B2206D0368DB689847280057
:1014900076BDC0467C3E0020D7B60200F0B50F00F6
:1014A000F0373D6885B00E00019202930020132DA5
:1014B00015DC0400A54217DD0C2363439859039300
:1014C000002811D0019915F0FDFB002809D1039BDC
:1014D000029AF61873680130934200DA726005B020
:1014E000F0BD0134E4B2E5E70C236B43F618019B31
:1014F00001353360180015F0F7FB029BB060736094
:1015000001203D60EBE700000B00F0B500261D4D0B
:1015100085B0F03303901E6028000F00FEF7D9F865
:10152000FF2808D1184B194A19480121FEF743F842
:10153000300005B0F0BD2800FEF7ACF803000190C4
:101540003400013302D1104B124AEDE7019BA34254
:1015500015DD142C13D0E6B231002800FEF7AFF8E9
:10156000310002902800FEF7AFF8029A030039001C
:101570000398FFF793FF002801D00134E6E701202C
:10158000D7E7C046F03D002057B8020087B50200FB
:10159000E43D0020CBB50200143010B5040003492F
:1015A00003F002F9200003F00BF910BD983A000097
:1015B00010B50400062A23D8100010F06DFC0D1C95
:1015C0002121171204006522104952421A6020009E
:1015D0000FF0ECFA200010BD012252421A600C49B3
:1015E000F5E7662252421A600A49F0E703225242A6
:1015F0001A600949EBE7082252421A600749E6E7F8
:10160000FF2252421A600649E1E7C04632B70200A3
:101610003BB702004DB7020060B702006DB7020091
:1016200084B7020010B586B004000B4903A80FF080
:10163000BDFAFEF715F8010003A80FF02FFB0523F4
:101640000193039B01A9606D029300F035FC03A890
:101650000FF05DFA06B010BDDAD00200072307B51F
:101660000093034B6946406D019300F025FC07BDD4
:1016700066A9020013B50400FFF7D6FE206D00280E
:1016800017D003689B689847002812D0206D0D4A38
:10169000036801A901929B6D01229847011E04D1A4
:1016A000094B0A4A0A48FDF786FF206D0368DB688C
:1016B0009847BFF34F8F074B074ADA60BFF34F8F4E
:1016C000C046FDE7E7B602008FB80200F1B602009F
:1016D000E43D002000ED00E00400FA05002307B51A
:1016E000406D01916946009300F0E6FB0EBD70B5B8
:1016F0006421FEB00400FFF7F1FF002303A92000DE
:101700003F93FFF701FF051E07D1652120004942E5
:10171000FFF7E4FF28007EB070BD0126F42203A984
:1017200041A8409614F02FF840AB01A9606D0196D6
:10173000029300F0C1FB20003C3003F041F8E9E7E0
:1017400010B50400406D00F0CCFC606D00F0B7FAFD
:10175000637A834201D1042010BD60720028FAD060
:101760002000FFF7C4FF0520F6E70000F0B50400F5
:10177000406885B003680F009B6898470600022800
:101780000CD10100134A1448FDF715FF3100200069
:10179000FFF7A4FF0025280005B0F0BD200014309D
:1017A00003F036F802250028F5D03B003200210076
:1017B00001A8FFF7FDFE2900019B084A0648FDF736
:1017C000FAFE2000283002F0FBFF01A80FF09FF97D
:1017D000013DE0E734B50200E43D00205EB50200C3
:1017E00073B52D4E040035680421002D4BD0006DDB
:1017F00000282CD003689B689847051E0FD1010074
:10180000264B274A2748FDF7D6FEC821494220002B
:10181000FFF764FF0721206901F0F5FC29E0206D46
:101820003200036801A9DD691F4B01936823A847B3
:101830000500206D0368DB689847002D07D129005B
:10184000164B1A4A1748FDF7B6FEFF21DEE7237A4A
:10185000002B10D02000FFF7C7FD01280BD1FF217E
:1018600020004942FFF73AFF0721206901F0CBFC35
:101870000025280076BD6068310003681B6B98471F
:10188000051E05D1052149422000FFF727FFF0E79B
:10189000012305212372BEE77C3E00207AB80200B6
:1018A0003BB60200E43D0020D7B6020073B602004A
:1018B000F8B506680400406D00F013FC1F4F3B684C
:1018C000581E042807D810F0E7FA0308061A1E006D
:1018D0002000FFF70CFF002503E02000FFF780FF4A
:1018E000050000233B60237A002B10D1002D1AD075
:1018F00001212000FFF7F2FE03263000F8BD200092
:10190000FFF790FEE7E72000FFF7A8FEE3E7606D32
:1019100000F0D5F90028E9D12000283002F078FF46
:101920000028E3D0E4E720003C3002F071FF0028FB
:10193000E3D02000FFF7DBFEDFE7C046783E002063
:1019400073B50400406D00F0CCFB01A92000FFF747
:101950000DFF0600606D00F0B2F96072002E08D134
:101960000425002803D00221206901F04CFC280046
:1019700076BD0325012EFAD101992000FFF7AEFEB6
:10198000013DF4E710B50400406D00F098F9607275
:10199000002805D101212000FFF7A0FE032010BD83
:1019A0002000FFF785FFFAE710B50B4C0B4A022128
:1019B0002000FDF700FE0A4B1B68012B0AD1094AE3
:1019C00002212000FDF7F7FD074B084A0221200005
:1019D000FDF7F1FD10BDC046E43D0020AEB60200AB
:1019E0007C3E0020C9B60200803E0020CEB6020038
:1019F00010B501006822044813F0C5FEFFF7D4FFBC
:101A00000322024B1A6010BD7C3E0020783E00206D
:101A1000F7B5016D0400002907D1384B384A394821
:101A2000FDF7C9FD04252800FEBD0B6808009B6872
:101A30009847011E0FD1314B334A3248FDF7BBFDA9
:101A4000C82120004942FFF749FE0721206901F023
:101A5000DAFB0625E7E7206D2C4D036801A99B6999
:101A600001959847002813D0206D0022036801A932
:101A700094331B6801959847002803D00021606DBE
:101A800000F0EEF8206D01A903685B6901959847A5
:101A9000206D1F4E036801A99B6901969847051E9A
:101AA00009D0206D1B4A036801A91F6A68230196AB
:101AB000B847FFF779FF206D0368DB689847002D72
:101AC00010D06068134903681B6B9847002809D041
:101AD0000123606D237200F0F2F86072451EA84188
:101AE000051DA0E720003C3002F09FFE02250028E3
:101AF00099D12000FFF7FBFD95E7C04668B80200CA
:101B000009B60200E43D00203BB60200E7B6020041
:101B1000D7B602007C3E002070B50400056800695D
:101B200001F0AAFB2668701E052808D810F0B4F949
:101B300003181C2024282000FFF76AFF05002368F3
:101B4000AB4205D0032D02D12000FFF725FD256013
:101B5000E06801F07FFC002817D02000FFF78AFD25
:101B60002000FFF7A5FEE9E72000FFF7E9FEE5E723
:101B70002000FFF7E5FDE1E72000FFF703FFDDE7C9
:101B8000606D00F0AEFA3500D9E7206870BD000046
:101B90000121064A10B513680B4006D104481160B4
:101BA0008360044A04490FF053FE10BD88290020C9
:101BB000C829002000000020EB61000070B504007F
:101BC0004068231D984204D005680FF00FFB2800E1
:101BD000F7E7200070BD70B504000C200D000FF079
:101BE000FDFA211D85600FF03AFEE3680120013304
:101BF000E36070BD37B50200040040321378012065
:101C0000013313702368042B1DD16568231D9D4289
:101C10001CD0A86803689B6A98472018037C002B97
:101C200012D0A86803689B68984704280CD1A8685C
:101C300003689B6A9847074B0090074A07480021B2
:101C4000FDF7B9FC00203EBD2D68DFE70023012031
:101C50002360F8E72FBA0200C2B90200E43D002079
:101C6000036870B505000E00042B11D044682B1DCD
:101C70009C420DD0A06803689B6A9847864205D1B4
:101C8000A06803689B689847012070BD2468EEE750
:101C90000020FAE710B500234C1C06D0890041183B
:101CA0004869984201D14A610133180010BD0023F0
:101CB000826B9A4201D1816301331800704704237B
:101CC00000689843431E9841C0B2704770B5042322
:101CD0000500040008C50C220021280013F06FFD48
:101CE00023006560A5602000002540336563A5637F
:101CF000E56329001D70F8226564483013F05FFD2C
:101D0000A0235B00E5544223FF33E5540122230066
:101D10002000FC3352429A6401210332103013F048
:101D20004EFD200070BD000070B50126074D084C27
:101D30002B68334208D12000FFF7C8FF054A064947
:101D400020002E600FF084FD200070BDE43E0020D6
:101D5000E83E002000000020BD1B0100F8B5040093
:101D600007684568261DB54209D0A86803681B6945
:101D70009847012812D1AB6807003500E363E36B95
:101D8000002B18D06668E36BB54209D0B068984262
:101D900002D00368DB6898473668F4E72D68E1E70E
:101DA0001A681800926A9047002806D101F0F8F9E5
:101DB000032101F028FA3800F8BDE06B03689B6A44
:101DC0009847012803D101F0EBF90421F1E701F074
:101DD000E7F90221EDE7012307B500930300C06B8B
:101DE00048330193036869461B6A9847431E98412C
:101DF00002300EBD002910DA4223FF33C35C002BF2
:101E00000AD00200012100234132FF3249425370BF
:101E10005160A02252008354704702290DD0032341
:101E20000429F9D14222FF32825C002AF4D0020058
:101E3000FC32926C9A42EFD1E3E70023F2E7020012
:101E4000481E00B5072830D84221FF3110F024F891
:101E50002E121230040E10120423515C002924D0DB
:101E60001100FC31896C99421FD113E00623F4E77D
:101E70000723F2E71300FC339B6C022B1AD1505C52
:101E80000028EAD0A0214900535C0133DBB253544F
:101E9000032B0AD11100012000234131FF314042C0
:101EA0004B704860A0214900535400BD0123D4E782
:101EB0000523D2E70223D0E770B50C0009680500BE
:101EC000002912D16168FFF795FF6368002B01DBE1
:101ED000022B00D16B642B680120032B04D1E86B2B
:101EE000210003681B6A984770BDFFF7A8FF2368AD
:101EF000012BF0D12800F8226168483013F043FC30
:101F0000E9E7002307B5C06B0093036801911B6AE2
:101F1000694698470EBD0000416C10B5002901D1FB
:101F2000022010BDFFF7EDFF0028F9D10348044B54
:101F3000044A0121FDF73FFB0120F2E7E43D0020C8
:101F400017BA02008DB9020013B504004220FF3019
:101F5000235C002B10D02300FC339B6C204A0193A0
:101F60000091204B01212048FDF725FB0621494225
:101F70002000FFF7C6FF13BD042925D006DC022987
:101F800026D023DC012907D00721F0E7652919D0E5
:101F900010DC01236429F7D11A1D9200A21852689F
:101FA000002A17D10093114A0E4B01210E48FDF76C
:101FB00002FBE9E7C82903D00723C929ECD0E3E7EE
:101FC0000623E9E70423E7E70323E5E70523E3E73F
:101FD0000B00E1E701212154FC34A3649047CAE7D8
:101FE000E2B8020000BA0200E43D002034B9020069
:101FF00010B50400C06B9CB003689B69984700282B
:102000000CD0E06B69460368DB699847002807D16C
:10201000104B114A01211148FDF7CDFA1CB010BD3B
:10202000009B012B0FD0022B06D0002BF6D102997A
:102030002000FFF789FFF1E7636B002BEED00298D9
:1020400003999847EAE7A36B002BE7D002A89847CB
:10205000E4E7C046EDB90200AFB80200E43D00205D
:1020600070B504004568231D9D4213D0A86803681D
:102070009B6A98472018037CA868002B04D103684A
:10208000DB6898472D68EEE7E36B9842FAD0036867
:102090009B68F6E70023E36370BD10B50400C06BD6
:1020A000002807D003685B6998472000FFF7D8FF36
:1020B0000023236010BDC36B70B50500181E0FD040
:1020C0001A6812699047041E06D0022802D128001F
:1020D000FFF78EFF032003E02800FFF7C1FF200079
:1020E00070BD10B504000068032807D80FF0D4FEB7
:1020F00002080C102000FFF731FE2060206810BDA0
:102100002000FFF709FFF8E72000FFF764FEF4E77F
:102110002000FFF7D0FFF0E770B505000E0044681F
:102120002B1D9C4217D0A06803689B6A9847B04259
:102130000FD1A0680368DB689847A368EA6B0124A5
:10214000934204D12800FFF78BFF00232B6020006F
:1021500070BD2468E4E70024F9E7431810B51C7C3F
:10216000944204D01A74002A02D0FFF779FD10BD02
:10217000FFF7D2FFFBE713B56B46DA1D036811705A
:102180001C6901690123A04716BD10B51300026840
:1021900014690A000169A04710BD70B516000269F4
:1021A00004009D188268002095420AD8581882427F
:1021B00005D3626850181A00310013F0E4FA0120C8
:1021C000256170BD8069431E9841C0B27047C368E5
:1021D000F7B50500002B1DD0031D44680193019B3A
:1021E000A34217D0E6692768002E11D00EF004FF35
:1021F00086420DD2EB682000013BEB600FF036FB0E
:102200002000A36808301B68984720000EF0EEFFFE
:102210003C00E4E7F7BD0B6830B50620012B0FD179
:102220000B00F4331D680C240023AB4208DA2200B3
:102230005A438A18D268013304328018DBB2F4E7BB
:1022400030BD036870B55B690500984700281CD055
:10225000EB680120002B15D06C682B1D9C4217D019
:10226000A269606982420ED02B682669DB68E1684A
:10227000B04200D20918121A28009847636918184A
:102280006061002070BD2468E8E701204042F9E762
:102290000120F7E7F7B50026114B86600360CB6895
:1022A0008F68C3600B69040003614B69466043613A
:1022B00038000D000EF096FF636801966060B3422F
:1022C00002D018000EF096FF01A8F5F78FFAA7606C
:1022D0006968AA68606813F056FA2000FEBDC0461F
:1022E000EC97020010B50400024B08C0F5F77EFA27
:1022F000200010BDEC97020010B50400FFF7F2FFBC
:1023000020000EF073FF200010BD0000F0B51F008C
:102310000023194D89B0160001910393049305938E
:1023200006930793040002950EF066FE134B3200ED
:10233000C01807903B00019902A800F039FC061E66
:1023400014D020200EF04AFF070002A90830FFF742
:10235000A1FFBD60211D38000FF081FAE368013351
:10236000E3602000FFF76DFF0028FAD002A8FFF716
:10237000B9FF300009B0F0BD40BA0200307500006E
:1023800007B56B460321DA1D01231170FFF7BEFF6D
:102390000EBD000070B50D000A2386B0060002AA2B
:1023A00003A92800029300F0B9FB041E0ED0029B83
:1023B00003AA02213000FFF7A9FF041E06D10095F1
:1023C000044B054A01210548FDF7F5F8200006B049
:1023D00070BDC04610BC020054BA0200E43D0020AB
:1023E000F0B5002683699DB005000C00B34222D0F1
:1023F00003696A465969D86800F062FBAB692F69C6
:10240000013B0600AB6138000FF030FA3800BB68C2
:1024100008301B68984738000EF0E8FE002E0DD1FA
:1024200003211548154B164AFDF7C5F8052128006C
:102430004942FFF7AFFF30001DB0F0BD8222009B84
:102440009200934206D102232360029A039BA2606A
:10245000E360F0E70B4A934205D1002323606B460B
:102460001B79A360E7E7012320002360682201A90C
:10247000083013F088F9DEE7E43D00206DBC02006F
:102480007BBB020009020000B3B500AF0D000400E1
:10249000FFF7C1FE6B4678600730C008C0001B1A0A
:1024A0009D4628003A1D694600F06EFB051E0DD0C2
:1024B0007B686A4602212000FFF728FF051E05D130
:1024C000044B054A01210548FDF775F8BD46280073
:1024D000B6BDC0465ABC02003DBB0200E43D002030
:1024E000282330B58DB0050001AA080002A9019388
:1024F00000F0E6F9041E0DD0019B02AA022128007B
:10250000FFF704FF041E05D1044B054A01210548CD
:10251000FDF751F820000DB030BDC0467CBC020074
:10252000DCBB0200E43D00200E2397B5FF3304001E
:1025300000AF08009A4203D90024BD4620009EBD8A
:102540008B23C6B05B003A1D69467B6000F0DEF964
:102550000028F1D020007B686A460221FFF7D6FEF2
:10256000041EEAD1034B044A01210448FDF723F875
:10257000E3E7C04674BC0200AABB0200E43D0020B1
:102580001300B3B5093300AF7B606B461032D2083D
:10259000D2009B1A9D4604003A1D0800694600F0CF
:1025A00013FA051E0DD07B686A4602212000FFF752
:1025B000ADFE051E05D1044B044A01210448FCF779
:1025C000FAFFBD462800B6BD48BC0200AABB020007
:1025D000E43D002010B5040086B00800062A03D0B0
:1025E0000024200006B010BD0E2301AA02A9019309
:1025F00000F0C6F90028F3D02000019B02AA0221B6
:10260000FFF784FE041EECD1034B044A0121044869
:10261000FCF7D1FFE5E7C04636BC0200FFBA020076
:10262000E43D0020F0B587B002AF786008000C00F0
:10263000150014F059FBC31DFB606B460E30C0083B
:10264000C0001B1A9D4602AE062D1ED0072D23D0BA
:10265000052D28D10C233100FA18200000F0D4F900
:10266000041E0ED0FB68320002217868FFF74EFE90
:10267000041E06D100950D4B0D4A01210D48FCF7B3
:102680009AFF2000BD4605B0F0BD0C233100FA18BA
:10269000200000F0D7F9E3E70C233100FA182000FE
:1026A00000F0EEF9DCE70024EBE7C0461BBC0200BB
:1026B0008EBA0200E43D00200B6870B504000020D3
:1026C000082B0BD818000FF0E7FB050A0F141E2487
:1026D0002A2C2E0049682000FFF75CFE70BD496877
:1026E0002000FFF7D1FEF9E749682000FFF7F8FE68
:1026F000F4E74D68280014F0F7FA290002002000E2
:10270000FFF712FFEAE7062249682000FFF762FFA1
:10271000E4E7052249682000FFF784FFDEE7062290
:10272000F8E70722F6E74D68280014F0DDFA2900E3
:1027300002002000FFF724FFD0E770B50500046811
:10274000A5420AD02000A36826681B680830984775
:1027500020000EF04BFD3400F2E770BD0368F7B5C2
:102760005B6904009847002800D176E0E368002BFD
:1027700005D02000FFF72BFD2000FFF762FD236846
:1027800020001B6898470025A84224D02368200019
:102790005B6898472E000190019B9E421BDA2368DC
:1027A00020009B68270098471C37020039002C48FE
:1027B00000F058FB042810D12A4B2B4A03212B4848
:1027C000FCF7F9FE2000FFF7DBFD236820009B6982
:1027D000984702256D422800FEBD032808D1A36E4C
:1027E000022B07D0032B22D039001D4800F042FAFB
:1027F0000136D1E720200EF0F1FC21000500343134
:102800000830FFF747FD2100194B2800AB6010315D
:102810000FF025F8A369251D0133A3612800FFF7F8
:102820008CFF00236560A560E3600225DCE7236C74
:10283000012BD9D1A36B1B78032B07D1002263682E
:10284000211D8B42D0D05A611B68FAE7022BCBD1F5
:10285000236820001B699847C6E70125BAE7C046F0
:10286000BC29002027BC0200CFBA0200E43D0020B2
:1028700008980200F8B5010004001C31251D0F481E
:1028800000F0F8F92800FFF758FF260000236560E4
:10289000A5602569E3601036AE420AD02800AB6817
:1028A0002F681B680830984728000EF09FFC3D00F9
:1028B000F2E7002326616661A361F8BDBC29002010
:1028C00070B5104B150012688AB006000C0000931A
:1028D0000020272A13D90100200012F070FF0A4BB4
:1028E0002022310002A8019312F04DFF01A92B0014
:1028F00022006846F9F771F941424841C0B20AB076
:1029000070BDC0460CA7020002020000F0B51A4BD1
:10291000C9B002931368160000931623009AFF3380
:102920000500019100249A4222D90E2714F0DCF907
:10293000FF37B8421CD82100009A019812F03FFFDF
:102940000E4B21003A0004A8039312F038FF280030
:1029500014F0CAF92900020004A812F014FF330091
:10296000019A03A902A8F9F738F944424441E4B2B4
:10297000200049B0F0BDC0460CA7020006020000CE
:102980007FB515000E4B126806000C000093002066
:102990000D2A13D90100200012F011FF094B062265
:1029A000310002A8019312F0EEFE01A92B002200D3
:1029B0006846F9F712F941424841C0B204B070BD0F
:1029C0000CA70200030200007FB50D4B1400019319
:1029D00005000E0014F088F9030022680933002076
:1029E0009A420BD3074B3200029302A9230001A89D
:1029F0000395F9F7F2F843425841C0B204B070BDF4
:102A00000CA70200070200007FB50D4B14000193D4
:102A100005000E0014F068F92268C31D00209A42D8
:102A20000CD3C0239B0002933200230002A901A80B
:102A30000395F9F7D2F843425841C0B204B070BDD3
:102A40000CA702007FB50D4B1400019305000E008A
:102A500014F04AF92268C31D00209A420CD3812346
:102A60009B0002933200230002A901A80395F9F705
:102A7000B4F843425841C0B204B070BD0CA7020084
:102A80007FB50D4B1400019305000E0014F02CF9D6
:102A90002268C31D00209A420BD3084B32000293D8
:102AA00002A9230001A80395F9F797F8434258417A
:102AB000C0B204B070BDC0460CA702000502000001
:102AC0001FB5074B01910393110001AB020003A84E
:102AD000F9F776F843425841C0B205B000BDC04690
:102AE000FCA70200130030B50B4A85B001921A68AA
:102AF00005000C000020092A0BD98022920002A9AF
:102B0000029201A822008D80F9F767F843425841EC
:102B1000C0B205B030BDC0460CA70200002310B5FE
:102B2000984202D0FFF7DEFF0300180010BD00003E
:102B3000F0B51300124AADB00192124A002402927D
:102B40000200F03217682BAA17700C229446A74295
:102B50000CDDE60002ADAE19654665432A58043522
:102B6000451901347260B560E4B2F0E70A0001A8CB
:102B700002A9F9F732F843425841C0B22DB0F0BD76
:102B80000CA702000102000000B50368BFB00430CA
:102B9000012B02D0002301A83D93FFF7C9FF3FB0EE
:102BA00000BD826843688A4200D95B1818007047EC
:102BB000F0B589B006921F0001229DB20791A91CB1
:102BC0008BB20593274B04000093029201923900C7
:102BD000254A069801F0E1FB0935A9B2060020005C
:102BE000F4F70DFE214D236829789B682000984753
:102BF000236869789B68200098476B46197F236893
:102C000020009B689847059B2000190A23689B6851
:102C100098476B46197D236820009B689847236876
:102C20003A00DB68069920009847051E17D02368F4
:102C30003112C9B29B68200098472368F1B29B68A3
:102C4000200098470A4E236831789B6820009847F7
:102C5000236871789B68200098470023E360280070
:102C600009B0F0BDFFFF0000211000007A2600200F
:102C70007826002070B50024C8690D008C64CC60F3
:102C8000A04202D0CC610EF0B5FA2C626C62AC624C
:102C9000EC62EC6370BD0000CB6870B500200C00E6
:102CA000012B13D901002000FFF77BFF084D0278AC
:102CB0002B7800209A4209D101212000FFF771FFF3
:102CC0006B780078C01A43425841C0B270BDC0460C
:102CD0007A260020CB6B70B50024032B14D9303139
:102CE0000D0002212800FFF75CFF084E02783378C0
:102CF0009A4209D103212800FFF753FF7378047823
:102D0000E41A63425C41E4B2200070BD78260020E2
:102D1000F0B5CB6B85B00E000025032B20D90C003D
:102D2000303429002000FFF73CFF0121070020007C
:102D3000FFF737FF3C780078240204433000290075
:102D40001830FFF72EFF0122074B029201920093E9
:102D5000064A716A01F021FB241A60424441E5B23F
:102D6000280005B0F0BDC046FFFF000021100000A4
:102D700010B508000221FFF714FF007810BDCB68E2
:102D800070B500200C00042B0CD903212000FFF7A4
:102D900008FF042105002000FFF703FF2B780078CF
:102DA0001B02184370BD70B5CB680C0009690500A3
:102DB0008B4203D011002000F3F7EFF92269E1689C
:102DC00000238A4215D19A4213D021002800FFF730
:102DD00063FF042300280CD021002800FFF7CFFF59
:102DE000023885B2200029001830F4F708FD0123CD
:102DF000A562180070BD10B54B6A0C00896A8B4241
:102E000004D0200011001830F3F7C7F9A36A626AF2
:102E10000120934202D1581E8341581C10BD70B549
:102E2000CB6B0C00096C05008B4204D02000110014
:102E30003030F3F7B2F9236CE26B0220934210D1E9
:102E4000002B0ED021002800FFF762FF03000420B2
:102E5000002B06D021002800FFF73CFF43425841D9
:102E6000033070BD036870B5033B04000D0016000D
:102E7000012B01D8002303600EF0BEF8AB6CC01A22
:102E80001C4B984203D929002000FFF7F3FE0EF0F7
:102E9000B3F82368A864012B1FD0022B23D0002B8A
:102EA00005D1320029002000FFF77DFF2060236854
:102EB000032B09D129002000FFF75AFFE8640238EC
:102EC000012808D9042323602368042B03D1290097
:102ED0002000FFF7CFFE206870BD320029002000DF
:102EE000FFF789FFE2E7320029002000FFF797FF94
:102EF000DCE7C0461027000010B58B7B08001400EB
:102F0000002B07D1CB7B0121194005D001F0A0F89F
:102F1000A060E160002010BD8089F9E770B58B7B6F
:102F20000C001500002B0AD1CB7BDB0709D508006C
:102F300001F08EF8E37B9B0700D5C0432871002089
:102F400070BD8889F6E737B50C00101D150000210B
:102F5000682212F034FC21230093A37B602B01D064
:102F600002203EBD290000236A460831200001F0FE
:102F700033F90028F4D1200001F07CF9031EEFD1D1
:102F800040220192A27B602AEAD1290001AA2931BC
:102F9000200001F021F90028E2D101236B60E0E775
:102FA00030B50C0085B0150069460122200000F004
:102FB00039FE002802D0022005B030BD0423EA5EAD
:102FC0006846D31700F094FD0028F4D1694620002C
:102FD00000F03EFE0028EFD0EDE730B50D0085B0E3
:102FE000140069460122280000F01CFE002802D0CF
:102FF000022005B030BD211D2022684600F0EAFD08
:103000000028F5D16946280000F022FE0028F0D003
:10301000EEE730B50D0085B01400694601222800A6
:1030200000F000FE002802D0022005B030BD0434BC
:10303000200013F059FE21000200684600F0CAFD8E
:103040000028F1D16946280000F002FE0028ECD0EB
:10305000EAE770B50E0086B0150002A90122300023
:1030600000F0E0FD041E02D0022006B070BD010099
:1030700006226846043512F0A2FB062269462800A3
:1030800012F072FB2200002800D00622290002A8BC
:1030900000F0A0FD0028E7D102A9300000F0D8FD23
:1030A0000028E2D0E0E7F0B50F00151DA4321600AD
:1030B000127885B052006946380000F0B3FD041E56
:1030C00002D0022005B0F0BD3378A34210DD29689C
:1030D0006846FAF711FD0028F3D16B6868461A6854
:1030E0000835D31700F004FD0028EAD10134EBE7DE
:1030F0006946380000F0ACFD0028E3D0E1E730B5C8
:103100000C0085B0150069460122200000F08AFD00
:10311000002802D0022005B030BD69686846FAF781
:10312000EBFC0028F6D16946200000F091FD002854
:10313000F1D0EFE730B50C0085B0150069460122EB
:10314000200000F06FFD002802D0022005B030BD45
:1031500069686846FAF7D0FC0028F6D16946200075
:1031600000F076FD0028F1D0EFE730B50C0085B017
:10317000150069460122200000F054FD002802D00D
:10318000022005B030BD69686846FAF7B5FC002832
:10319000F6D16946200000F05BFD0028F1D0EFE792
:1031A0000121094A10B5136808480B400AD10124CF
:1031B000644203604360836003730461436183611D
:1031C0000377116010BDC04630400020344000201D
:1031D00010B501210D200EF0FDF910BD002303777D
:1031E000704710B504000069431C03D0C0B2002131
:1031F0000EF03CFA0023237310BD012310B50377B2
:10320000FFF7EFFF10BD026810B503008A4211D02E
:10321000072A0FD0002201604260072915D8080054
:103220000EF03AFE040910101010151A9A611800D9
:10323000FFF7D7FF10BD0D221A61ED329A6100220F
:103240009A60F7E70D221A610E3A9A61F2E70D22B1
:103250001A61FA22D200F8E70D221A61BB32F4E7B4
:1032600010B504000069431C03D0C0B201210EF068
:10327000FDF90123237310BD70B5057F0400002DF7
:1032800008D10368002B05D08369013303D12000E6
:10329000FFF7E6FF70BD0DF0AFFE6368A269C01ACC
:1032A000D30F9B185B109842F4D90DF0A5FE23684C
:1032B0006060012B16D1A368002B06D12000FFF718
:1032C00090FFA3680133A360E4E75A1F092A03D8DB
:1032D0002000FFF7C5FFF4E70E2B01D9A560D9E761
:1032E0000133A360237B002BD1D02000FFF779FFAF
:1032F000D0E700001B4B70B51868C0B20EF0E2F9C1
:10330000194C1A4D002814D1FFF74AFFFFF775FF3B
:103310000DF078FE164B206019682868C9B2C0B25B
:103320000EF0A4F913488368002B01D0C3689847B6
:1033300070BD114B28681968C0B2C9B20EF096F979
:103340002368002B09D00D4B1B78002B05D00122E0
:103350000B4B1A7000232360E4E7FFF721FFFFF710
:103360003DFFF7E760400020C02900205C400020BE
:1033700054400020C829002058400020C5290020C2
:10338000C4290020022270B500240E4B0E4D1A6095
:103390000E4B0B321A600E4B0C3A1A600D4B0600A6
:1033A0001C600D4B1C700D4B1C600D4B1C70AB68F2
:1033B000A34205D00232290028009847AC60EC6097
:1033C000300070BD60400020C82900205C40002013
:1033D0005440002058400020C5290020C02900206A
:1033E000C429002070B50126054D064C2B683342D8
:1033F00003D12000FFF7C6FF2E60200070BDC0463D
:10340000644000206840002070B50E4C2068431CCA
:1034100016D0C0B202210EF0DDF80B4D01212B6851
:10342000D8B20EF0D7F8094B28681968C0B2C9B2F3
:103430000EF01CF920680222C0B205490CF0D6FF3C
:1034400070BDC046604000205C4000205840002015
:10345000F532010010B50D4C2368002B11D00DF092
:10346000D1FD2368C01A0A4B98420AD9094B196842
:10347000094BC9B21868C0B20EF0F8F80122074B28
:103480001A70074B1878C0B210BDC046C029002082
:10349000C0C62D00584000205C400020C5290020F7
:1034A000C42900200121064A10B513680B4006D13B
:1034B000044811608360044A04490EF0C9F910BD44
:1034C00088290020C829002000000020EB610000AE
:1034D000F7B507000C00050016000192AC4209D0B8
:1034E000002E04D010222900300012F04CF91036C2
:1034F0001035F3E7019BE01B1818FEBD054B10B516
:103500000833040003604068002801D00DF06EFE0F
:10351000200010BD78BD020001200A4910B50B68DB
:10352000094C03400BD1094A0860083222606360ED
:10353000A360E360064A074920000EF089F92000E5
:1035400010BDC0466C4000207040002078BD0200D5
:1035500000000020FD3401007FB50400236908004D
:1035600013608B7B16000225802B0BD1694600F07F
:10357000BFFD002806D1236832009B686946200001
:1035800098470500280004B070BDF0B58BB00391DA
:10359000190006AC0094070004AB10000968002273
:1035A00000F098FD002802D002200BB0F0BDA37BF4
:1035B000C02BF9D1E57BBF3B1D4020D0200000F09F
:1035C00047FD06000D00200000F054FE0028EBD15E
:1035D000B9687B6818008B42E6D010331A00103AA5
:1035E0001768B742F6D15268AA42F3D1039A210074
:1035F0008068FFF7B1FF0228D6D00020D5E7A68962
:10360000E1E70000F7B5050000686B680F001B1AC2
:1036100001921B110124002B00D01C003A1A1C1926
:103620000092164AA34223D8944221D8002C20D1DC
:103630002600009BF018002803D01022019912F0F8
:10364000A2F8390032002868FFF742FF02006968DB
:1036500038001032FFF73CFF07002868002801D02F
:103660000DF0C4FD24012E6036196F60AE60F7BD09
:10367000140020010DF0B2FD0600DAE7FFFFFF0F96
:103680007FB50500846841688C4209D0103108007C
:10369000103806689642F7D140689842F4D17FBD51
:1036A0000193089B00920293EB689C4209D0002C86
:1036B00004D010226946200012F065F81034AC6086
:1036C000EDE7281D6A462100FFF79CFFE7E70000B1
:1036D000D3B516001F000400074B8660C760036067
:1036E000069B0361FFF718FF32003B000094FFF7D1
:1036F000C7FF2000D6BDC0466CBD0200054B10B50B
:103700000833040003604068002801D00DF06EFD0E
:10371000200010BD0CBE020001200A4910B50B6844
:10372000094C03400BD1094A0860083222606360EB
:10373000A360E360064A074920000EF089F82000E4
:1037400010BDC04680400020844000200CBE020016
:1037500000000020FD36010070B5136816000269F4
:1037600004000D00934205D0104B114A4621114828
:1037700011F0EAFC82681049C3688A4203D1002B29
:1037800001D1022070BD511C03D1002BF9D0591C6E
:10379000F7D0280000F018FA0028F2D12368320090
:1037A0009B68290020009847ECE7C04698BD0200BE
:1037B00018BE0200A6BD0200FFFF0000F0B5150014
:1037C0001C00070085B0002322680E00684629000F
:1037D00000F078F9BA687B6818009A4202D102209A
:1037E00005B0F0BD016837680833B942F4D1320042
:1037F00069464068FFF7B0FF0228F0D0009B002028
:103800005D1B2560ECE70000F0B585B001924368D0
:10381000026805009B1A0F00DB100124002B00D06A
:103820001C00BA1A1C1900922A4AA3424BD894428F
:1038300049D8002C48D12600009BF318002B02D059
:10384000019A03CA03C3B4462B6800930193019BFA
:103850009F420CD06346002B03D0614601980CC8F0
:103860000CC108239C44019B08330193EFE7009BA4
:103870000297F91A0831731803936B689C46039BEF
:103880000193029B9C450DD0019B002B03D0180097
:1038900002990CC90CC0019B08330193029B0833A9
:1038A0000293EEE76346DF1B039BDF19009B002BAF
:1038B00002D018000DF09AFCE4002E6036196F60FB
:1038C000AE6005B0F0BD1400E0000DF087FC06000E
:1038D000B2E7C046FFFFFF1F37B515008368446895
:1038E000A34206D008342200083A12688A42F7D16F
:1038F00037BD6A460091C16855608B4207D0002BE6
:1039000002D0190030CA30C108338360F0E70430B8
:103910001900FFF779FFEBE710B504000649826054
:10392000C360029B01600361FFF7F6FE220002996B
:10393000FFF7D2FF200010BD8CBD0200704730B5EC
:103940000C0085B0150069460122200000F06AF9DC
:10395000002802D0022005B030BD6D68280013F0A9
:10396000C3F929000200684600F048F90028F1D1A7
:103970006946200000F06CF90028ECD0EAE710B5A9
:1039800004000DF033FC200010BD0000C02313B56F
:10399000084C9B000093084A00232000FFF7BCFF5F
:1039A000064B074A08330749200023600DF050FFFB
:1039B00013BDC04698400020142001006CBE0200D8
:1039C000000000203D3901000368002B01D0013BBD
:1039D0000360704770B51500040042680068131A50
:1039E0005E1B0BD5002A03D0ED1A00236360236011
:1039F0008020236800065D19256070BD2A0011F043
:103A0000C2FE236800205D192560F6E77FB508A98E
:103A10000E7819BA02910F2115BA03956944002B4B
:103A20000BD1172A09D86B462D0E7519DD7304AB1F
:103A30005A1AFFF7CFFF04B070BD0124002B02D14A
:103A4000FF2A00D81C1CE4B2002B0BD1074B934279
:103A500092415242A4180123A3401836C91AA4194E
:103A60000C70E4E70234E4B2F5E7C046FFFF000063
:103A70007FB51D0003680C000B60436808304B6085
:103A80001600FFF7A1FF2023721C2B40A260E36009
:103A9000711C0CD104220F21134369441F35E360CC
:103AA000033A20000D70FFF795FF04B070BD002BA6
:103AB00001D09219A2600095320000232000FFF788
:103AC000A5FFF2E701608918022241608260C360AD
:103AD0007047D3B5040008301F001600FFF774FFCD
:103AE00000233200009320003B00FFF78FFFD6BD7C
:103AF000F7B5DC1707006240634008301D00160070
:103B0000FFF762FF20231C4032002B003800009496
:103B1000FFF77CFFFEBD0B00193B37B504000D001D
:103B2000062B0AD90830FFF74FFFE0232A00009345
:103B300020000023FFF76AFF3EBD83204000FBE723
:103B400070B51300CA1DD2B288B00500022A06D98A
:103B5000C5211A4B1A4A49001A4811F0F5FA0222F7
:103B60000800140005AEF93831708440FB2917D1E4
:103B70001A685B6812BA039208221BBA029302A960
:103B800015236B44180011F0FEFD28000830FFF7E4
:103B90001BFF621C31002800FFF71CFF08B070BD3E
:103BA000FA2905D11B6804221BBA019301A9E7E792
:103BB00069461B8802315BBA0B80E1E79BBE0200BD
:103BC00080BE0200EEBE020007B5C0210091FFF7E3
:103BD0001DFF0EBD73B5040008300E001500FFF781
:103BE000F3FE40232A00009320000023FFF70EFF7E
:103BF0002A0031002000FFF7EDFE76BD73B504000A
:103C000008300E001500FFF7DFFE60232A00009346
:103C100020000023FFF7FAFE2A0031002000FFF702
:103C2000D9FE76BD10B58023FFF722FF10BD00003E
:103C300080231B0610B5D418044B9C4203D9A02343
:103C4000FFF716FF10BD8020C000FBE7FEFFFF7FDF
:103C50000B6807B503604B68CA684360520707D515
:103C60006B46D91DFF2301220B70FFF7B3FE0EBD7B
:103C70008868012805D0431E9841C0239B00C018C6
:103C8000F5E71800431E98418023C0071B06F6E79E
:103C90002023984303000020402B03D0803B1800D2
:103CA000431E984170470120704710B511F06BFD1D
:103CB00010BDFF22036873B5827341681E6804005B
:103CC000B14202D10220FF3076BD0B781F201D00CB
:103CD000002285430340A573E273A3811B2B1BD9EC
:103CE000834208D02800E038431E98410223404216
:103CF00018400430E7E72800FFF7CAFF002802D188
:103D00000423E373E0E72800E038431E98410323CF
:103D1000404218400330D6E7172B03D91800012280
:103D2000183882400132761AB242CBD86D09012D83
:103D300009D180229200E281172B1AD9182B23D1A6
:103D40004B78A38115E0072DF6D1143B0020072BFB
:103D5000BAD818000EF0A0F8040B0B0B0F0B0909D2
:103D60000020F523A081A373AEE70123E3730B7852
:103D7000A3730020A8E74B78A3811F2BF9D8FF235A
:103D80008320A37340009FE7192B09D16B469D1D2B
:103D900001310222280011F0F6FC2B885BBAD0E733
:103DA0000123E27B1343E373E3E7826810B5531CFE
:103DB0000ED10168436809688B4209D01978FF2940
:103DC00006D101334360002382738360180010BD65
:103DD000FFF76FFFFBE7836810B55A1C0AD0827BA0
:103DE000C02A07D0013B8360002B03D1FF228273DE
:103DF000180010BDFFF7D9FFFBE7F7B50700140067
:103E000002681F201378561C03403E60172B03D80E
:103E1000002023606060FEBD1B2B30D80125183BBD
:103E20009D40891BA9422DD3012D07D153782360D2
:103E300000237519636000203D60ECE7022D09D175
:103E40002A003100684611F09EFC6B461B885BBA65
:103E50009BB2ECE7042D07D12A003100684611F02F
:103E600092FC009B1BBAE2E708223100684611F081
:103E70008AFC019A009B12BA1BBA2260D9E706207D
:103E8000FF30C8E70220FBE713B5040008C86A4604
:103E90001968FFF7B2FF002804D04E21104B114AD9
:103EA000FF310CE02022A37B9343402B14D1019AD5
:103EB000009B002A06D0A8210B4B0A4A49000B4858
:103EC00011F042F9E27B520703D5094B054A522112
:103ED000E6E76268D31863602000FFF77CFF16BD39
:103EE000D9C002005ABF020057C10200ECC0020054
:103EF00070C1020073B50223150004220E00C17BBD
:103F000004000A40194208D0002A0DD100232000E5
:103F100033602B60FFF75FFF0DE0002A04D042689A
:103F20000B4301324260C3732268636811688B429D
:103F300002D10220FF3076BD1A78FF2A02D1013368
:103F40006360E3E71F20A37B824393421FD1201DC0
:103F50006A46FFF752FF002802D000232B60EAE7F1
:103F6000009B019A2B60904202D08020C000E2E7C3
:103F7000226861681268521A9A42DAD33160626824
:103F8000D31863600223E27B1343E373D3E78220F9
:103F90004000D0E7F0B5160020221C00837B89B0DA
:103FA00001919343402B05D0254B264A26492748AB
:103FB00011F0CAF80E9B002B01D104AB0E930E9B9F
:103FC000002726C826C302681A600123237003AAAB
:103FD00002A90E98FFF78EFF051E1AD1029900293B
:103FE0001AD0039ABD18BD4211D32378002B0BD0F1
:103FF0003368AB4208D3019BD8190F9B9847431EE7
:10400000984120702F00E2E700232370FAE7802513
:10401000ED00280009B0F0BD2378002B0DD03368E7
:10402000BB420AD902AB1871019B0122D81903A91E
:104030000F9B9847431E984120703760E9E7C046C0
:1040400034C20200D6BF020043040000ECC00200EC
:1040500013B5C37BDB070BD4837B0633DBB2012BA9
:1040600006D96621164B174AFF31174811F06CF834
:104070001F2341680C7823401A001A3A012A03D9F9
:10408000124B104A6A21EFE7012214408918002CD4
:1040900007D10332684611F076FB2100009B18BA65
:1040A0001CBD1B2B03D00A4B064A6E21DCE70822FD
:1040B000684611F068FB019B18BA009B19BAEFE73C
:1040C00006C002006BBF0200ECC002007CC0020010
:1040D000ACC0020010B504000298611819605A6063
:1040E0000360012344608360FFF7E3FD10BD00001F
:1040F000202273B5837B05000C009343802B06D0F0
:1041000094211E4B1E4A89001E4811F01DF80B0019
:10411000020043CA43C312681A60EB7B5B0709D5F0
:1041200001235B42A3606368013363602000FFF7F3
:104130003CFE16E0200008C86A461968FFF75DFEDD
:10414000002803D0104B0E4A1049DDE7009B019A6E
:10415000A360002A01D15A1C04D180206B68C000E2
:10416000636076BDA27BA02A03D1002BF5DB5A0049
:10417000A260002BDAD1FF33A373F2E7D6C10200AD
:10418000A0BF0200ECC00200D9C00200590200002A
:10419000202210B5837B9343802B05D0084B094A1E
:1041A00009490A4810F0D0FF8B7BFF2B03D0084B46
:1041B000044A0849F5E74B684360FFF70CFE10BD61
:1041C000D6C10200BBBF020081020000ECC00200A9
:1041D00012C202008202000030B50A4D85B00029EB
:1041E00000D1094D0F246C44009301952300FFF783
:1041F000D1FE002804D12378002B01D180200006B5
:1042000005B030BDAB3C0100A73C01007FB5857B0C
:10421000040028000E00FFF73BFD011E04D0200023
:10422000FFF732FE04B070BD20239D43802D07D0E0
:10423000213B00936A4623002000FFF7CDFFF1E702
:10424000002E12D069462000FFF752FF0028E9D166
:10425000029B002B04D169462000FFF799FFE1E79C
:10426000711E6846FFF7D2FFF0E70148DAE7C04663
:104270000104000010B5827B0300FF2A05D1084B22
:10428000084A0949094810F05FFF9A680320002A8C
:1042900004D080211800C900FFF7B8FF10BDC04648
:1042A000A2C102008DBF020011020000ECC002009A
:1042B00037B5837B0D00F92B05D00C4B0C4A0D490B
:1042C0000D4810F041FF6B4641689C1D01310222F0
:1042D000200011F058FA238828005BBA022221003E
:1042E000238011F050FA00203EBDC046F2C102000A
:1042F000ECBF020091050000ECC00200F7B507001A
:104300000E0014000193002905D16721154B164AB0
:10431000164810F019FF002A03D1154B124A6821E4
:10432000F6E701235B42136000231900FFF754FFF7
:10433000051E11D12368581C206011F0EFF9011EF1
:1043400030600BD0019B22003800FFF745FF051EAF
:1043500002D0306811F0ECF92800FEBD80252D0652
:10436000FAE7C04690C2020079C2020097C202007A
:104370000DC30200002370B51A0001210F240500AF
:104380001D410D4204D00E00E51AAE40324392B2F8
:104390000133102BF3D1100070BDF7B51C0008AB32
:1043A0001B88170001930AAA09AB12781B780092A8
:1043B000050046180822002B25D02000FFF7DAFF61
:1043C00004003800FFF7D6FF082301219C46AE42C7
:1043D00011D02B785C406346A4B262100C402700D9
:1043E00094B2002F01D0424094B2013BDBB2002BCB
:1043F000F3D10135EBE7009B002B1BD12000FFF729
:10440000B9FF040016E0B54211D01300287800026D
:104410004440A4B221B2600084B2002901DA78409D
:1044200084B2013BDBB2002BF4D10135EBE7009BFA
:10443000002BE3D1019B5C40A0B2FEBDF0B5D3B030
:104440000993002400230690079108920093019499
:10445000009B089A934205D1019B099A934201D18E
:1044600053B0F0BD0020009B9A01079B9A1812AB35
:1044700094785178240209042143D4782143147894
:10448000043224062143C15004304028F0D11225C3
:1044900042AC9A6B112116001327CE411100F9414D
:1044A000920A71404A401E68596A58688919521820
:1044B00006000721CE410100E941C008714041409A
:1044C00052181A6404339C42E3D100231A0006995F
:1044D00090328A58029202990AAA99500433202BEA
:1044E000F4D1119B00250493109B0E9902930F9B0E
:1044F0000B9C03930D9B0A9805930C9B9C460B23E6
:104500000F000A00DF41053BDA417A400F00133308
:10451000DF412A4B57405E5912ABEA58029BB21852
:10452000039E8B430E407340BA18D218049B0600BA
:10453000D3180493049A059B04359F180D23022277
:10454000DE410300D341020073401626F241664665
:104550005340624666402240064056409E19049BE6
:10456000F218029B04936346059380235B009D42EF
:104570001CD10A9262460AABDA60002259610399A3
:10458000029D99610699DD611F6158609C609031C0
:104590000868D4580432001901C1202AF8D1009BC0
:1045A000019C012100225B1854414FE7039BA44664
:1045B00003910400029310003900A0E714C3020025
:1045C00003000C4A90331A600B4A5A600B4A9A60F7
:1045D0000B4ADA600B4A1A610B4A5A610B4A9A611C
:1045E0000B4ADA61002200238260C36002604360EC
:1045F0007047C04667E6096A85AE67BB72F36E3CDA
:104600003AF54FA57F520E518C68059BABD9831F9D
:1046100019CDE05BF0B516001F0040220023040016
:104620000D00C1688068121A8B4187B00092019317
:10463000019BBB4203D804D1009BB34201D9009631
:104640000197009B10301A0020182900059311F0E3
:104650009AF8A268E36892197B41002B05D13F2AA2
:1046600003D8A260E36007B0F0BD009A019BB61AC0
:104670009F41029603972700039B029A9B0692098B
:104680001A43039B10379B090193059B0092ED1879
:104690000122002339002000FFF7D0FE009A019B81
:1046A00029002000FFF7CAFE3F23029E38001E406B
:1046B000009B32009901691811F065F80023012070
:1046C0000021E360009A019B80185941850E8B01FF
:1046D00082012B432068616812184B41A66022605A
:1046E0006360C0E73F22F0B58368C46887B0009379
:1046F0000194009B05001A40372393429B415B4283
:1047000001330393059102684368009801991218D8
:104710004B412F002A606B60DE00039BD400510FD9
:10472000009A9B019A1A0493009B10370E43F818C5
:10473000002111F044F88022AB68210AEB181A74AA
:10474000049B2800FB185A1E14709A1E1170DA1E62
:10475000210C1170240E1A1F14705A1F1670310A82
:104760009A1F1170DA1F310C083B360E11701E7043
:10477000039A00233900FFF761FE2A00059B90325F
:10478000B0351168D9701168090A99701168090C5F
:10479000597002CA090E19700433AA42F1D107B048
:1047A000F0BD016042607047002301600361C36097
:1047B00083604160704700230361C3600EC070478F
:1047C000036910B504001F2B00D91F232268E1687C
:1047D0009A40130062688B4202D99A4200D91A00AB
:1047E000E2600CF009FCA060E06810BD10B501604B
:1047F0004260FFF7E5FF10BD10B5036901330361A7
:10480000FFF7DEFF10BD0069431E9841C0B270473C
:1048100010B504000CF0F0FBA368C31AE0689842DE
:104820008041404210BD00697047C068704710B5B4
:10483000FCF736FB012010BD10B5FCF759FB10BD8D
:1048400010B50868FCF786FB10BD080010B50921FB
:104850000068FCF701FC10BD70B50C0004A90978D4
:1048600008000B38012807D90330454268411B185E
:104870002068FCF7F1FB70BD0921F9E7080010B5CD
:1048800009210068FCF73CFC10BD70B5150004AAB6
:104890001478080022000B3A012A00D809242A00C3
:1048A00021000068FCF72CFC082C01D100232B54BC
:1048B00070BD70B508680D00FCF78CFB040028681B
:1048C000FCF78CFC083843425841241A200070BD84
:1048D00010B50868FCF782FC0A38431E9841C0B244
:1048E00010BD00007FB50C0015001E00FBF77AFF1D
:1048F000FAF7B6FE010001A80CF058F90B4901A81F
:104900000CF06DFA00280ADA09490A480CF054F84C
:10491000002401A80CF0FBF8200004B070BD2000BA
:1049200032002900FCF75CFA0400F2E75AC40200E6
:104930001CC402008C500020002310B51A0002494C
:10494000FFF7D0FF10BDC04614C4020037B50825DC
:1049500004680095A4342468A0473EBD1FB5130029
:104960000F2200246A44137003680094A0331C686B
:104970000123A04704B010BD1FB513000F226A44E5
:104980001370012304680093A0342468A04704B086
:1049900010BD1FB513000E226A4413800223046861
:1049A0000093A0342468A04704B010BD1FB51300C5
:1049B0000E2203246A44138003680094A0331C6809
:1049C0000223A04704B010BD1FB504230392026860
:1049D0000093A032146803AAA04704B010BD1FB50D
:1049E0000392052203680092A0331C6803AA0423E3
:1049F000A04704B010BD1FB50292039306220368BE
:104A00000092A0331C6802AA0823A04704B010BD7E
:104A10001FB502920393072203680092A0331C681B
:104A200002AA0823A04704B010BD1FB503920B22B1
:104A300003680092A0331C6803AA0423A04704B0B3
:104A400010BD1FB5029203930C2203680092A0339D
:104A50001C6802AA0823A04704B010BD1FB51300AC
:104A60000F2200246A44137003680094A0331C686A
:104A70000123A04704B010BDF0B5036887B00392CE
:104A80009B6904000E009847002812D00F250022D1
:104A900002ABED1823680092A4331F682A0001239B
:104AA00031002000B847002803DD0020285607B059
:104AB000F0BD0398FBE7F0B5036887B003929B69EC
:104AC00004000E009847002810D00F2502ABED1807
:104AD000012322680093A432176831002A002000C5
:104AE000B847002802DD287807B0F0BD0398FBE73F
:104AF000F0B5036887B003929B6904000E009847E5
:104B0000002811D00E2502ABED1802232268009375
:104B1000A432176831002A002000B847002803DDBE
:104B20000023E85E07B0F0BD0398FBE7F0B503682B
:104B300087B003929B6904000E009847002811D0AB
:104B40000E25032202ABED1823680092A4331F68E0
:104B50002A00022331002000B847002802DD2888FF
:104B600007B0F0BD0398FBE7F0B5036885B09B691B
:104B700005000E001400984700280DD004232A6871
:104B80000093A4321768310003AA2800B847002810
:104B900002DD039805B0F0BD2000FBE7F0B5036827
:104BA00085B09B6905000E001400984700280ED0C0
:104BB00005222B680092A4331F6803AA0423310046
:104BC0002800B847002802DD039805B0F0BD20009A
:104BD000FBE7F0B587B00393036805009B690E00FF
:104BE0001400984700280FD006222B680092A433A7
:104BF0001F6804AA082331002800B847002803DDF5
:104C00000498059907B0F0BD20000399FAE7F0B5C4
:104C100087B00393036805009B690E001400984752
:104C200000280FD007222B680092A4331F6804AA23
:104C3000082331002800B847002803DD04980599AF
:104C400007B0F0BD20000399FAE7F0B5036885B01E
:104C50009B6905000E00141C984700280ED00B22FB
:104C60002B680092A4331F6803AA04233100280094
:104C7000B847002802DD039805B0F0BD201CFBE713
:104C8000F0B51F00036885B09B6904000D00160095
:104C90009847002811D00C2223680092A4331B6887
:104CA00020009C4602AA082329006446A047002849
:104CB00003DD0298039905B0F0BD30003900FAE732
:104CC000F0B5036887B003929B6904000E00984713
:104CD000002811D00F25002202ABED1823680092A6
:104CE000A4331F682A00012331002000B8470028A0
:104CF00002DD287807B0F0BD0398FBE7F7B50D009B
:104D00000B680600019211005B6A280098470700B3
:104D100001300CF067FA2B68040098331B6802001E
:104D20009C4601997B1C28006546A847002321006A
:104D30003000E3550BF03AFF20000CF057FA30003A
:104D4000FEBDF7B5040010000E00150011F0CCFFF9
:104D5000082122680091A032176803002A00310060
:104D60002000B847FEBD10B5FFF7EBFF10BD13B52F
:104D7000082403680094A0331C6893681268A04755
:104D800016BD30B504000D0085B0110001A80BF070
:104D900075FF01AA29002000FFF7E9FF040001A820
:104DA0000BF0B5FE200005B030BD13B56B460268B0
:104DB000D9710733546819000122A04716BD826DCE
:104DC0000023062A00D1036E1800704713B56B4606
:104DD000DC1D036801225B6A21009847012801D18C
:104DE000207816BD01204042FBE770470120704744
:104DF00070B50500154BBC35083303600400286806
:104E0000002803D010F094FC00232B602500B0355F
:104E10002868002803D010F08BFC00232B602000B2
:104E200090300BF074FE20006C300BF070FE200010
:104E300030300BF06CFE200024300BF068FE2000B8
:104E400018300BF064FE200070BDC04624C502007F
:104E500010B50400FFF7CCFF20000CF0C7F92000CC
:104E600010BD0000FA2370B5002504009B0083608C
:104E70001F4B204E083303604560456101613100DE
:104E800018300BF093FE2000310024300BF08EFE22
:104E90002000310030300BF089FE230001223C332A
:104EA0001A70154B20002364144BFF3263642300F7
:104EB00048331A803100E5646C301D726565A56564
:104EC0000BF074FE2000310090300BF06FFE2300D9
:104ED000A8339D60DD605D611D83DD611D60083369
:104EE0001D76290020000BF0F1FD200070BDC046AA
:104EF00024C50200DAD0020060EA0000307500002C
:104F00004161704710B58B6D0400062B04D16C31E4
:104F10000BF0B4FE200010BD01490BF047FEF9E78D
:104F2000DAD0020010B518300BF0B8FE10BD0164E5
:104F3000704741647047C06C70470300A83070B57B
:104F400004001500A43318682368C01810F01BFC77
:104F5000236828005B19236070BD07B56B46D971C3
:104F6000073301221900FFF7E8FF0EBDF8B5060070
:104F70001C00069B0500A436336000230901114381
:104F8000A8352B60C9B28027FFF7E7FF7F422300D7
:104F90007F22E4091340002C01D03B43DBB22A6896
:104FA0003168501C28608B54002CF0D12868F8BD63
:104FB00007B50B006A465BBA911D02220B80FFF712
:104FC000BCFF0EBDF8B50F00110005001600FFF77D
:104FD000EFFF3200040039002800FFF7AEFF201871
:104FE000F8BD10B5006903685B69984710BD10B53E
:104FF00000690368DB6A984710BD10B50400FFF72D
:10500000F6FF0023984201D050342378180010BDD9
:1050100010B5006903681B69984710BD70B504009E
:105020000BF0EAFF05002000FFF7F2FF002803D095
:105030002000FFF7D6FF70BD2000FFF7D8FF002843
:1050400007D00CF03CF80BF0D7FF034B401B984205
:10505000E9D901204042EEE7E703000010B50069FE
:1050600003689B69984710BD10B5836D062B02D16C
:10507000FFF7F4FF10BD01204042FBE710B50069C7
:1050800003685B68984710BD0300F7B5C4331B681D
:105090000F001500002B04D0FFF74FFF050028007C
:1050A000FEBD0300AC331B78002B02D0FFF7E6FFF8
:1050B000F4E70600B436336801930300019A4833DD
:1050C0001B88AA189A4201D3019A9D1AB03002682F
:1050D0000400002A03D1180010F020FB2060019B7F
:1050E00020682A00C018390010F04DFB33685B19A6
:1050F0003360D4E710B503000400A433A834196862
:105100002268FFF7BBFF2368181A43425841002367
:10511000236010BDF0B5060085B002AF79609D3602
:10512000327804000020022A44D8230098331D68F6
:10513000AB1C82420BD0A0208446A4446046008869
:105140002B1D013080B2002836D06146088018003F
:1051500069460C30C008C000091A8D469C218C4657
:10516000A444614602A80978002A27D10A009E219A
:105170008C46A44461460978002901D008210A43DD
:10518000796800905B1820000321FFF7EFFE2300F1
:1051900090331968AAB22000FFF714FF3378002B70
:1051A00005D02300A03319882000FFF701FF20005D
:1051B000FFF7A0FFBD46FEBD0120C6E752000A432F
:1051C000D2B2D4E7F7B504001F0008AB1E7809ABD4
:1051D0001B789030150001930BF060FD6A462300A8
:1051E00012799C339A7000221F705E7018331A6017
:1051F0006B1C5A1E93412200AC3213706B1C02D1FF
:1052000001252800FEBD29002000FFF783FF051EB1
:10521000F6D1236820009B6A9847F2E737B506ACC1
:1052200007AD2D782478019500940968FFF7CAFF2F
:105230003EBD30B504000D0085B003AB00220093E5
:1052400004210223FFF792FE29002000FFF7B0FEA1
:105250002000FFF74FFF05B030BD30B504000D0052
:1052600085B003AB0022009305210223FFF77EFEE9
:1052700029002000FFF79CFE2000FFF73BFF05B050
:1052800030BD030010B57D331B78012B05D1030021
:1052900080331988FFF7CDFF10BD022BFCD103002E
:1052A00080331988FFF7D9FFF6E7F8B5836D05005D
:1052B0000F001400062B02D000242000F8BD036864
:1052C0001B6998470600A04200D926000024A64288
:1052D00007D02800FFF7A2FE431C02D03855013446
:1052E000F5E7002CE8D02B6E1E1B2E66E5D12800BA
:1052F000FFF7C7FFAE65E0E730B585B003AB0093BD
:10530000022304000D001A000621FFF72FFE2900DA
:105310002000FFF74DFE2000FFF7ECFE05B030BD8A
:1053200030B504000D0085B003AB002200930721C7
:105330000223FFF71BFE29002000FFF739FE2000A3
:10534000FFF7D8FE05B030BD1FB503AB00930023B7
:1053500004001A000C21FFF709FE2000FFF7CAFE27
:105360001FBD0000F8B50400FFF752FE002808D169
:105370002000FFF73CFE002803D123005033A06536
:10538000187006272000FFF743FE00287BD020007E
:10539000FFF727FE0500C6B20BF02EFE23008C336C
:1053A0001860A06D07286AD80CF08AFD0800180064
:1053B0009800ED001A013A01620162010F232D11DC
:1053C0001D401E40220023005C325D3315701E70AC
:1053D0000023236601336366A36550E07F23626E7A
:1053E0002B405343216ED2015B18802123666266F5
:1053F00089038A4204D9236820009B6A984755E0B4
:105400002A06BFD422005C3212780B2A05D8A249A2
:10541000D140C9070CD4032A14D0062A47D1220050
:105420005D321278022AE6D1022BE4D1022353E046
:1054300021005D3109780029DDD1022BDBD1032A5F
:1054400006D0F3E723005D331B783B40062BD2D018
:10545000230022005D331B787C32D90911702000B3
:1054600003215A100A407D300270012213402200AD
:105470007E321370A1652300002288331A60A36D69
:10548000062B00D07EE7230050331B78002B0DD075
:105490000BF0B2FD2100B8310A68236C821A9A42DF
:1054A00000D2EFE008602000FFF74EFFF8BD092AA8
:1054B00007D122005D321278002A9CD1032BB5D08F
:1054C00099E70D2A97D122005D321278002A00D088
:1054D00091E7002B00D08EE7A365CCE7210088314F
:1054E0000B685A1CE31882330A601E70236E9A42BE
:1054F00000D047E70023A36523005C331B78022B11
:1055000003D1230083331B7814E01A1F012A03D927
:10551000FB21DA1F0A420FD12300210082331A78BF
:10552000A03101331B78098812021343994200D03D
:1055300028E70023A366A2E7062B11D12300AC3392
:105540001B78002B00D01DE723002200823383321A
:105550001B7811781B0219432000FFF7E1FE8EE74C
:10556000092B00D00EE72300210082331A78A031E6
:1055700001331B78098812021343994200D001E7D6
:1055800023008433BFE7250088352B685A1CE318B5
:1055900082332A601E70022A00D0F3E62300260020
:1055A00082331B886C365BBA9BB2A367236E3B4980
:1055B000023B236630000BF071FBA16F30000BF053
:1055C000C7FA23007D331978226EA36F002900D01B
:1055D00002339A4200D20EE700232B600433FBE62D
:1055E000200031006C300BF0B9FBA06F636F984264
:1055F00000D044E7236E181A230020667D331B7801
:10560000002B01D00523E7E66369A765002B00D1D5
:1056100039E79847236E002B00D030E70023DBE604
:10562000210088310B685A1CE31882330A601E700F
:10563000022A00D0A6E6236E981E2300206682333D
:105640001A7801331B781202134322008032138030
:105650006369A765002B00D09847236E002B00D00C
:105660000DE72000FFF70DFE6369002BD6D106E79A
:10567000236E002B01D0013B2366236E002BCDD07F
:105680000723A9E622008C3212685B00801A984238
:1056900000D20BE7AFE6C046B4080000DAD0020043
:1056A000F0B585B002AF0400080079603A6011F0EF
:1056B0001BFB3B6806000025022B2CD82500A035DB
:1056C0002B8801339BB2002B28D02B8033006A46F5
:1056D0001133DB08DB00D31A9D4602AA731D00922A
:1056E000082102222000FFF741FC29882000FFF753
:1056F0005FFCB2B279682000FFF764FC39682000D3
:10570000FFF72BFC2000FFF7F5FC051E08D12368EE
:1057100020009B6A9847BD462800FEBD0123D4E7C0
:1057200001235B42A366813363650BF065FC0500D2
:105730000BF062FC636C401B984210D22000FFF714
:1057400056FC00280BD02000FFF70CFEA36E5A1C5D
:105750000BD00025022263659A426D41DBE7236886
:1057600020009B6A98470025D5E70BF0A8FCDFE7EF
:1057700010B50968FFF794FF10BDF0B504002600CE
:1057800085B002AF0800796011F0AEFAA036328819
:105790000500013292B2031D002A23D032802A0074
:1057A00069461032D208D2008A1A954602AA00929F
:1057B0000A2102222000FFF7D9FB31882000FFF7E1
:1057C000F7FBAAB279682000FFF7FCFB2000FFF787
:1057D00091FC051E08D1236820009B6A9847BD46AE
:1057E0002800FEBD0122D9E701235B42A3660BF02E
:1057F00003FC06000BF000FC636C801B98420DD28A
:105800002000FFF7F4FB002808D02000FFF7AAFDD6
:10581000A56E6B1C08D06B425D41E0E72368200059
:105820009B6A98470025DAE70BF049FCE2E710B5E0
:105830000968FFF7A2FF10BDF0B591B002AF0400F8
:10584000F9601600BB60FFF7D2FB002803D0206987
:1058500003689B6A9847220000235032A3651370A7
:105860005032138020690368002E0DD031001B6A6E
:10587000BA689847002821D1022300255B42E364DF
:105880002800BD460FB0F0BD1022DB697B60BB185D
:105890009B18724A9C4610233A621422FB189A18ED
:1058A000FB681E1D2ACE2AC2366861461660FB6858
:1058B0001A7D63461A75BA687B68DAE70BF09CFBC1
:1058C00023008C331860210014231831F8180BF0D2
:1058D000D5F9E36AFE69FB60A36BBB60002E10D1B3
:1058E0000BF08AFB1025030078195D4A112140193D
:1058F00011F002F97B1959191423F8180BF0CEF99D
:105900002E002300C0331D880023FA680C35AD1922
:105910009A4203D013000233ED188023BA68002A9C
:1059200004D040221343BA680232AD182200C832B4
:10593000127813437B6023003C331B78002B04D088
:1059400002237A681343DBB27B6080231020DB00E4
:105950003B841223381804224249C0180FF013FF69
:1059600026220423BA1813702722FA213B79BA1889
:105970001370206C89000CF0ADFA0302000A184382
:105980002B006A460C33DB08DB00D31A9D4602ABC2
:1059900038850022009301212B002000FFF7E6FA52
:1059A0001023F918C9180A222000FFF7C6FAB2B26C
:1059B00079692000FFF706FB2300C0331A88002A0C
:1059C00004D0043B19682000FFF7B7FAFB68002BEE
:1059D00004D0BA89616A2000FFF7F4FABB68002B93
:1059E00004D03A89216B2000FFF7ECFA2000FFF782
:1059F00081FB051E0AD1206903689B6A984703232F
:105A0000E3641423F8180BF082F839E701235B42B2
:105A1000A3660BF0F1FA05000BF0EEFA636C401B85
:105A200098420DD22000FFF7E2FA002808D02000AB
:105A3000FFF798FCA36E013302D10BF040FBEBE7BC
:105A4000A36EE364002B03D1012550342570D8E701
:105A50002069002503689B6A9847D2E7D4D00200EA
:105A600010C502001EC50200F0B51300084A87B039
:105A7000009201AC0D1DC4CDC4C42A6822600A7D09
:105A800069460A750022FFF7D7FE07B0F0BDC04691
:105A9000D4D0020070B5160004000D0086B00021BD
:105AA00068460AF05DFE33002A0069462000FFF7D1
:105AB000C3FE06B070BD1FB503AB00930023040006
:105AC0001A000E21FFF752FA2000FFF713FB1FBD4B
:105AD00010B503680400DB6A9847002802D0200054
:105AE000FFF7E9FF2300002250331A702069036892
:105AF0009B6A984710BD70B50600AC363378040039
:105B0000002B16D10500B4352968FFF703FB0028E8
:105B100005D1236820009B6A9847002070BD2300B0
:105B2000B03319682A682000FFF7A8FA2B6898425A
:105B3000EFD10023337023009D331B780120002B0D
:105B4000ECD0022B1DD1033BA3660BF055FA0500E8
:105B50000BF052FA636C401B98420CD22000FFF706
:105B600046FA002807D02000FFF7FCFBA36E5A1C62
:105B700021D0002BD1D12300A03319882000FFF7BA
:105B8000BBFB01235B42A3660BF036FA05000BF06A
:105B900033FA636C401B9842BFD22000FFF727FA0C
:105BA0000028BAD02000FFF7DDFBA06E431C05D013
:105BB00043425841B2E70BF082FAC9E70BF07FFA93
:105BC000E5E7000070B504000F4D29000AF0EEFF74
:105BD000200029000C300AF0E9FF200029001830CD
:105BE0000AF0E4FF2000290024300AF0DFFF200043
:105BF000290030300AF0DAFF200029003C300AF09A
:105C0000D5FF200070BDC046DAD0020010B50400F8
:105C10003C300AF07CFF200030300AF078FF200092
:105C200024300AF074FF200018300AF070FF2000C2
:105C30000C300AF06CFF20000AF069FF200010BD54
:105C400070B505000A4BFC35083303600400686832
:105C5000002803D00FF06CFD00236B6020004C3057
:105C6000FFF7D4FF201DFFF7D1FF200070BDC04615
:105C700068C5020010B50400FFF7E2FF20000BF03A
:105C8000B5FA200010BD000010B50400084B083321
:105C900008C0FFF797FF20004C30FFF793FF230069
:105CA0000022FC3320005A609A60DA6010BDC046C2
:105CB00068C5020010B594306C2200210FF07FFD02
:105CC000012010BD020010B5FA24D4321378E4008C
:105CD000DB101B190B60040013780E22D5345B0017
:105CE00013402278D630D21113431F224B60237801
:105CF0009B1013408B6023781824DB00234004782A
:105D000064112343CB6003781A400A6110BD03007D
:105D10000020402A02D1FC33D960013070478868E6
:105D200070B58A6B4E690D6ACC6A4B6C002800D046
:105D30000B30002E01D00B368019002D01D00B3511
:105D40004019002C01D00B340019002A01D00B326D
:105D50008018002B01D00B33C01870BD30B50C007B
:105D60000020202520340A5C2B1A002A0CD1013097
:105D70002128F8D1130040312278081B002A0AD1CB
:105D80008C4204D00134F7E7D2099B18F3E71000E6
:105D90001533181830BDD2098018F9E70B78002B9D
:105DA00004D1002A04D00131013AF7E7DB09D21807
:105DB000901C70470B00581A824207DD0133581EB1
:105DC00000780028F7D01132100000E00020704762
:105DD000F0B589B003A90400FFF774FF039B204AC4
:105DE0002025934200DC023D07995B18934200DDB9
:105DF000023521001022DC312000FFF7CFFF211DEA
:105E000001902000FFF78BFF04270600FF2803DC2A
:105E1000023F7F2800DD0137210020004C31FFF7D1
:105E20007EFF0423FF2803DC023B7F2800DD0133D3
:105E30002100019A02351132D719BE197519ED18D2
:105E40002D18EC3114222000FFF7B4FF03002800C6
:105E50005F30002B01D05B35E81809B0F0BDC046BB
:105E60000108000010B5FFF7B3FF0423FF2803DC8F
:105E7000013B7F2800DC013BC01810BD70B5040059
:105E8000FFF76CFF05002000FFF7ECFF401904232B
:105E9000FF2803DC013B7F2800DC013BC01870BDFC
:105EA00030231370FF290DDD5233081253709070A8
:105EB000D31C19700420FF2903DC01387F2900DC82
:105EC00001387047531C7F29F3DD8120931C5070EB
:105ED000EFE7312070B58C681870E0B20500093525
:105EE0005D7030259D70C51DDD7006251A72132268
:105EF0001D71033D5D7152359D71513DDD715A72C9
:105F000098720B331800096822000FF03CFC200047
:105F10000B3070BD8B6870B506000D001400002BAF
:105F200004D013000622FFF7D4FF24186B69002B5E
:105F300007D02900230008220C313000FFF7C9FFE9
:105F400024182B6A002B07D02900230007221831C0
:105F50003000FFF7BEFF2418EB6A002B07D02900A2
:105F600023000A2224313000FFF7B3FF2418AB6B63
:105F7000002B07D0290023000B2230313000FFF71F
:105F8000A8FF24186B6C002B06D0290023000322E5
:105F90003C313000FFF79DFF29003000FFF7BFFEC6
:105FA00070BD3023F7B5137093701D3BD3700D3B5C
:105FB0009C46137107235371053BD372013B137346
:105FC00053750633937559204223019161465070F1
:105FD00013763D2000232A2786264825CE24517398
:105FE00008219072D07453763A3804339771D67181
:105FF0001572D77316745574547291739474107526
:10600000D07593761B321000019940220FF0BBFB34
:106010005B20FEBD3023F0B50F0020241370263B1B
:106020005370043B93700233D370223313715C338B
:1060300053713E3B93718633D371913B1372393B5D
:106040005372013B85B09372013B03900191D3726F
:106050002037087800280BD0019D4035AC466346B8
:10606000DE1B3B78002B09D1AF4206D00137F6E7A3
:10607000002CF1D00131013CEBE71E00DB09F618E2
:106080000323C00924181373E0B2F3B20293C318B8
:10609000DBB2DD1D557300259573AC463025043306
:1060A00013740223D5731500537490740B78133551
:1060B0007F2B05D9644503D063460135D374013C79
:1060C000220028000FF05FFB02232C192370E01838
:1060D0006B461B7A63703B787F2B05D9002E03D06B
:1060E0000023E01CA370013E320039000FF04BFB8F
:1060F00001990398FFF732FE05B0F0BDF7B5050032
:10610000FC35AF680400380001910FF007FB061E54
:1061100001D10020FEBD3A0069680FF034FB0199FF
:106120002000FFF7ABFE0100A860686810F07EFC5D
:10613000071E6860EDD02000FFF794FE019905006E
:106140002000FFF70BFE3A0029182000FFF7A8FEF9
:106150003D182000FFF786FE3100020028000FF0F6
:1061600012FB30000FF0E4FA2000FFF77BFE0199EC
:106170002A182000FFF74EFF0120CBE7010010B5E1
:106180009431FFF7BBFF10BD70B50D0014002A78E5
:10619000002A04D1002C04D00135013CF7E7D209D4
:1061A000A41802225C701A702A78981C7F2A03D9DE
:1061B0000022D81C9A70013C220029000FF0E3FA5B
:1061C0002B787F2B00D90134A01C70BDF7B501934B
:1061D000424B0E0000920B9D99426ADD1823FA2172
:1061E0002B70093B6B70890030000BF0FDFEFA212B
:1061F0003030A870890030000BF0DCFF080064210B
:106200000BF0F2FE3030E870642130000BF0D2FF6A
:1062100008000A210BF0E8FE303028710A21300016
:106220000BF0C8FF3031AC1D69710A2100980BF0EA
:10623000DBFE303020700A2100980BF0BBFF3031BC
:10624000617001980A210BF0CFFE3030A0700A2156
:1062500001980BF0AFFF3031E17008980A210BF084
:10626000C3FE303020710A2108980BF0A3FF3031B3
:10627000617109980A210BF0B7FE3030A0710A2134
:1062800009980BF097FF3031E1710A980A210BF061
:10629000ABFE303020720A210A980BF08BFF5A2394
:1062A000A3720E4B3031617211209E4200DC023825
:1062B000FEBD0B4B2C1DCF1817232B700A3B6B70A8
:1062C0000A2138000BF090FE3030A8700A21380007
:1062D0000BF070FF3031E970A7E7C04601080000FD
:1062E00030F8FFFF30230B70263B4B70043B8B7064
:1062F0000233CB7022330B715C334B713E3B8B719D
:106300008633CB71913B0B72393B4B72013B8B72E5
:10631000013B0C20CB72704770B521251400A322DD
:106320002320DD70023D1A705D71733A193D9A7039
:106330001A719D715A73033D1A3A5870DD71987243
:106340009A7352351F386A321D72D872383DDA732B
:1063500014306C3A5D7218731A74113318002200ED
:106360000FF011FA2000113070BD0000F0B50400EC
:106370008DB02600FFF776FDFC36B0600FF0CEF949
:10638000051E706002D100200DB0F0BD2000FFF7A7
:106390001FFD2A0001002000FFF782FDA02301223B
:1063A0002100281803709D3B4370451D013B8370FD
:1063B000C27003710F322B00DC312000FFF7E4FEC6
:1063C0002D1829002000FFF78DFF271D2D183900FB
:1063D0002000FFF7A4FC2A0001002000FFF760FD69
:1063E0002D182A0039002000FFF794FD07A92D1869
:1063F0002000FFF767FC30230799314F2B70103BCB
:10640000B94200DC023B0B9A022005928A18BA427C
:1064100000DC00201B186B70AF1C00250A9B039743
:106420000295019505930093089A099B2000FFF7B8
:10643000CDFE079A0B9B9446634419000A9B3F18B4
:10644000089A039702950195059300932000099BF4
:10645000FFF7BCFE3D1827004C3739002000FFF73E
:106460005EFC2A0001002000FFF71AFD2D183900FC
:106470002A002000FFF74EFDF168002900D182E7D5
:106480002D182A0020002600FFF78BFDEC362D1872
:10649000142231002000FFF78DFC002807D02B00CC
:1064A000142231002000FFF737FF01206CE7A323FF
:1064B0002B70A13B6B702E33AB70E870F5E7C046D4
:1064C00001080000014B03607047C046B440002043
:1064D000014B024A1A607047B0400020B4400020CF
:1064E00070B515000A0006000C00943248232900FC
:1064F000006800F007FB002801D1002070BD2200D9
:10650000691C2423DC32306800F0FCFA0028F4D047
:106510002300883490331B68A91C2268306800F07F
:10652000F1FA431E9841E9E7F0B50C0097B03C49F9
:106530000600684615001F000AF038FB2000FFF730
:10654000B9FB2200482394322900306800F07AFA1F
:10655000002806D1002468460AF0D9FA200017B0B6
:10656000F0BD2200691C2423DC32306800F06AFA96
:106570000028EFD0A91C029B009A306800F062FA54
:106580000028E7D006AA3900306800F0BDF90028DD
:10659000E0D02000694688300AF060FB214903A85A
:1065A0000AF004FB03A9201D0AF058FB03A80AF017
:1065B000AEFA1D4903A80AF0F9FA200003A9283011
:1065C0000AF04CFB03A80AF0A2FA184903A80AF043
:1065D000EDFA200003A934300AF040FB03A80AF0CA
:1065E00096FA134903A80AF0E1FA200003A9403003
:1065F0000AF034FB03A80AF08AFA402206A9200018
:10660000FFF785FB0028A5D02000FFF7AFFE00288C
:10661000A0D02000FFF7B2FD0400601E84419AE77D
:1066200010A6020080C5020083C5020092C50200C8
:1066300078C5020070B5050016009CB048220C0019
:106640000AA800210FF0BBF848230AAA31002868E5
:1066500000F0F8F9002802D100201CB070BD06AA95
:10666000059204920392029201920092130009494A
:106670000AA810F093FA0828EED10AA907A80AF090
:1066800095FA07A920000AF003FB07A80AF03FFAD1
:106690000120E2E795C50200704710B504000AF03A
:1066A000A5FD200010BD10B50368C9B21B6898474E
:1066B00010BD10B504004068217A0368DB6A984772
:1066C00002216068FFF7EFFF606803685B6B984723
:1066D0000023984203D101200AF0C4FC01231800D2
:1066E00010BD00000B4B10B5134004D52020013B1A
:1066F0004042034301331F24D01720401C3CA140DB
:106700008018DA172240D31840119B10000218435A
:10671000084310BD1F000080F0B5081E1BD00020EC
:10672000824218D08B189C46082201230E781C0048
:106730003440651EAC41C70B400080B2BC4202D061
:10674000054C604080B25B00013ADBB2002AEED11A
:1067500001316145E8D1F0BD0580FFFFF0B585B09E
:1067600000AFFC6AFB8023006E4608333B600733B2
:10677000DB08DB00F31A03269D4605001E70E01DB2
:10678000013E58709970DA70B91D320001A80EF000
:10679000FAFF6B462200B96A981D0EF0F4FF6B46B3
:1067A000621D591C2800FFF7B7FF0E23F881A01DBA
:1067B0003200F91868440EF0E6FF6868297A036829
:1067C000DB6A98476868694603683A685B68984777
:1067D000686803685B6B9847BD464342584105B003
:1067E000F0BDF0B5130085B000AFBA60D51C6A46A5
:1067F0000A33DB08DB00D31A9D46FB601523040037
:1068000039607B606068217A03682A009B6B1E00F8
:106810000123B047A84204D07B68013B7B60002B7A
:10682000F0D1606803685B699847FB681870C0B274
:10683000A8420ED15D1C2E00606803681B69984752
:1068400000281BD0606803685B6998472870013591
:10685000F2E7606803681B699847002804D0606805
:1068600003685B699847F4E701200AF0FBFB20000E
:10687000FFF71FFF0020BD4605B0F0BDBB68F968FB
:106880005D1C2A002000FFF747FFBA68FB689B18D1
:106890009A78FB6812025B5D13439842E4D1BA68B0
:1068A000310038680EF06FFF0120E4E737B50400CF
:1068B0004068124903689B6A984760680021036832
:1068C000DB6A9847606803685B6B98470C480AF07E
:1068D000EBFB6B46DD1D012229002000FFF781FF45
:1068E000002809D02B780020112B05D160680549BC
:1068F00003689B6A984701203EBDC046A086010000
:10690000DC05000040420F0073B504000D001600C6
:10691000FFF7CCFF002801D1002076BD0022ABB2EA
:106920000192009240212000FFF718FF0028F3D0C9
:1069300073200AF097FB402231002000FFF751FF3F
:106940000028E9D001200AF08DFB2000FFF7B1FEFE
:106950000120E2E730B5002485B005000394FFF77D
:10696000A5FFA04202D1002005B030BD01940094E3
:106970002300220030212800FFF7F0FE0028F2D08B
:1069800002200AF06FFB042203A92800FFF729FF69
:106990000028E8D001200AF065FB2800FFF789FEF7
:1069A0000398E1E710B5040040680368DB69984785
:1069B0002000FFF77BFF2000FFF77BFE2000FFF7A2
:1069C000C9FFF0231B041840034BC018034B1840A9
:1069D0004342584110BDC0460000B0FFFFFFEFFF2B
:1069E000F0B585B006000D0003921F000A9CFFF76A
:1069F0005DFF002803D10024200005B0F0BD042C69
:106A000003D0202CF7D180231D4300216B46EAB22E
:106A10009B893000019100910231FFF79FFE002811
:106A2000E9D005200AF01EFB220039003000FFF7F4
:106A3000D8FE0028DFD001200AF014FB3000FFF759
:106A400038FED9E7F0B585B002900F0003921D0023
:106A50000F291DD8032420261C4002D0002005B099
:106A6000F0BDAC4217DA2B1B1F2B00DC04262200E2
:106A700039000298FFF736FE039B02001B190096AF
:106A800002210298FFF7ACFF0028E7D0A419E8E73D
:106A900001204042E3E70120E1E7F0B585B00500C1
:106AA0000C0016001F00FFF701FF002802D1002094
:106AB00005B0F0BD0A9B042B03D0202BF7D1603327
:106AC0001C430A99B3B20191E2B200971221280047
:106AD000FFF744FE0028EAD00F241A206C440AF085
:106AE000C1FA012221002800FFF77BFE0028DFD039
:106AF00001200AF0B7FA2800FFF7DBFD20784342B7
:106B00005841D5E7F0B585B002900F0003921D0003
:106B10000F291DD8032420261C4002D0002005B0D8
:106B2000F0BDAC4217DA2B1B1F2B00DC0426220021
:106B300039000298FFF7D6FD039B02001B1900964F
:106B400002210298FFF7A9FF0028E7D0A419E8E77F
:106B500001204042E3E70120E1E70000064B07483F
:106B6000083310B50360064B064A436060230649AC
:106B700003720AF06DFE10BDB4C50200B4400020DF
:106B8000C0400020000000209966010010B5036895
:106B90009C6B0123A04710BD8C2300229B00C15495
:106BA000103BC3185A609A60DA60012383757047FE
:106BB00010B5036801211B6B984710BDF8B505009F
:106BC0000E0017000024BC4208D02B68315D1B6802
:106BD00028009847002801D00134F4E72000F8BDD0
:106BE000FC30406A704770478E239B00C15070474D
:106BF0008D239B00C15070470300FC335A6A002A62
:106C000003D01B6AC018007E704701204042FBE79A
:106C100070B5060018250C49006907F09DFF306922
:106C200007F0DBFD2B000821307D084C4343E318BF
:106C300059560AF05FFD0821707D4543641961567D
:106C40000AF058FD70BDC046A0860100BCCC020011
:106C500070B504000D00006907F0D4FD290020691B
:106C600007F07AFF206907F0B8FD70BD10B5006924
:106C700007F0C8FD10BD0000F7B50193FA23802688
:106C8000002504009B008360134B760008330F003F
:106C90004560290000920360320018300EF08FFD2D
:106CA00023002000FC332530DD6132001D62290005
:106CB0005D62FF300EF083FD88239B00E3185D606A
:106CC0009D60DD606B461B78276123756B461B79E1
:106CD000A57520006375FEBDC4C5020070B5060031
:106CE0001825006907F013FF306907F076FD2B00C7
:106CF0000821307D064C4343E31859560AF0FAFC4C
:106D00000821707D4543641961560AF0F3FC70BD9B
:106D1000BCCC020010B50022FFF7E0FF10BD03005D
:106D2000802210B5FC33DC685200944208D05A68C7
:106D300081545A680132D2B25A60DA680132DA609C
:106D400010BDF7B50400171E019302D100252800DD
:106D5000FEBD03000022FC33DA611A625A62006948
:106D6000013207F081FD061EF0D0230020691833A0
:106D7000009307F00CFE01000098FFF7D0FF0125FB
:106D80002069BD4214D007F0E0FD00280FD0206933
:106D900007F04AFD0221206907F050FD206907F045
:106DA000F6FD01000098FFF7BAFF0135E8E706009D
:106DB000206907F031FD019B002B06D0002E06D084
:106DC0000321206907F03AFDC1E7002EBFD1013D44
:106DD000BDE7002310B5827D9A420CD08822920034
:106DE0008218D46880225200944204D02530FF30AB
:106DF000FFF795FF0123180010BD0300FC33DA688C
:106E0000002A09D09A68805C9A680132D2B29A60EE
:106E1000DA68013ADA60704701204042FBE700225D
:106E20008C2370B59B00827504000E00C15C006964
:106E300007F01AFD002806D10321206907F0FEFCA7
:106E40000225280070BD88239B00E318DD68002D13
:106E500011D020002530FF302569FFF7CEFFC1B2E9
:106E6000280007F043FD0028EDD10321206907F039
:106E7000E5FC0325E5E7002EE3D00321206907F0B8
:106E8000DDFCDEE710B51830FFF7B7FF10BD70B5B9
:106E90000400006907F050FD002815D0206907F0B4
:106EA00062FD002811D0206907F0BEFC0321206993
:106EB00007F0C4FC8E239B00E558002D35D100233C
:106EC000FC34E3612362636270BD206907F055FD05
:106ED000002809D0206907F04BFD002804D0206964
:106EE00007F050FD0028DED0206907F046FD00289D
:106EF00021D1206907F032FD0028E5D0206907F094
:106F000041FD002833D088239B00E318DB68FF2174
:106F1000002B05D020002530FF30FFF76EFFC1B2F7
:106F2000206907F0FBFCA075CEE7236820001B69F1
:106F30009847A847C3E7206907F076FC206903213A
:106F400007F07CFC206907F01DFD0028BCD08823D9
:106F500000229B00E3185A609A60DA600123A3754F
:106F60008D239B00E3589342AED09847ACE72300B3
:106F7000FC335A6A802320695B009A4206D107F0ED
:106F80004BFC0321206907F059FC9DE707F0FFFC4B
:106F9000010020001830FFF7C2FE206907F044FC12
:106FA000EFE7000010B50248FFF771FF10BDC046C3
:106FB000C040002010B51323122202490248FFF7F7
:106FC0005BFE10BD7C500020C0400020704710B513
:106FD00004000AF00BF9200010BD00001F220C4B2A
:106FE0008262083302000360002334324362C362CA
:106FF000036313705370821D8363C3630364D38779
:10700000403213708364C364436583657047C04630
:1070100014C602001F230200836200233532C362BC
:10702000036313708363C363036453748364C3642F
:107030004365836570478B6A8362CB6AC3620B6B5F
:1070400003630B0034331A78030034331A700B00D7
:1070500035331A78030035331A708B6B8363CB6B2F
:10706000C3630B6C03648B1DDA8F831DDA870B00FF
:1070700046331A78030046331A708B6C8364CB6CEA
:10708000C3640B0050331A88030050331A804B6DD1
:1070900043658B6D8365704710B50400FFF7CBFF28
:1070A000200010BD70B50500002486B068460E00B3
:1070B00003F0B8FEEB6CA34200DD9C1C684603F0B5
:1070C000EBFEAB6A0230241A0020E41806D4AC624E
:1070D000AE64684603F0E0FEE864012006B070BDCF
:1070E00030B5036C002B06D00400463424780233FC
:1070F000002C00D00233941C856A1B1B00245B19F2
:1071000005D48362C16302644630047001342000F8
:1071100030BD70B5046C002C06D0050046352D78C6
:107120000234002D00D002341D1D866A641B002528
:10713000A41907D403648462C263831D01354630F9
:10714000D9870570280070BD70B50024856DA542F3
:1071500000DD2C1D1D1D866A641B0025A41906D4A4
:107160008462040050342180013542658365280023
:1071700070BD70B50500806B0E00041E06D00024A3
:107180000378A34202D00FF0AFFD841C30000FF053
:10719000ABFDAB6A0230241A0020E41802D4AC62C2
:1071A000AE63013070BD30B5040035340200207884
:1071B0000323451EA84140420340956A033B00203B
:1071C0005B1904D49362013034322070117030BDE9
:1071D00004307047406A704735300078704770B5AA
:1071E00015001F22436A0400D21A0020AA4208DBBD
:1071F000181D2A0020180EF0C6FA0120636A5D19D6
:10720000656270BDF8B51D000E0011001F22436AB3
:10721000AF1C0400D21A0020BA420EDBE218681C30
:107220001071981C6062981D567120182A000EF08B
:10723000AAFA0120636A5D196562F8BD70B586B06F
:107240000600684603F0EEFD684603F025FE0624BE
:107250000500022800DC043C684603F01BFE2B00FE
:10726000020021003000FFF7CDFF06B070BD10B561
:1072700013000A00FF21FFF7C5FF10BD30B589B02C
:107280001C0005006B460800110018802200981CA5
:107290000EF079FAA31C6A46FF212800FFF7B2FF1F
:1072A00009B030BD30B589B01C0005006B46080040
:1072B000110018802200981C0EF065FAA31C6A4683
:1072C00016212800FFF79EFF09B030BD07B56B46B9
:1072D000DA1D012311701900FFF794FF0EBD70B580
:1072E000050010000E0014000FF0FEFC310003003A
:1072F00022002800FFF786FF70BD70B5050008006A
:107300000C000FF0F1FC1D2806D91D2322000821D6
:107310002800FFF777FF70BD220009212800FFF742
:10732000DEFFF8E7002370B5C16A040043629942AA
:1073300007D0026B9A4204D0FFF751FF05002800E6
:1073400070BD230035331B780125002B06D02300A8
:10735000343319782000FFF7B9FF0500A16C00292C
:1073600004D02000FFF76AFF0540EDB2E16B002971
:1073700010D0236C002B0DD0200046300078A21DC9
:1073800000281ED0D08F0A0001002000FFF776FFF2
:107390000540EDB2626D002A0AD0A36D002B07D024
:1073A0002100503109882000FFF77CFF0540EDB235
:1073B000A16B0029C3D02000FFF79FFF0540EDB26D
:1073C000BDE71A002000FFF752FFE1E7104B10B5B0
:1073D0000833040003604068002809D000F0E4FA94
:1073E000002805D16068002802D003685B689847D0
:1073F000A068002809D001F0B2F8002805D1A068E3
:10740000002802D003685B689847200010BDC04682
:1074100024C6020010B50400FFF7D8FF200009F0D1
:10742000E5FE200010BD0000074B10B508330360D7
:107430000023040041608360994202D0080000F0FC
:10744000AEFA200010BDC04624C60200074B10B59E
:10745000083303600023040043608160994202D036
:10746000080001F077F8200010BDC04624C60200D5
:10747000F0B585B004001E0054200AAB1F780291BD
:10748000039209F0ABFE05003300039A02990097BE
:1074900000F070FB29002000FFF7C6FF200005B0B8
:1074A000F0BD0300406810B5002802D000F08EFA4D
:1074B00010BD9B68181EFBD001F07EF8F8E743680A
:1074C00010B5002B03D0180000F082FA10BD8268BE
:1074D0001800002AFAD0100001F070F8F6E770B535
:1074E0004468002C03D0200000F074FA70BD856859
:1074F0002000002DFAD0280001F062F8F6E743687A
:1075000010B5002B03D0180000F0C8FA10BD846835
:107510001800002CFAD0200001F0A4F8F6E7436828
:10752000002010B5834202D0180000F0C3FA10BD4D
:107530004368002010B5834202D0180000F0C0FA62
:1075400010BD4068704770B5060040680C0015001B
:10755000002802D0C9B200F0B8FAB068002803D001
:10756000E1B22A0001F08EF870BD704710B5034BF0
:10757000186803681B69984710BDC04644CA0200DA
:1075800010B5034B186803685B69984710BDC04687
:1075900044CA020010B5044B421D1B6801791868EB
:1075A00044691800A04710BDA0C8020010B504002F
:1075B000094B21791868621D03689B6A9847074B3D
:1075C0000100984205D0064B18680268926A9047FD
:1075D00010BD4B202056FBE7A0C80200FFFF0000B3
:1075E00044CA020010B5040009F000FE200010BDDE
:1075F00010B5040048798AB04B7A8A7A039088796A
:107600000290C8790190097A05A8009104490FF009
:10761000A5FA05A9200009F0C9FA20000AB010BD9A
:1076200034C6020037B5062504002A00002168464A
:107630000EF0C5F82A00601D69460EF095F8431E4D
:107640009841C0B23EBD10B504790A790023944236
:1076500007D10531053006220EF086F8434243413A
:10766000DBB2180010BD000010B50400094B18680B
:1076700003681B699847236820001B6A9847002805
:1076800006D0054B621D1868217903685B6B98472B
:1076900010BDC04644CA0200A0C8020010B504795B
:1076A0000A790123944207D10531053006220EF0F4
:1076B0005BF8431E9841C3B2180010BD084B10B5CB
:1076C00008330360030000217F2204004B33C172A2
:1076D00001731A700530793A0EF071F8200010BD70
:1076E00054C6020010B50400094B0800083323609B
:1076F0000023E3722373230011007F224B33207198
:107700001A70601D793A0EF03EF8200010BDC04698
:1077100054C60200F8B50E001149050009F046FAFA
:107720000023327B9A4218DD9C1CF3185F7B9B7B05
:10773000013F083B012B0ED839002800341909F00D
:1077400007FA2600A31B9F4207DD617B280009F092
:1077500005FB0134F6E73B19E4E72800F8BDC04615
:10776000DAD00200F0B5002487B00E002049019065
:10777000059209F01BFA0094337BA34235D9631CB0
:10778000DBB2039333195B7B0293039BF3185B7BA0
:107790009A1E012A09D9063B1025012B06D9039A06
:1077A000029B94466344DCB2E6E702252B000027E7
:1077B0006B430234E4B20D3404933419029B013B51
:1077C000BB42ECDD009B059A934207D1E9B2200051
:1077D00003F064FB0100019809F060FA009B7F1937
:1077E00001330093049BE418E8E7019807B0F0BD6B
:1077F000DAD0020010B504000022FFF7B3FF20002A
:1078000010BD10B50C00110002790023A24206D170
:10781000053006220DF0A8FF43424341DBB21800B9
:1078200010BD70B50025040004A84557012088400C
:10783000E0722000227319004B340D300DF0A3FFCD
:10784000257070BD70B51D00102304000E001100DE
:10785000C27A1343C372007B32000D3020180DF042
:1078600092FF237BF61826734B34257070BD1823C6
:10787000C07A1840431E9841C0B27047104B10B5F3
:107880000833040003604068002809D000F08CF839
:10789000002805D16068002802D003685B6898471B
:1078A000A068002809D000F05AFE002805D1A06881
:1078B000002802D003685B689847200010BDC046CE
:1078C00088C6020010B50400FFF7D8FF200009F0B9
:1078D0008DFC200010BD0000074B10B5083303607D
:1078E0000023040041608360994202D0080000F048
:1078F00056F8200010BDC04688C6020070B50400CE
:1079000030200E0009F06AFC0500310000F05CFD3B
:1079100029002000FFF7E0FF200070BD0300406851
:1079200010B5002802D000F02BF810BD9B6803486A
:10793000002BFAD0180000F00BFEF6E7DAD00200B8
:10794000406810B5002801D000F07DFD10BD4068F2
:10795000704770470020704710B5040009F046FCDE
:10796000200010BD054B10B50833040008C003F01B
:1079700059FA00232000E36110BDC04698C60200FA
:1079800010B5043003F084FA10BD10B5043003F0D4
:1079900081FA10BD10B5043003F07EFA10BDC36942
:1079A0000133C36118007047C369013BC36118000C
:1079B0007047000000487047032800000130C07F76
:1079C00070470230C07F7047406A7047806A7047D6
:1079D000808D7047F8B5436A04000D00934200DDC6
:1079E0001300A3859AB22900A06A0DF0CCFE2300F3
:1079F0002E331B78002B01D0636AA385631CDB7FC9
:107A00009A060DD5A28E92070AD5204B218E1868B2
:107A100001310268A38D556D89B2A26AA847F8BDED
:107A2000DB060BD5A38EDB0708D5184B218E186813
:107A300001310268A38D89B2156DEEE72300323360
:107A40001B78002B20D0124B2100186803685B6A5A
:107A50009847104B01001E68A38D32683000176BE9
:107A60002A00B847094B186803681B6B9847002821
:107A70000AD1094B186803689B689847002803D00F
:107A8000336830005B6D9847A08DC8E7A0C802003E
:107A9000ECC90200DCC60200A0C9020070B50500F6
:107AA00008000C000FF020F9210002002800FFF769
:107AB00091FF70BD03000022333318781A707047AD
:107AC000808E431E9841C0B27047032903D81031FD
:107AD000890041184A60704701867047008E7047E0
:107AE000008E013080B27047806B7047826B00233C
:107AF000914207D20022C36B914202D05B680132EF
:107B0000FAE71B681800704770B504000D000D4BB4
:107B1000062203600B790531037105300DF033FE49
:107B200029002000EB7A0D31E3722B7B3E22237378
:107B30000D300DF028FE4B222300AA564B332000B7
:107B40001A7070BD5CC6020070B5040008200D00FC
:107B500009F044FB0023436063680560002B05D1F6
:107B600060602368A0600133236070BDA368586023
:107B7000F7E70000F8B5040016001D0006AB1F78FB
:107B8000FFF7F0FE1D4B320A08332360631CDE77DB
:107B9000A31CDA7780222B009200954200DD1300AF
:107BA00063622300002120002E33A18510221F7064
:107BB0004430218619715971A186A163E163216462
:107BC0000DF0FDFD30231E4211D02C2009F006FBE4
:107BD000220006000A490223343200F0DFF83000A8
:107BE000FFF7DDFE200031003830FFF7ADFF280041
:107BF0000DF094FDA0622000F8BDC046B4C602009E
:107C0000ACC6020070B50025040040682368AB4292
:107C100005D94668013509F0E9FA3000F6E7002396
:107C200023606360A36070BD70B504000025164B2F
:107C300008330360A36B9D4214D20022E36B95428C
:107C400002D05B680132FAE71E683000FFF7ACFE35
:107C5000002805D1002E03D0336830005B689847B8
:107C60000135E7E7250038352800FFF7CBFFA06A8C
:107C7000002801D00DF05CFD2800FFF7C3FF2000B5
:107C8000FFF767FE200070BDB4C6020010B5040007
:107C9000FFF7CAFF200009F0A9FA200010BDF0B5D7
:107CA000C76C97B0040016001D00002F0FD003A86A
:107CB000FFF72AFF21006846FFF7B6FB694603A8D5
:107CC000B8476846FFF782FB03A8FFF74EFCA16A9E
:107CD0001C9A891928000DF056FD17B0F0BD70B53B
:107CE0000E0011000200040001203332107096B023
:107CF0001A002000FFF76EFE256D002D10D0310018
:107D000003A8FFF701FF21006846FFF78DFB6946D6
:107D100003A8A8476846FFF759FB03A8FFF725FC0F
:107D200016B070BD032330B51A40838E97B004009F
:107D3000934218D0828653425A41103292008218E0
:107D40005568002D0FD003A8FFF7DEFE210068461E
:107D5000FFF76AFB694603A8A8476846FFF736FBAA
:107D600003A8FFF702FC17B030BDA42080017047C4
:107D700010B50400034B08330360FFF7EAFD200051
:107D800010BDC046C8C6020010B50400FFF7F0FFE2
:107D9000200009F02BFA200010BD000070B504008F
:107DA00016001D00FFF7DEFD8022064B2662083319
:107DB00023609200954200DD1500002365622000DB
:107DC000238570BDC8C60200406A7047006A7047CC
:107DD0000185704710B5034B186803681B69984705
:107DE00010BDC04644CA020010B5034B18680368B2
:107DF0005B69984710BDC04644CA020010B5054BE8
:107E0000186803681B699847034B186803681B6B65
:107E1000984710BD44CA0200A0C8020010B5054B27
:107E2000186803681B699847034B18680368DB6B85
:107E3000984710BD44CA0200A0C8020010B5034B09
:107E4000186803689B6C984710BDC046A0C8020024
:107E50000C30704768307047034B10B518680368E2
:107E60001B69984710BDC046ECC90200034B10B512
:107E7000186803685B69984710BDC046ECC90200EA
:107E8000034B10B5186803689B69984710BDC0463E
:107E9000ECC90200034B10B5186803681B699847CA
:107EA00010BDC046A0C90200034B10B51868036896
:107EB0005B69984710BDC046A0C90200034B10B5CE
:107EC000186803685B6A984710BDC046A0C90200E5
:107ED00010B50400064B186803681B699847054BEA
:107EE000200019680B68DB6C9847200010BDC04665
:107EF00044CA0200A0C8020010B50400064B18686E
:107F000003681B699847054B200019680B689B6A3A
:107F10009847200010BDC04644CA0200A0C9020014
:107F2000034B10B518680368DB6A984710BDC0465C
:107F3000A0C90200034B10B5186803689B699847F5
:107F400010BDC046A8CB0200034B10B518680368EB
:107F5000DB69984710BDC046A8CB0200034B10B5A3
:107F6000186803681B6B984710BDC046A0C9020083
:107F700010B5034B18680368DB68984710BDC0460E
:107F8000A0C80200034B10B5186803681B6A984725
:107F900010BDC046A8CB0200034B10B5186803689B
:107FA0005B6A984710BDC046A8CB0200024B1B6815
:107FB000F03319607047C04644CA0200024B1B6888
:107FC000F83319607047C04644CA0200024B1B6870
:107FD000F43319607047C04644CA0200024B1B6864
:107FE000EC3319607047C04644CA0200024B1B685C
:107FF000FC3319607047C04644CA0200024B1B683C
:10800000FC3359607047C04644CA020010B5034BA8
:10801000186803689C331B68984710BD44CA020067
:1080200010B5034B18680368A0331B68984710BD50
:1080300044CA0200F0B5304B87B01D6804002B68BD
:1080400028009B689847061E04D123682000DB683F
:10805000984716E0642009F005F82B6828009B6912
:108060009847061E10D023682000DB689847234CF1
:108070002349200008F0A0FC2249200008F09CFCC5
:108080000026300007B0F0BD05AA2B68019212222D
:108090006A440092DF690D210E2304AA6B446944EF
:1080A0002800B8470028D0D101222B685242D96A53
:1080B0002800154B88470028C7D12B68134A196B35
:1080C000280000238847061E04D023682000DB68B0
:1080D0009847D5E70F2216212B686A445B6B6944E9
:1080E000280098470028B0D1094B0126186803687A
:1080F0009B689847C5E7C04644CA02008C500020E0
:10810000E0C6020020C70200FFFFFF3FFF030000A0
:10811000ECC9020010B50400094B18680368DB685D
:108120009847084B18680368DB68984720000C30B4
:10813000FEF770FF20006830FEF76CFF10BDC046F0
:10814000ECC9020044CA020030B505008DB005AC90
:108150000622002120000DF032FB0D4B2100186893
:1081600003681B6A984721782379627903916178C3
:1081700007A80291A1780191E178009105490EF0DC
:10818000EDFC07A9280008F011FD28000DB030BD56
:1081900044CA020034C6020010B50C30FEF782FF5C
:1081A00010BD70B50368040008009D6AFFF7B6FBB8
:1081B00001002000A84770BD10B50C30FEF7C4FFC9
:1081C00010BD10B50C30FEF78BFF10BD10B50C3094
:1081D000FEF79FFF10BD10B56830FEF7CAFF10BD57
:1081E00010B56830FEF758FF10BD0C3010B5040014
:1081F000FEF752FF2000FEF7EFFF002803D1062113
:108200002000FEF7D0FF10BDF0B5050004000C35CE
:1082100085B068342800FFF785F82000FFF782F862
:108220000E4B28001E683368DB680293FEF7D0FF10
:1082300003902800FEF7CEFF05002000FEF7C8FFE0
:1082400007002000FEF7C6FFC0B20090EAB23B0074
:1082500003993000029CA04705B0F0BDA0C9020000
:108260007FB51600084B01A81C6823689D6908F0BB
:1082700005FD320001A92000A847040001A808F06C
:1082800046FC200004B070BDA0C902007FB51600F6
:10829000084B01A81C682368DD6908F0EFFC320078
:1082A00001A92000A847040001A808F030FC200024
:1082B00004B070BDA0C902007FB51600084B01A82C
:1082C0001C6823681D6A08F0D9FC320001A920004F
:1082D000A847040001A808F01AFC200004B070BDF3
:1082E000A0C9020010B5022905D1054B1868036822
:1082F0005B6B984710BD034B186803689B6DF8E7EC
:10830000A0C90200A0C8020070B505000400084B17
:108310000C3503602800FEF761FE20006830FEF790
:108320005DFE28000621FEF73EFF200070BDC0461E
:1083300068C7020010B5054C2000FFF7E5FF044AAE
:108340000449200009F084FA10BDC046FC42002018
:10835000000000205983010010B50400054B0360A4
:108360006830FEF733FE20000C30FEF72FFE2000B1
:1083700010BDC04668C7020010B50400FFF7ECFF4F
:10838000200008F033FF200010BD000010B50B4B9B
:1083900094B0196801A80B687F24DB6C984701A88A
:1083A000FFF740F9002803D001A8FFF7FFF8040009
:1083B00001A8FFF7DAF8200014B010BDA0C8020031
:1083C000A02080017047000010B50400FFF7CAFA32
:1083D000044B200008332360002323626362A362FE
:1083E000E36210BD2CC80200018442847047008CF7
:1083F0007047408C7047406A7047426A0023914240
:1084000007D20022836A914202D05B680132FAE708
:108410001B681800704770B5040008000D00FFF7D6
:10842000BEFA082008F0DAFE00234360A36A056064
:10843000002B05D1A062636AE0620133636270BD04
:10844000E36A5860F7E710B504000800FFF779F811
:10845000011E02D02000FFF7DEFF10BD70B5002521
:10846000040040682368AB4205D94668013508F02E
:10847000BDFE3000F6E7002323606360A36070BD9B
:1084800010B504002430FFF7E9FF0023236210BD7C
:1084900070B504000025134B08330360636A9D42E6
:1084A00014D20022A36A954202D05B680132FAE737
:1084B0001E683000FFF778FA002805D1002E03D09F
:1084C000336830005B6898470135E7E72000FFF725
:1084D000D7FF20002430FFF7C1FF2000FFF739FA53
:1084E000200070BD2CC8020010B50400FFF7D0FFBB
:1084F000200008F07BFE200010BD000010B5040035
:10850000034B083308C008F002FB200010BDC04632
:1085100040C8020010B50400FFF7F0FF200008F08B
:1085200065FE200010BD000070B504002500074B5B
:108530000800083308C5110002F0B0FC0100280053
:1085400008F034FB00232000236170BD40C8020006
:10855000406870470369013303611800704703697D
:10856000013B036118007047F7B504001F0008AB1A
:108570001E8809AB1D880AAB1B880193FFF7D4FF47
:108580000C4B0121083323606B469B88257663835F
:1085900000232D0A621DA782E6826576E3612362CD
:1085A000D377A21DD1772000A362E36223636363C4
:1085B000FEBDC04650C80200C0697047006A7047DF
:1085C000F0B587B00393264B02911D6804002B6819
:1085D000818A9B6B280016009847002802D1002052
:1085E00007B0F0BD2B68A18A5B6C28009847033860
:1085F00087B2B74200DD37003900E0690EF016FAA5
:10860000E0610028EBD0237E1A071DD5039A002ACB
:108610001AD02B68F8B205AE009001961B6E2800A8
:108620009C46628BA18A029B6546A8470028D7D04A
:1086300033780020012BD3D03A000299E0690DF085
:10864000A2F827620120CBE75B07C8D52B68F8B2F8
:1086500000905E6E628BA18A029B2800B047EBE718
:10866000A0C8020070B50500080016000C000EF04E
:108670003BFB3300020021002800FFF7A1FF70BD83
:10868000408B7047032900D14263704770B50400E6
:1086900008000D00FFF75EFF082008F09FFD002393
:1086A0004360E36A0560002B05D1E062A36A2063A2
:1086B0000133A36270BD236B5860F7E770B50025E6
:1086C000040040682368AB4205D94668013508F0CC
:1086D0008DFD3000F6E7002323606360A36070BD6A
:1086E000026800238A4207D9002243688A4202D0E6
:1086F0005B680132FAE71B681800704770B5040028
:108700000025154B083303602600A36A28369D42D6
:1087100010D230002900FFF7E3FF0600FFF71FFF2C
:10872000002805D1002E03D0336830005B689847DD
:108730000135E9E73000FFF7C1FFE069002803D009
:108740000CF0F6FF0023E3613000FFF7B7FF2000D5
:10875000FFF7D4FE200070BD50C8020010B5040021
:10876000FFF7CCFF200008F041FD200010BD000005
:10877000F0B50400036297B00D00C069190016003F
:108780000EF054F9E061002802D1206217B0F0BD6C
:108790000122631DDA770022A31DDA773100226AF5
:1087A0000CF0F1FF676B002FF0D01120134B03AEDC
:1087B00003932B79691D0622684433710CF0E3FFA3
:1087C00029001920EB7A0D31F3722B7B3E2268448D
:1087D00033730CF0D8FF57234B352A786B442100B4
:1087E00068461A70FEF732FE69463000B8476846A0
:1087F000FEF7ECFD3000FEF7B8FEC7E75CC60200EE
:10880000084B10B50833040003608069002803D0CA
:108810000CF08EFF0023A3612000FFF76FFE200005
:1088200010BDC04660C8020010B50400FFF7E8FFA5
:10883000200008F0DBFC200010BD000070B5040033
:108840001E0004AB1D88FFF76FFE054BA6820833A0
:1088500023600023E5822000A361E36170BDC04670
:1088600060C80200034B0833036000234360836049
:10887000C360704770C8020070B5040008000D00A6
:10888000FFF768FE082008F0A9FC00234360A368F6
:108890000560002B05D1A0606368E0600133636070
:1088A00070BDE3685860F7E740687047426800238E
:1088B000914207D200228368914202D05B68013264
:1088C000FAE71B681800704770B50025040040687F
:1088D0002368AB4205D94668013508F087FC3000B3
:1088E000F6E7002323606360A36070BD70B50400E9
:1088F000002563689D4214D20022A368954202D0ED
:108900005B680132FAE71E683000FFF728FE002896
:1089100005D1002E03D0336830005B6898470135DD
:10892000E7E7201DFFF7D0FF70BD000010B5040081
:10893000044B08330360FFF7D9FF201DFFF7C4FF86
:10894000200010BD70C8020010B50400FFF7EEFF54
:10895000200008F04BFC200010BD000070B50400A2
:108960001E0004AB1D88FFF7DFFD2000074BA68229
:1089700008332360E5820649183008F017F9002310
:1089800020006362A362E36270BDC04680C802003B
:10899000DAD00200808A7047C08A7047406A704708
:1089A000426A0023914207D20022836A914202D098
:1089B0005B680132FAE71B681800704770B5040065
:1089C00008000D00FFF7C6FD082008F007FC002393
:1089D0004360A36A0560002B05D1A062636AE06270
:1089E0000133636270BDE36A5860F7E770B5002534
:1089F000040040682368AB4205D94668013508F099
:108A0000F5FB3000F6E7002323606360A36070BDD0
:108A100070B504000025164B08330360636A9D425D
:108A200014D20022A36A954202D05B680132FAE7B1
:108A30001E683000FFF793FD002805D1002E03D0FB
:108A4000336830005B6898470135E7E72500243537
:108A50002800FFF7CBFF2800FFF7C8FF20001830E1
:108A600008F055F82000FFF749FD200070BDC04612
:108A700080C8020010B50400FFF7CAFF200008F00C
:108A8000B5FB200010BDA83001807047AC300160FC
:108A90007047F0B5013A1C785E1C0368D2B285B00D
:108AA00003925B6C05000F0098472B6802000C2CAA
:108AB00000D169E02CD8052C5ED01AD8022C56D0F3
:108AC0000BD8012C4AD00622DC3300921E6822000B
:108AD000002339002800B04747E0032C4AD0042C7B
:108AE000F1D1943300961C683900039B2800A047FD
:108AF0003BE0092C44D005D8062C3FD0082CE2D10D
:108B0000A433EFE70A2C3FD00B2CDCD1B4332FE099
:108B1000162C43D00CD8112C34D003D8102CD2D121
:108B2000B833DFE7122C17D0132CCCD1C8331FE099
:108B30001D2C04D00CD8182C32D01B2CC3D1D4330C
:108B400000961E682200039B39002800B0470CE005
:108B50001E2C27D0522CB6D1C43316E00833DC6F5C
:108B60003300039A39002800A04705B0F0BD8833D0
:108B70001C68F5E79033FBE79C33F9E7A033B1E7D6
:108B8000AC33F5E7C033F3E7B033039901960091B6
:108B90001E68390023002800B047E6E7CC33A1E780
:108BA000D0339FE7D833E3E70300074A9130B0336F
:108BB000FF301988914204D11C338342F9D100203F
:108BC00070470120FCE7C046FFFF000010B50368B6
:108BD0009B6A9847024BC018431E9841C0B210BD13
:108BE0000100FFFF70B50400094B0D001868036811
:108BF0001B69984723009134B033FF341A88AA4286
:108C000004D01C33A342F9D1002070BD0120FCE741
:108C100044CA02000300A930C833FF301A787F2A03
:108C200004D81C338342F9D1002070470120FCE7AF
:108C30000200002310B5B03214888C4205D00133F5
:108C40001C32082BF8D1002005E01C225343C01829
:108C5000C8300078C00910BD0200002310B5B03242
:108C600014888C4205D11C225343C018C0300088A0
:108C700010BD01331C32082BF2D11720F8E77FB565
:108C800002240D2603AD2C706E4404683270120A63
:108C90007270F0340093246803232A00A04704B0C4
:108CA00070BD7FB509266E443270120A72700B22B5
:108CB00004246A4413701B0A5370089A036802ADB7
:108CC0002C70F03300921C682A000523A04704B0E2
:108CD00070BD7FB5102602AD2E70073E6E44327017
:108CE000120A72700B226A4413701B0A53700D2310
:108CF00008AC24886B441C70240A5C70099A0368D1
:108D00000092F0331C682A000723A04704B070BD0E
:108D10007FB5082602AD2E7001366E443270120AFD
:108D200072700B226A4413701B0A53700D2308AC37
:108D300024886B441C70240A5C70099A03680092B2
:108D4000F0331C682A000723A04704B070BDC82375
:108D500001225B00C254704730B5012585B002ACDA
:108D600008A863800078074B20711868257062702E
:108D70000368009494331C6804220523A04705B0BF
:108D800030BDC04644CA0200012902D86A318900B8
:108D90000A5070477FB50A240D2603AD2C706E442F
:108DA00004683270120A7270F0340093246803234E
:108DB0002A00A04704B070BD30B504000023B034D1
:108DC00025888D4205D001331C34082BF8D10020B2
:108DD00005E01C214B43C018C8300270012030BD93
:108DE000030030B50024B0331D888D4205D0013416
:108DF0001C33082CF8D1002011E01C236343B4334A
:108E0000C318911D1D7801394D7001338A42F9D183
:108E10001C235C430019B33003780120137030BD6C
:108E2000064B10B50360CA235B000400C05800283D
:108E300001D00CF07DFC200010BDC046ACC8020083
:108E400010B50400FFF7ECFF200008F0CFF9200078
:108E500010BD0000F0B51F4B8DB01D6806230A91B0
:108E6000042100240B922A68089303930B9B07911B
:108E70000193C4310A9B0691BC3904910093059477
:108E80000294576D23000600302254312800B84761
:108E900003002000A34216D108F0AEF8070008F046
:108EA000ABF83300AC331A68C01B2B6890420CD26D
:108EB0001B692800984733680B9A5B6B0A9930004E
:108EC00098470028EBD00DB0F0BDDB6D2800984727
:108ED0000020F8E744CA0200F8B5036804009B6A62
:108EE0009847134B060098421FD0124B01001D6893
:108EF0002B68280098331B68984708F07DF8070016
:108F000008F07AF82300AC331B68C01B98420CD2DF
:108F10002B6828001B699847236831009B6B200051
:108F200098470028ECD10130F8BD0020FCE7C0468E
:108F3000FFFF000044CA0200F0B50D00CE21490039
:108F400045520400CF201178400001312154D02136
:108F500085B00A98490060500020043160541D49D2
:108F6000DBB20E683168009294310A683000170055
:108F700029000422B84700200A9B834221D008F030
:108F80003BF8D22307005B00039308F035F8230079
:108F9000AC331B68C01B984215D2336830001B6984
:108FA0009847236829009B6B2000984700280AD027
:108FB000039BE05C0028E8D0CE2301225B005242F4
:108FC000E25205B0F0BDCE2301225B005242E252D4
:108FD0000020F6E744CA0200F0B585B003930368A9
:108FE00004009B6A9847344B0500984204D1002343
:108FF0000293029805B0F0BD23680100E0331B68BE
:109000002000984702900028F1D023000026B033BA
:109010001A880192AA4236D11C2575436519C435B8
:109020002B68002B06D1102008F0D8F80700FFF7B6
:1090300019FC2F601C235E43A619C4363568002D29
:10904000D5D0039B2800002B22D1FFF74FFC2368CB
:109050002A00E4331E680199039B2000B0470028D2
:10906000C5D023682A00E8331B680199200098477F
:109070000028BCD023682A00EC331B68019920002B
:1090800098470290B5E701361C33082EC0D1AEE7F1
:10909000FFF70AFC00260700BE42D8DA310028009C
:1090A000FFF704FCFFF754FA03990DF0EDFD0028DB
:1090B0009FD00136F0E7C046FFFF0000F0B5050085
:1090C0000D20C5B068440F0002704AA9120A0C783E
:1090D000427012210F2003AE317022001900684443
:1090E0000CF051FB4B992A680091F032E31C3900D7
:1090F000146828003200A04745B0F0BDF0B5050067
:109100000D20C5B068440F0002704AA9120A0C78FD
:10911000427052210F2003AE3170220019006844C2
:109120000CF031FB00212A680091F032E31C390079
:10913000146828003200A04745B0F0BD030070B5A8
:109140000C0011000022B0331D88A54205D0013269
:109150001C33082AF8D1002007E01C235343C933ED
:10916000C01803220CF00FFB012070BDF8B50400FD
:109170009130FF300E0017000500B0342388B34251
:1091800005D121000322193138000CF0FCFA1C34FF
:10919000AC42F3D10020F8BD030070B514000022EA
:1091A000B0331D888D4205D001321C33082AF8D116
:1091B000002008E01C235343B433C11806222000CA
:1091C0000CF0E1FA012070BD70B51400020000231C
:1091D000B03215888D4205D001331C32082BF8D1EE
:1091E000002070BD1C2200215A438B18BA33C35C87
:1091F000002B03D101310629F2D0F6E7BA328118EB
:10920000062220000CF0BFFA0120EAE7F0B51F00AB
:109210000023254C060097B0B0300588A54205D044
:1092200001331C30082BF8D117B0F0BD1C245C436F
:1092300033191800B03001801900B2310A702000D3
:109240001A0017210025C032B333B4301180301812
:109250001C991F7006220CF096FA01A91C9A4B1B50
:10926000525D01355A71062DF8D1104BBA34186889
:1092700034190368220090331B689847011E03D1FC
:109280002A0020000CF09BFAD4235B00F458002C39
:10929000CAD01C9A390003A8FEF724FA03A8A047F5
:1092A00003A8FEF762F9BFE7FFFF000044CA02000F
:1092B000F7B505000600170000240191B3352B789F
:1092C000019A93420CD1681C062239000CF04CFA2A
:1092D000002805D11C235C433619B0363088FEBD0A
:1092E00001341C35082CEAD10048F8E7FFFF0000E4
:1092F000F7B505000600170000240191B3352B785F
:10930000019A93420CD1681C062239000CF02CFA09
:10931000002805D11C235C433619C4363068FEBDD5
:1093200001341C35082CEAD10020F8E70B0000229C
:1093300070B504000E48B0331D88854202D09D7878
:10934000012D07D001321C33082AF5D12000FEF789
:10935000B5F90AE01C2353431A00B4328A18C9181D
:10936000B33109782000FEF7BDF9200070BDC0467A
:10937000FFFF00000300B0B56C46A8331A8800AFA9
:10938000D31DDB08DB00E31A9D4603688C331C68A1
:109390006B46A047BD46431E9841C0B2B0BD000019
:1093A000F0B506001C0000238BB0913002AFFF30F7
:1093B0007A60F983B036B860BB616B46FB60338876
:1093C0003B613A69204B9A4230D06A46358A09207F
:1093D000EB1DDB08DB00D31A9D461B2202AB1A7083
:1093E0007B611E230222F918033D68440CF0CBF97F
:1093F0002B1CA2B2ADB2954200D9231C9CB27B6952
:109400002200D81C79680CF0BEF9104B79691868F5
:10941000E31C026800919432DBB2156839690422BA
:10942000A847BB690133BB61FB689D46BB681C361E
:109430009E42C2D1BB69BD465A1E93415B421C404D
:10944000200009B0F0BDC046FFFF000044CA020082
:10945000F0B58DB002AF7A6002001E000023040058
:10946000B0323A62E032F984BA60BB616B46FB60AD
:109470003B6A1B883B613A69314B9A424FD06A463E
:109480003B6A09201D8AEB1DDB08DB00D31A9D46D1
:109490001D2202AB1A707B6126230222F918033DBC
:1094A00068440CF070F92B1CB2B2ADB2954200D9F1
:1094B000331C9EB27B693200D81C79680CF063F9CA
:1094C000C82200235200A3541E4B79691B68FB611C
:1094D000FA69F31C1268009194321268DBB215002D
:1094E00039690422F869A8473B6A04331D00C82380
:1094F0005B00E35C002B0DD1FB69F8691B681B69FD
:1095000098473B6A2A00D978236820005B6B98470C
:109510000028ECD1BB690133BB61FB689D463B6A07
:109520001C333B623A6ABB6893429FD1BB69BD461C
:109530005A1E93415B421E4030000BB0F0BDC04646
:10954000FFFF000044CA0200F0B591B002AFB9615C
:1095500019006B46FA603A6D7B603B6D52781B7860
:10956000120206001343042909D004220168009264
:10957000DC310C68B969A047BD460FB0F0BD694643
:10958000FA6802250732D208D2008A1A954602AA42
:10959000FA620522F96A013B0A7000229BB24A7006
:1095A000BB62564B1B683B623B6A386A1B68DB69CF
:1095B0009847BB6A834270D23B6D9A78DB781B0276
:1095C0001343BA6A9A4268D23B6A11001B68386A30
:1095D0001B6A9847BB6A040001339BB2BB623B8D98
:1095E000BB8603689B6898470022454BFA61984206
:1095F00008D12000FEF774FABB6A181A434258419A
:10960000C3B2FB61236820009B689847FB69B86080
:10961000002B03D1A4239B01984251D12000FEF7D7
:10962000B9F90300023B5A1E934178620133FA6A8A
:109630005278002A01D1FA6A5370FA6A52789A4233
:109640002BD1FB6A022258193423F9180CF09BF82D
:10965000AB1C9BB27B617A69FB6A944663443B61B5
:10966000FB69002B05D1BB681A00A4239B019A4219
:109670002AD12000FEF789F97A6A010038690CF0D6
:1096800082F87A6A7B69944663441D007B6AADB2B6
:109690000233FA685B199A4286DA022D21D10A2137
:1096A0003B6D30001A785B781B02134332680091DF
:1096B000DC321468B9690422A0477B689D465BE7E9
:1096C00002237B62013BB2E7236820009B68984736
:1096D0003623F8860222F91838690CF054F804355C
:1096E000D4E7084BF96A1868EBB20268009194322B
:1096F0001468B9690422A047DFE7C046ECC902003C
:109700000328000044CA0200F0B58DB002AF7A60B1
:109710006A463C6C3A606278F96021781202060071
:109720000A43052B0BD8042103680091DC331C6825
:10973000F96813000622A047BD460BB0F0BD68468D
:1097400079680731C908C900411A8D4602A93961F3
:10975000072138690170A02061792579090280010B
:10976000294381420FD00A21637822781B021343D8
:1097700032680091DC321468F96806223000A04794
:109780003B689D46D8E7063B9BB2013ABB6093B26B
:10979000BB610123FB61344B1B687B617B6978698A
:1097A0001B68DB699847BB6983424DD2E378A27896
:1097B0001B021343BA699A4246D27B6911001B68A7
:1097C00078691B6A9847036805009B689847637926
:1097D00022791B02134398422CD12800FEF7DAF8B5
:1097E000BB68984226D12800FEF7CFF8A11DBA68C1
:1097F0000BF0BAFF00281DD12800FEF7F8FD3B69E9
:10980000FA69B884981824230222F9180BF0BBFFD8
:109810002800FEF7EEFDFB69F884981C3B6980B2D6
:10982000181826230222F9180BF0ADFFFB69043348
:109830009BB2FB61FB697A6803339A4204DDBB6922
:1098400001339BB2BB61A9E7FB69012B8BD0074BAE
:10985000396918683B7F0268009194321468F9688E
:109860000422A0478CE7C046ECC9020044CA0200AB
:10987000F0B58FB002AF396119006B467A60BA6CEF
:10988000BB60BB6C52781B7812020500134306299B
:1098900008D1BA6C1179527912020A43544952180C
:1098A000012A0CD9102229680092DC310C68396930
:1098B0002800A047BB689D46BD460DB0F0BD694677
:1098C0007A6802260732D208D2008A1A954602AA7E
:1098D0007A621122796A013B0A7000229BB24A70B7
:1098E000FB61444B1B68BB61BB69B8691B68DB69E2
:1098F0009847FB69834261D2BB6C9A78DB781B0284
:109900001343FA699A4259D2BB6911001B68B869BE
:109910001B6A9847BA6C3862BB6C54791B79240275
:109920001C4303689B689847844242D1386AFEF71B
:1099300031F81423F8607B610300022801D104335D
:109940007B617B6A5B78002B02D17B6A3A7D5A701F
:109950007B6A7A695B78934230D1386AFEF747FDBB
:109960007B6AB88598192C230222F9180BF00BFF9B
:10997000386AFEF73EFD7B6AF885B01C80B2181885
:109980002E230222F9180BF0FEFE341D7B6AA4B2CE
:10999000386A1E19FDF7F9FFFA68010030000BF074
:1099A000F2FEFB687A68E4187B69A6B2F3189A4263
:1099B00004DBFB6901339BB2FB6195E7022E0BD1FF
:1099C0000A21BB6C1A785B781B0213432A6800914A
:1099D000DC32146810226AE7074B796A1868F3B220
:1099E000026800919432156839690422A84761E73A
:1099F00000D8FFFFECC9020044CA0200F0B58FB0E6
:109A000002AFF96019006B467A61BA6C7B60BB6C7F
:109A100052781B781202B861134306290CD0042136
:109A200002687A620091DC321468F9680822B86929
:109A3000A047BD460DB0F0BD69467A6902250732E0
:109A4000D208D2008A1A954602AA7A620922796A55
:109A5000013B0A7000229BB24A703B62814B1B683B
:109A6000FB61FB69F8691B68DB6998473B6A8342C5
:109A700000D3A1E0BB6C9A78DB781B0213433A6AEF
:109A8000934200D898E0FB6911001B68F8691B6AD3
:109A900098473B6A060001339BB23B613B8A724C9C
:109AA000BB8503689B689847BB6C1A795B791B027E
:109AB00013433268984200D093E09368300098478F
:109AC000A0424BD13000FEF70BF83B69834240D0F7
:109AD0003000FDF75FFF1524B860022800D10E3C6E
:109AE0007B6A5B78002B01D17B6A5C707B6A5B7858
:109AF000A34261D17B6A022258192C23F9180BF07A
:109B000042FE3000FDF75AFF7A6AAB1C9BB2D0547C
:109B10003B6AE81C0233FB852E2380B2F91810182B
:109B200002220BF030FE05357B6AADB25B193000C6
:109B30003B62FDF72AFFBA680100386A0BF023FE8A
:109B4000BB687A69ED18ADB22B199A4234DB3B69D8
:109B50003B623E6A0136B3B23B6282E73368300053
:109B60009B689847414B9842F3D17B6A022258196F
:109B70002C23F9180BF007FE02357B69ADB25B1B95
:109B80009BB230003B62FEF71FF93B6A041C80B2B7
:109B9000984200D93C8C7B6A30005B19A4B23B62CE
:109BA000FEF714F901002200386A0BF0ECFD7B6A25
:109BB0002D190234ADB25C70022D46D10A21BB6C66
:109BC0001A785B781B021343BA6912687A620091B3
:109BD000DC321468F9680822B869A0477B689D46A2
:109BE00027E7936830009847A042B2D13000FDF7D4
:109BF000D1FE04000228ACD13000FDF7C6FEBB6CDC
:109C000001002200181D0BF0AFFD0028A1D17B6AD6
:109C1000220058192C23F9180BF0B5FD02357B6989
:109C2000ADB25B1B9BB230003B62FDF7D1FE3B6ADD
:109C3000041C80B2984200D93C8C7B6A30005B19CE
:109C4000A4B23B62FDF7C2FEACE7094B796A186823
:109C5000EBB20268009194321468F9680422A047BC
:109C6000BCE7C046ECC9020003280000022900003E
:109C700044CA0200F0B599B002AF3A606A460400E7
:109C80000D007A60012B0AD0042203680092DC33B5
:109C90001E6814320023B047BD4617B0F0BDC9227C
:109CA0005200815A00292BD03A6F12781A4227D0DD
:109CB000244B0139186803681B6A98472300060083
:109CC0000022B0331988A94237D11C2353431A000C
:109CD000E318B33319780C23B432A218F818FDF73F
:109CE00001FDCC23CA220C215B005200E35A300054
:109CF000A2587918FDF7F3FF0C23F818FDF735FC8F
:109D0000C92200235200A3520632A3526A463B687E
:109D100029000733DB08DB00D31A9D46192302AA6A
:109D20001370094B18680368009294331C6804226E
:109D30000123A0477B689D46AEE701321C33082A09
:109D4000C0D1DDE7ECC9020044CA0200F0B58BB017
:109D500002AF3B616B46BB603B690400F9613A604E
:109D6000032B0ED8042203680092DC331D68002305
:109D70001232F9692000A847BB689D46BD4609B06C
:109D8000F0BDBB6B1A785B781B021343BA6BBB61E7
:109D9000BB6BD0789B7800021843574BF8601D6866
:109DA0002B682800DB699847BB69591E8BB2834238
:109DB00007D90A2223680092DC331D680C32BB6984
:109DC000D7E72B6828001B6A9847036806009B6842
:109DD00098474A4B984207D00B2223680092DC3305
:109DE0001D689218BB69C4E73000FDF779FEBB69B6
:109DF00005009842F0D13000FDF7E0FD03070AD4DA
:109E0000032223680092DC331E682B001332F969A9
:109E10002000B047B0E7C9235B00E35A7B61002B09
:109E200024D13000FDF7D0FDCA235B0001000500FE
:109E3000E0580CF0FBFDCA23BA8A5B00E050043303
:109E4000E2523A8B063BE25279692A000BF0B7FCEA
:109E5000CC256D00635BFA68934212D00722236819
:109E60000092DC331D680F32BB6982E77B69AB422D
:109E7000EED00E2223680092DC331E6808322B00DD
:109E8000C5E73B693000043BDBB27B617A69FB6864
:109E9000944663447B60FDF797FD7B6880B2834204
:109EA000DCDCCA235B00E058FB687A69C018BB6B36
:109EB000191D0BF068FC635B7A6909209E186A46DD
:109EC0003B6866530733DB08DB00D31A9D46172334
:109ED00002AC23703A69B96B68440BF054FC084B30
:109EE00018683B6902680133009494321468DBB24D
:109EF0000422F969A0473FE7ECC9020003280000EB
:109F000044CA0200F0B593B002AFFB6003007A6070
:109F10006A46B960A8331B8806000733DB08DB00FC
:109F2000D31A9D4602AB7B622823F968F81800F02B
:109F300079FF01247A6A33680192A022920100928B
:109F4000BC331D682200344BB9683000A8477861E3
:109F500000285ED07B6A1B78112B03D00120BD4600
:109F600011B0F0BD7B6A5B78FB61043BDBB23B6107
:109F70007B6A9D1C0223BB61274B3B62BB697A69EC
:109F8000934205DB3B6A1A00234B9A42D2D0E5E7A5
:109F9000FB68002B29D1302007F020F904006B78F2
:109FA0002A781B021343EA78A8781202024300922F
:109FB000291D3A692000FEF7D1FC21007868FEF7E0
:109FC0005BFCEC78AB7824021C430134A4B2230080
:109FD0005A1E93413A6A5B421A403A62FA69BB6977
:109FE00094466344BB61AD18C8E72823F81800F015
:109FF00053FF3B699842E4D12823F81800F04AFF48
:10A000002B1D01003A6918000BF0AEFB0028C2D0EE
:10A01000D7E77869A3E7C046FFFF0000F0B503006B
:10A0200091B004AF3A616A467961A8331B88060093
:10A030000733DB08DB00D31A9D46386904ABBB62EB
:10A04000FEF732FC0023F860FB62FB6AFA68934279
:10A0500055DA19003869FEF729FCF861FEF79AFC19
:10A060000500F869FEF798FC7860BA6A33680192D7
:10A07000264AA83300921C682A007B687969300060
:10A08000A047B86100283ED0BB6A1B78092B33D1AA
:10A09000BB6A5B783B62053BDBB2BB60BB6A9C1C66
:10A0A00002237B627B6ABA699342DEDA382007F0CA
:10A0B00095F805002379E2781B0213430293A378F5
:10A0C000611D0193637822781B02134300937B691F
:10A0D000BA68FEF749FA2900F869FEF76FFC3A6A98
:10A0E00025799446E3782D021D437B6A013563444C
:10A0F000ADB27B62A418D5E7FB6A0133A4E7012067
:10A10000BD460DB0F0BDB869FAE7C04603280000AF
:10A11000F0B5030091B002AFBA606A46F960A833A7
:10A120001B8806000733DB08DB00D31A9D46B8689E
:10A1300002ABBB62FEF7B8FB002378603B633B6B6E
:10A140007A68934273DA1900B868FEF7AFFBF862D9
:10A15000FEF722FC3860F86AFEF720FC0023B861A5
:10A160007B637B6BBA6993425EDA1900F86AFEF78B
:10A1700017FCBB697A6B013B786100259A4204D0D9
:10A18000511CF86AFEF70CFC05007869FEF778FAB6
:10A190003B68013084B23B62002D03D02800FEF7FB
:10A1A0006FFA38623B6AA3423BD33368BA6A98338A
:10A1B00000921D6822003B6AF9683000A847F861E8
:10A1C000002838D0BB6A1B78052B2AD1BB6A5B7884
:10A1D0009B003B61BB6A9D1C02237B627B6AFA6920
:10A1E0009342E2DA202006F0F9FF04006B782A7827
:10A1F0001B0213430093A91CFB680222FEF71EFBFF
:10A2000021007869FEF742FA3A696C78944628781A
:10A210007B6A2402044301346344A4B27B62AD1818
:10A22000DCE77B6B01339BE73B6B013386E7012067
:10A23000BD460FB0F0BDF869FAE7000030B585B053
:10A24000022A09D0042203680092DC331C68023A17
:10A250000023A04705B030BD0200A83214881B8837
:10A26000221C9C4200D91A1C0300002492B2B03375
:10A270001D888D4215D11C236343C018C030028055
:10A280000D20032368440270120A4270074A03AC8F
:10A290001068237002680094943214680422A04766
:10A2A000D8E701341C33082CE2D1E9E744CA0200A4
:10A2B00070B50400042A19D1CE204000205A8842EB
:10A2C00014D1CF214900605C1978013888420DD142
:10A2D000D0210120490065582870605819000130CC
:10A2E0000BF051FAD22305225B00E25470BD70B529
:10A2F0000400022A22D102000020B03215888D42CB
:10A300001DD11C2242431D88A218C0321580CE22C6
:10A310005200A25A8A4211D1CF225200A55C032DCD
:10A320000CD10232A1580D70A0589F3A190001308B
:10A33000FF3A0BF028FAD2235B00E55470BD0130E0
:10A340001C320828DAD1E2E770B504001500012AB2
:10A3500016D9CE225200825A8A4211D1CF225200FF
:10A36000805C05280CD10232A1580870A058190051
:10A370002A0001300BF007FAD22301355B00E554C7
:10A3800070BD70B504001500012A16D9CE22520006
:10A39000825A8A4211D1CF225200805C11280CD1FE
:10A3A0000232A1580870A05819002A0001300BF0A1
:10A3B000EAF9D22301355B00E55470BD70B5150094
:10A3C000CE225200825A04008A4211D1CF2252007A
:10A3D000805C0B280CD10232A1580870A0581900DB
:10A3E0002A0001300BF0CFF9D22301355B00E55490
:10A3F00070BD70B50400151E16D0CE225200825AD0
:10A400008A4211D1CF225200805C09280CD102323D
:10A41000A1580870A05819002A0001300BF0B3F9B8
:10A42000D22301355B00E55470BD002A11D1CE2343
:10A430005B00C35A8B420CD1CF235B00C35C132B50
:10A4400007D1A132FF328258137001229233FF33B9
:10A45000C2547047F0B500268530037895B00500EA
:10A46000B3421CD00F4B104C1868A31DD98F036842
:10A4700001391B6A984723000700463319780B4AB5
:10A4800001A84D34FDF72EF92378094A01A93800B7
:10A49000FDF725FC01A8FDF768F82E7001363000A5
:10A4A00015B0F0BDECC90200C043002007440020F5
:10A4B0000E440020F0B59FB0049109920593012B42
:10A4C00065D90400249B91301A785B78FF301B0219
:10A4D00013430393B03406902388049A934242D1E5
:10A4E0006769002F43D03800FEF7DEF90026079099
:10A4F000079BB34237DD31003800FEF7D7F905007E
:10A50000FEF748FA039B83422BD92800FEF744FA52
:10A51000039B834225D82800FEF740FA0026231D1E
:10A5200007900893079BB3421DDD31002800FEF71A
:10A5300037FA0700FEF7A4F8039B83420FD1E178B6
:10A54000089A0BA8FDF7CEF8059B249A3800023B29
:10A5500002320BA9FEF70CF90BA8FDF706F801363D
:10A56000E0E70136C4E7069B1C34A342B4D1099B43
:10A570001D2B0CD10BAA01331370064B04991868DC
:10A580000368009294331C6804220123A0471FB083
:10A59000F0BDC04644CA0200F7B50400204B2500B8
:10A5A0000360863003F038F92000873003F034F977
:10A5B000200010221B4998300BF0E5F823001722E9
:10A5C0001949A8335960C9211A80002349006352F0
:10A5D0000231635004316352230001279133FF336A
:10A5E000B03500937F42019200262F80AE70EE704E
:10A5F000281D062231000BF0E2F86B469B886E6145
:10A600002B82009B2E761C359D42EDD12000A93077
:10A6100031000822FF300BF0D2F82000FEBDC0460A
:10A62000ACC8020090C80200881300000022F0B5F8
:10A63000012516000400A9B0B0306D4203888B429A
:10A6400000D115003E4F0132DB195F1EBB411C30AB
:10A65000F618082AF2D16B1C6FD01C236B431A002A
:10A66000E318B432B333A218197802A80192FDF7A7
:10A6700039F8012E2DD100230093324B1E68336828
:10A680003000DB699847009B83421CD233680099F5
:10A690001B6A30009847036807009B6898472A4B5D
:10A6A00098420BD102A915A8FDF72EFA3800002216
:10A6B00015A9FDF737FB15A8FCF757FF009B0133E1
:10A6C0009BB20093DBE7C92200235200A35206325B
:10A6D000A352D6235B00E658002E08D002A915A885
:10A6E000FDF712FA15A8B04715A8FCF73EFF1C2687
:10A6F0006E43A6193300154AB0331A6000210622B2
:10A7000001980BF05CF833001722C0331A80320036
:10A710000023C83213809370D370C43630689842D7
:10A7200002D003685B6898471C235D4300236419CB
:10A73000C434236002A8FCF718FF29B0F0BDC0465E
:10A740000100FFFFECC9020003280000FFFF00002A
:10A750000300F0B59133ABB0FF3304000293002344
:10A760000190B03400932188334B994259D0334B38
:10A770001868036898331B689847051E51D1009BE1
:10A78000E17801330093231D1A0004A80393FCF71A
:10A79000A9FF2B4B1E6833683000DB699847854260
:10A7A0001AD2336829001B6A3000984703680700F3
:10A7B0009B689847234B98420BD104A917A8FDF733
:10A7C000A3F93800002217A9FDF7ACFA17A8FCF787
:10A7D000CCFE0135ADB2DEE7C9220025019B520057
:10A7E0009D5206329D520123933A5B422380FF3AE9
:10A7F0002900A570E57003980AF0E1FF2000062209
:10A8000029000A300AF0DBFF172360692382A8427F
:10A8100002D003685B689847002304A86361FCF7D3
:10A82000A4FE029B1C349C429DD1009BD817C01AE9
:10A83000C00F2BB0F0BDC046FFFF000044CA0200AD
:10A84000ECC902000328000002000023022110B519
:10A85000C83214780C4205D01C225343C018B030C3
:10A86000008810BD01331C32082BF2D10920F8E713
:10A870000200002310B5B03214888C4205D0013399
:10A880001C32082BF8D1002004E01C225343C018CE
:10A89000C830007810BD0000F0B59FB002AF3A603C
:10A8A0002022FB616823BA18D3181B780400B96111
:10A8B0003B61012B0ED8FB69122B00D0A0E00422D3
:10A8C00003680092DC331D680023FA69B96920002F
:10A8D000A84795E08C23FB18196822230222F81858
:10A8E0000AF051FF7B8C7B61954B1E68336830000A
:10A8F000DB6998477B69591E8BB2834209D9FB6992
:10A90000122B7DD10A222368DC3300921D687B69FB
:10A91000DBE7336830001B6A9847036805009B68D3
:10A920009847884B984200D0BFE02800FDF7D8F840
:10A930007B69834202D1FB69122B5CD12800FDF7B1
:10A940003DF8030700D4F2E02800FDF73AF80023B1
:10A95000FB60830711D5B9692000FFF789FF030663
:10A960000BD40F2223680092DC331E6803327B690C
:10A97000B9692000B0470123FB6022000023B032F8
:10A980001188B869814200D073E01C263A695E43A1
:10A99000023AD2B23A618C22A319B3331B78BA18A7
:10A9A0001268BB60FB680232B4367A60A619002BCD
:10A9B00038D022232000F9180222443025000AF062
:10A9C000E2FE032385352B70230020003A7A4633BC
:10A9D0001A703100062247300AF0D5FE23003A7C77
:10A9E0004D331A700A232B703B69362B0BD9236821
:10A9F0001122DC3389E72800FCF7E0FF4307A3D4EA
:10AA0000BD461DB0F0BD20003A6979684E300AF0AD
:10AA1000BAFE2B783A69D3182B70FB69122BEFD151
:10AA20006D463BE024243200B9683819FCF75AFE21
:10AA30003B697A6839192800FDF751F93819FCF794
:10AA400094FDFB69122BDBD16D463B681322073363
:10AA5000DB08DB00EB1A9D4602AB1A703A4A10681D
:10AA6000026800939432146801230422B969A04754
:10AA700019E001331C32082B00D081E7FB69122B4F
:10AA8000BED16D463B6813220733DB08DB00EB1AAF
:10AA90009D4602AB1A70FA68002ADFD01323237197
:10AAA0008434123B2370AD46AAE72B6828009B68CC
:10AAB0009847A4239B01984239D12800FCF76AFFEC
:10AAC000022834D12800FCF760FF204B02889A420C
:10AAD0002DD17B693000991E33681B6A9847036843
:10AAE00005009B689847174B984220D1230000220D
:10AAF000B0331988B869814214D11C2353431A001A
:10AB0000B432A218E3182424B33319783819FCF7A7
:10AB1000E9FD8C23FB181B6839195A882800FDF7BA
:10AB200001F98BE701321C33082AE2D189E7FB697E
:10AB3000122B00D064E723680322DC33E5E6C0462D
:10AB4000ECC902000328000044CA020002290000E8
:10AB5000F0B5A1B002AF14002822FB616823BA1837
:10AB6000D3186A46BA60FA69050079621B780A2A26
:10AB700009D1022B18D00368063ADC3300921C6816
:10AB80000023FA6908E0042B0ED004220368009227
:10AB9000DC331C6800230832796A2800A047BB68B0
:10ABA0009D46BD461FB0F0BD9426BB1919682A23E7
:10ABB0000222F8180AF0E7FD0023BB61FB690A2BAB
:10ABC00003D0BB191B685B88BB617B8D3B62894BE3
:10ABD0001E6833683000DB6998473B6A013B9BB2D3
:10ABE000834204D90A222B68DC3300927FE0631E83
:10ABF0003B616B460734E408E4001B1B9D46FA6981
:10AC000002AB7B610D230A2A00D1023B7A69300036
:10AC100013703B6A591E33681B6A98470368060025
:10AC20009B689847A0239B0198421AD1BB69002BCF
:10AC300007D004222B680092DC331C6807323B6A81
:10AC4000AAE73000FCF7A6FE04003000FCF79DFEEA
:10AC5000220001007B69013318000AF094FD0134E1
:10AC60002FE0654B984200D0A6E03000FCF736FF9D
:10AC70003B6A834232D1BB69002B03D02B680B2285
:10AC8000DC33B2E73000FCF799FE7B695870300086
:10AC9000FCF726FF7B69B885981C2C230222F91843
:10ACA0000AF071FD3000FCF775FE04003000FCF77F
:10ACB0006CFE7B6901000433220018000AF063FD7A
:10ACC0000434A4B24D4B79691868E3B2026800916C
:10ACD00094321568796A0422A84760E73000FCF7CF
:10ACE0006DFE0224204205D12B680094DC331C68E1
:10ACF0003B6A46E73000FCF764FE0023FB6020421D
:10AD000011D0796A2800FFF7B3FD03060BD40F2298
:10AD10002B680092DC331C68FA693B6A796A280068
:10AD2000A0470123FB603000FCF752FEBA6983B2F2
:10AD30009A4203D32B680722DC3356E7BB6980B203
:10AD40003A69C31AFB61934200DDFA61BB8B0124AF
:10AD50003B612B00B0333B62E0337B603B6A7A6A35
:10AD60001B88934217D13B6A1A1DD9782C23F818F7
:10AD7000FCF7B8FC2C21BA8B7B6900921B19BA69CD
:10AD800079183000FCF78BFF2C23F818FCF7EDFB4B
:10AD90003B691C19A4B23B6A7A681C333B6293423C
:10ADA000DCD1FB68002B8DD0281D22007969843509
:10ADB0000AF0E9FC2C70F2E6A42301249B019842DE
:10ADC00000D07FE73000FCF7FFFFBA6983B29A42F8
:10ADD000B0D2BB6984B2E41A3B699C4200DD1C001E
:10ADE0003000FCF7F3FF7B69B9690133A2B2411867
:10ADF00032E7C046ECC902000328000044CA020042
:10AE000010B5054C2000FFF7C7FB044A0449200099
:10AE100006F01EFD10BDC046C0430020000000200B
:10AE2000218E0100F7B50025040001AF02C00E001D
:10AE30003D80BD70102229000AF0C1FC2575AE428C
:10AE400022D030000BF050FF451E237D002D17DB74
:10AE50000F2B1BD8725D2D2A02D10135023DF4E77C
:10AE60007319013B1B787A700021102238003B7067
:10AE70000CF0A6F8237DE218013310712375EDE77D
:10AE8000022B03D8022323752000FEBD1023FAE70E
:10AE90000068704704307047007D7047F7B5124C6A
:10AEA00001904D1E6B1C1AD0019B10225E5D21008B
:10AEB000301106F06FF90F20611C30401022A71CE2
:10AEC00006F068F90C2D07DCAA235B01EB40DB07D9
:10AED00002D52D23E71CA370013D3C00E2E70023CF
:10AEE00001482370FEBDC0467045002000797047C0
:10AEF000F0B5050000268DB007910892099306224F
:10AF000012AB00210AA81F780AF059FC2B7AB34231
:10AF100002D17E427E4102362B6828001B69984789
:10AF2000184B07201C680023226803900AA802908F
:10AF3000049301930093D36BE9889C460A00330085
:10AF400020006646B047002802D000200DB0F0BDBA
:10AF50002368079A1B6C0899200098470028F4D1B1
:10AF60002368099A5B6C3900200098470028ECD1CF
:10AF7000236801219B6C200098470028E5D101300F
:10AF80002871E3E744CA0200002110B5034B0171A8
:10AF9000186803689B6C984710BDC04644CA0200FD
:10AFA000F0B50024114B85B01D6803912B68012278
:10AFB0001B6D00210600280098472B68019400941F
:10AFC000DF6C202301211A002800B847A04209D1D4
:10AFD00001217171039A2B684A401B6D2800984724
:10AFE00044424441200005B0F0BDC04644CA0200BE
:10AFF000C180704701727047022900D1C26070475A
:10B0000070B504001C30160005F028FE2000084D25
:10B010002830290005F042FE20002900343005F0D8
:10B020003DFE236831005B692000984770BDC04633
:10B03000DAD00200F8B504000B4D0F001C302900D7
:10B04000160005F02BFE20003900283005F006FE22
:10B0500020002900343005F021FE236831005B69AF
:10B0600020009847F8BDC046DAD00200F8B50400C9
:10B070000B4D0F001C302900160005F00FFE2000BC
:10B080002900283005F00AFE20003900343005F090
:10B09000E5FD236831005B6920009847F8BDC04694
:10B0A000DAD002007FB5C36B04000D00002B12D074
:10B0B0000B6801A89B699847200001A9343005F06E
:10B0C000CAFE060001A805F022FD002E03D10026CD
:10B0D000300004B070BD636A002B0ED0290001A8B7
:10B0E000FCF718FB200001A91C3005F092FE0600B9
:10B0F00001A805F00CFD002EE9D0236B0126002BE2
:10B10000E6D0290001A8FCF775FB200001A9283032
:10B1100005F0A1FE060001A805F0F9FCD8E7000043
:10B12000104BA022083370B50360002304000E4DBD
:10B13000C2809F3A037143710272C360036143612D
:10B14000836129001C3005F031FD200029002830E2
:10B1500005F02CFD20002900343005F027FD2000EB
:10B1600070BDC046A4C90200DAD002000268002304
:10B170008A4207D9002243688A4202D05B680132C2
:10B18000FAE71B681800704770B500250400406896
:10B190002368AB4205D94668013506F027F8300030
:10B1A000F6E7002323606360A36070BD10B5040060
:10B1B000094B08330360343005F0A9FC2000283027
:10B1C00005F0A5FC20001C3005F0A1FC200010308B
:10B1D000FFF7DAFF200010BDA4C9020010B504007B
:10B1E000FFF7E4FF200006F001F8200010BD00008A
:10B1F000002270B5050000240C4B1100186803688C
:10B200001B6D98476C7128002B6910309C4209D245
:10B210002100FFF7ABFF002802D003685B68984766
:10B220000134F0E7FFF7B0FF70BDC04644CA02002A
:10B23000036870B5040000258B4216D92A002B0044
:10B24000406846688A4203D0030001323000F8E7C4
:10B250000568002B0BD16660A268824200D1A36012
:10B2600005F0C4FF2368013B2360280070BD5E60C9
:10B27000F2E7F0B506000D00002797B02B699F425A
:10B280002FD22B001033390018000193FFF76EFF07
:10B290000400FCF7ECFA002821D0210003A8FCF7F9
:10B2A00033FC39000198FFF7C3FF002C03D023685B
:10B2B00020005B6898472B6803A9DB6B2800984740
:10B2C000002809D003A93000FCF71EFC03A8FCF7F6
:10B2D0004CF9300017B0F0BD03A8FCF746F9013770
:10B2E000CCE73000FCF7EAF9F3E7F0B5ADB0039333
:10B2F00032AB1B78C568049334AB1B7804005BB297
:10B300000F0002920593002D22D0002503291FD1A2
:10B31000039A029906A8FCF7E5F9059B390000930A
:10B3200006A8339B049AFCF77CFA236806A9DB6B1A
:10B3300020009847A84265D006A919A8E468FCF740
:10B34000E3FB19A8A04719A8FCF70FF95AE001354B
:10B350002369AB420DD9200029001030FFF706FF0A
:10B36000039A02990600FCF74CFA0028EFD0002E51
:10B3700022D123691F2B09D9200000211030FFF7AB
:10B3800057FF002802D003685B6898474C2005F0FF
:10B3900025FF039A02990600FCF7A4F9082005F09E
:10B3A0001DFF0023436063690660002B2FD160619D
:10B3B0002569A0616B1C2361059B042F2AD0009393
:10B3C000049A339B39003000FCF72BFA3000FCF76D
:10B3D0004EFA002819D0E368002B16D0310006A8D9
:10B3E000FCF792FB200029001030FFF721FF3368A3
:10B3F00030005B689847236806A9DB6B20009847FC
:10B40000002899D106A8FCF7B0F82DB0F0BDA369CB
:10B410005860CDE7339A04993000FCF713FAD5E76A
:10B420007FB50AAD2D78467908AC24786DB2002E30
:10B4300005D00295099D00940195FFF756FF7FBD49
:10B4400010B5054C2000FFF76BFE044A04492000AC
:10B4500006F0FEF910BDC04698450020000000200F
:10B46000ADB101004068704742680023914207D2A5
:10B4700000228368914202D05B680132FAE71B68C0
:10B480001800704773B50400302005F0A7FE0500D2
:10B490003049FCF799FFE561542005F09FFE002537
:10B4A00006000095142302222B49FCF763FB266259
:10B4B000542005F093FE022306001A000095274948
:10B4C000FCF758FB6662302005F088FE0600244930
:10B4D000FCF77AFFA662542005F080FE06002022C9
:10B4E000042320490095FCF745FBE662E069FCF780
:10B4F00056FA206AFCF753FA606AFCF750FAA06A21
:10B50000FCF74DFAE06AFCF74AFA216AE069FCF7B9
:10B5100082FF616AE069FCF77EFFE16AA06AFCF7DE
:10B520007AFF236820001B690F4998472368290088
:10B5300020005B69984723682000DB6A98472368EE
:10B54000E16920009B6A98472368A16A9B6A2000F2
:10B55000984773BDF0C90200F5C90200FAC902009C
:10B56000FFC9020004CA0200709F020010B5040067
:10B57000C06900280BD0FCF717FA002807D1E06952
:10B58000002802D003685B6898470023E361206AC3
:10B5900000280BD0FCF708FA002807D1206A002801
:10B5A00002D003685B68984700232362606A002822
:10B5B0000BD0FCF7F9F9002807D1606A002802D007
:10B5C00003685B68984700236362A06A00280BD079
:10B5D000FCF7EAF9002807D1A06A002802D0036826
:10B5E0005B6898470023A362E06A00280BD0FCF751
:10B5F000DBF9002807D1E06A002802D003685B6805
:10B6000098470023E36223682000DB6A984710BD57
:10B6100010B5006AFCF742FA10BD07B56B46D98039
:10B62000063302221900406AFCF7D4F907BD10B5B1
:10B6300004000800FCF78BF9011E03D023682000EA
:10B640009B6A984710BDF7B50026070034000191AA
:10B650003B683800DB699847B04213D93B6831003A
:10B660001B6A38009847036805009B689847A02329
:10B670009B01984203D0019B9D4203D025000136D7
:10B680002C00E5E70020844208D02000FCF782F976
:10B69000022804D12000FCF778F90088FEBD2000C4
:10B6A000FCF773F94089F9E7074B0833036000237F
:10B6B00043608360C360036143618361C36103626C
:10B6C00043628362C36270470CCA020070B5040013
:10B6D00008200D0005F082FD0023436063680560CB
:10B6E000002B05D160602368A0600133236070BD2A
:10B6F000A3685860F7E7F0B504000E0085B00800B5
:10B70000FCF74DF9231D180031000193FFF7DEFF10
:10B71000082005F063FD0023436063690660002B89
:10B7200048D160612369A06101332361236820004F
:10B73000DB699847002783B203933000FCF75BFE78
:10B74000B8423CD939003000FCF757FE0500FCF741
:10B7500026F929000198FFF7B9FF23682000DB696B
:10B76000984781B22800FCF7B7F92800FCF717F9D1
:10B7700029000198FFF7AAFF002328000093FCF797
:10B78000B3F9009B984218D919002800FCF7AEF9CC
:10B790000290FCF704F902990198FFF797FF2368DC
:10B7A0002000DB69984781B20298FCF711FB009BEF
:10B7B0000133E2E7A3695860B4E70137BDE72368C6
:10B7C0002000DB699847039982B23000FCF70CFE39
:10B7D00005B0F0BD70B50025040040682368AB4299
:10B7E00005D94668013505F001FD3000F6E7002374
:10B7F00023606360A36070BD70B5002504004068DD
:10B800002368AB4205D94668013505F0EFFC3000EE
:10B81000F6E7002323606360A36070BD10B50400E9
:10B82000064B08330360FFF7A1FE20001030FFF73E
:10B83000E3FF201DFFF7CEFF200010BD0CCA020061
:10B8400010B50400FFF7EAFF200005F0CFFC200050
:10B8500010BD70B50400002523682000DB699847FF
:10B86000A84211D9236829001B6A200098470600C6
:10B87000FCF79AF8002805D1002E03D03368300079
:10B880005B6898470135E7E7201DFFF7A3FF002518
:10B8900023699D420BD200226369954202D05B6806
:10B8A0000132FAE71868FCF7EBFD0135F0E72000FC
:10B8B0001030FFF7A1FF70BD10B5054C2000FFF759
:10B8C000F3FE044A0449200005F0C2FF10BDC04643
:10B8D000D8450020000000201DB80100704700007E
:10B8E0000023FC3010B5C360024B186803681B6866
:10B8F000984710BD74CB0200034B10B5186803685D
:10B900005B68984710BDC04674CB020010B5036851
:10B9100000215B69984710BD10B503680349A43343
:10B920001C6800231A00A04710BDC046030C00008D
:10B9300073B56B46D9809C1D03680222A4331E6830
:10B940000A4923000500B0477F2200280CD1862336
:10B950009B00E95820884B780A781B0213437F220A
:10B96000984201D102228A56100076BD05140000CB
:10B9700013B50092019303680822A4331C6802499E
:10B980006B46A04716BDC046010C000013B50092DF
:10B99000019303680822A4331C6802496B46A04740
:10B9A00016BDC0460120000010B502680B00A4328D
:10B9B000146802490622A04710BDC04605200000B9
:10B9C000F0B585B09C466B465A80624604000AA8D2
:10B9D00007780BA800780DAD2E7819801A71987130
:10B9E0000C990EAD0622D81D2D785F7109F0CBFEA3
:10B9F0006B465E739D7323680F22A4331D68034951
:10BA00006B462000A84705B0F0BDC04606200000E8
:10BA100013B56B4602680733A432197014680249E3
:10BA20000122A04716BDC0460A20000073B56E462D
:10BA300006ACF3701B0A2578337107AC03682478D1
:10BA40007270A433120A3170B2707571B47107222A
:10BA50001C6802496B46A04776BDC0460B2000001B
:10BA600013B501AB5A7002681970A4321468024908
:10BA70000222A04716BDC0460C200000F0B58FB0D2
:10BA800016AC24780700059417AC248814A80194F8
:10BA900018AC24880078029419AC248803941AAC5A
:10BAA000248804941BAC26881CAC258807AC6071E4
:10BAB0000A20237106AB2180628015990622C018E6
:10BAC00009F061FE6B4611221B7D1C49237306ABF6
:10BAD000D2186B461B7938001370019B1B0A5370F8
:10BAE000132206ABD2186B461B7A1370029B1B0AFB
:10BAF0005370152206ABD2186B461B7B1370039B49
:10BB00001B0A5370172206ABD2186B461B7C1370AE
:10BB1000049B1B0A5370192306AA9B181E70360A31
:10BB20005E701B239B181D702D0A5D703B681922E7
:10BB3000A4331D682300A8470FB0F0BD0D200000FE
:10BB400010B503680349A4331C6800231A00A047FA
:10BB500010BDC0460E2000007FB56E46B3800423A2
:10BB600008AC738102332588B38109AC036824884B
:10BB7000A433318072803481F5801C680E226B46BC
:10BB80000149A04704B070BD1320000010B5EC308F
:10BB90000468002C02D019001000A04710BD00005E
:10BBA000F0B51D0003688BB09B6F0F0016000400FA
:10BBB00098476B4600221F70B05C991A0132887159
:10BBC000062AF9D1162100226944A85C013948707F
:10BBD0001098805C01324874102AF6D12268064918
:10BBE000A432156820002722A84723682000DB6FB5
:10BBF00098470BB0F0BDC0462720000037B56B4614
:10BC000019700021555C5C1A0131A5710629F9D122
:10BC100002680349A43214680722A0473EBDC0460B
:10BC20002B20000007B50368012288331B68694692
:10BC3000984707BDF7B56C4605000F0016000021B8
:10BC40000722200009F0BBFD0023F95CE21A013352
:10BC50005171062BF9D12B68A671A4331E682800F8
:10BC6000230007220149B047FEBDC0460D0C00006D
:10BC7000132213B501AB9A7002681980A4321468BC
:10BC800001490322A04716BD06040000FC30816074
:10BC900070470023FC308360704700000549002A8C
:10BCA00005D0435C934202DD9B1A43547047002346
:10BCB000FBE7C0461D020000030010B5F8331B6807
:10BCC0000C00181E02D011002000984710BD030080
:10BCD00010B5EC331B680C00181E02D011002000B8
:10BCE000984710BD030010B5F4331B680C00181EF4
:10BCF00002D011002000984710BD0300FC331A68E1
:10BD00000320002A03D05868431E9841C0B27047F0
:10BD100010B5040005F06AFA200010BDF8B54D4BCF
:10BD200006001C68002903D0236820009B68984700
:10BD3000236820009B69984723682000DB689847A8
:10BD40002368002800D180E035005B692000984717
:10BD50000223FC35EA68FF33C7B29A4210DD0023A4
:10BD6000EB60AB68002B0BD023682000DB699847A1
:10BD70003949A86804F020FE236820009B69984791
:10BD80003100EB68FF315A1CF318FF33EA605F7330
:10BD90004B7B022B28D1052ACEDD4B7C097C1B0274
:10BDA0005B1804339A42C7DD23682000DB6998479B
:10BDB000AB68002B0AD0EB682849DAB23368300050
:10BDC000C0331F6833000D33FF33B847EB68591E8B
:10BDD0000023EB603368C9B2B43332000E321B6803
:10BDE000FF3230009847A3E7042B1FD1032AA3DDBD
:10BDF000CB7B02339A429FDD23682000DB699847A2
:10BE0000AB68002B0AD0EB681549DAB23368300012
:10BE1000C0331F6833000D33FF33B847EB68591E3A
:10BE20000023EB603368C9B2BC33D6E70023EB6074
:10BE3000AB68002B80D023682000DB699847102274
:10BE40003900A86804F023FE72E7DB6920009847F8
:10BE5000F8BDC04674CB02006ECA020083CA02005D
:10BE600096CA0200F0B515006B7812781B021343D6
:10BE700089B09E0404000393B60F291D022E12D12F
:10BE8000AD784B780A781B0213432A1F9A421FD0C1
:10BE9000022E06D12D4B2A00E01809F074FC2C4B21
:10BEA000E55409B0F0BD012EFBD1294F274BC05DF1
:10BEB000EA78C018AB7812021A43201809F063FC24
:10BEC000E35DAD78ED18214BEDB2E555E118D8E70B
:10BED000039BCE781D058B7836022D0D1E43042E54
:10BEE0000BD11C4BD2B218680B1D01680E6A2900D9
:10BEF000B0470022164BE254D3E7052E06D1164B6D
:10BF0000D2B218680B1D0168CE68F0E7062E06D184
:10BF1000114BD2B218680B1D01680E69E7E705AF37
:10BF20000A220021380009F04AFC01233B70053346
:10BF30007B80043BBB802368FE80943300971E689F
:10BF400005220A2329002000B047D2E71E02000084
:10BF50001D030000A0C80200A8CB0200F0B52025F8
:10BF600089B004000E00170000212A00684609F07D
:10BF700026FC6B4632003900581C1E7009F003FC89
:10BF800023682A00A4331E6802496B462000B0478C
:10BF900009B0F0BD08200000F0B5202589B00400EC
:10BFA0000E00170000212A00684609F008FC6B46C5
:10BFB00032003900581C1E7009F0E5FB23682A0086
:10BFC000A4331E6802496B462000B04709B0F0BD9B
:10BFD00009200000F0B504000E001D0085B000AF80
:10BFE0003A608722274B9200E15CA25C7B60914221
:10BFF00004D3236820001B699847F2E72B006A46A8
:10C000000933FB600733DB08DB00D31A9D46BB60B6
:10C010006A46022313702B1DDBB2D3700023137109
:10C020006B465670360A9670AAB25A7100229A71FF
:10C030006B46DA1D3B880920137000236844537057
:10C04000B96A2A0009F09FFB2300FC339B68002B90
:10C0500007D023683A7BC0331D680B496B4620002C
:10C06000A8477B687A68E35CB9680133A354074B3F
:10C07000FA68186803681B6A98470020BD4605B037
:10C08000F0BDC0461D02000048CA020074CB020089
:10C09000F7B50400100000AF7960111D39606946E2
:10C0A0000B30C008C000091A8D466E460121387950
:10C0B0003170707078681900000AB070F27001A8D1
:10C0C00009F061FB2300FC339B68002B08D0236838
:10C0D0003A78C0331B6815491D0020006B46A847FD
:10C0E000134B310018683A680368124D1B6A984771
:10C0F000012384225B4292006353A35004F07CFF2F
:10C100000600635B7A6893420BD004F075FFFA2354
:10C110009B00F318984204D2236820001B699847BB
:10C12000EFE78423BD469B00E058FEBD5BCA0200DA
:10C1300074CB02000E02000007B56B4600220733E5
:10C140001A70034901320348FFF7A2FF0EBDC04633
:10C150002D2000000846002007B56B46012207335A
:10C16000024903481A70FFF793FF0EBD2D2000000F
:10C170000846002030B587B06C4601231500601CCE
:10C180000622237009F0FFFA0023E95CE21A01336A
:10C190009175102BF9D12300172203490348FFF7AB
:10C1A00077FF07B030BDC046110C000008460020E4
:10C1B00013B50400684601F027F92300EC331B682F
:10C1C000002B11D02300F4331B68002B0CD023006C
:10C1D000F8331B68002B07D0F0342368002B03D002
:10C1E0000121684601F013F96846012101F025F9A3
:10C1F0006846012101F016F901AC6846012101F001
:10C2000027F92D21200001F000F9207816BD00004B
:10C21000F7B5019303680E00A4331F6800231500CF
:10C220000F491A000400B847002818D186239B0044
:10C23000E3581A7832709A78597812020A432A80A1
:10C24000DA7801990A705A79197912020A43089921
:10C250000A809A79DB791B021343099A1380FEBD89
:10C260000110000013B5036869461B6A0400984773
:10C2700000280BD186239B00E2582300D334D93306
:10C280001178013B59700132A342F9D116BD00006B
:10C29000F8B503680E00A4331C68002317000E498C
:10C2A0001A000500A047041E14D186239B00EA58FB
:10C2B000537811781B020B433380937887229200C6
:10C2C0003B70AB54054B318818680939036889B253
:10C2D0009B6898472000F8BD02200000A0C802001B
:10C2E00070B588B004000E001500002120226846B9
:10C2F00009F065FA0F2200236A44F15C013A51709B
:10C30000E95C01335174102BF7D123682022A43348
:10C310001D680A496B462000A84700280BD10F234F
:10C320008621180089006558C21AAA5C0C9DEA543F
:10C33000013BF8D2012008B070BDC04617200000B4
:10C3400070B503680E00A4331D68002307491A0066
:10C350000400A847051E06D186239B00E15806224B
:10C36000300009F010FA280070BDC0460910000026
:10C3700070B503680E00A4331D68002307491A0036
:10C380000400A847051E06D186239B00E158082219
:10C39000300009F0F8F9280070BDC04618200000F0
:10C3A000F0B51678B7B005001400052E1DD1BE4BB0
:10C3B00021791868E37809021943036852795B6AA6
:10C3C0009847BA4B62791868E17803685B699847C7
:10C3D000B74B186803689B689847002803D0012171
:10C3E000B448FFF715FB37B0F0BD082E72D1023408
:10C3F000AD4BA1781D68E278637809021943002AE1
:10C4000063D02800FEF734FAC3073AD52B008733F0
:10C410001800079301F005FA079801F006FA0028C2
:10C4200029D02B0025AF3E70983308361A78013397
:10C43000BA55013E002EF9D1A1786378090219435B
:10C440000622112300979B48FFF7C4FD0923320001
:10C4500098483B8025AB1600D436865D991A013288
:10C46000CE71062AF7D1A17866780902009331438C
:10C470000823FFF7AFFD079801F0DBF9079801F0FB
:10C48000DCF9A1786378090219432B6880229B6E3E
:10C49000280098472B0085331B78002B04D02B688D
:10C4A00028000433DB6F98472A1D84352B78002B36
:10C4B00099D0A17860780902014300927D48042256
:10C4C000FFF788FD00232B708DE72B6828009B6EFB
:10C4D000984788E70E2E12D11379D1781B020B43AF
:10C4E00075494352842352799B00C2508522637858
:10C4F0009200043B835406340432845073E70F2EB9
:10C500000DD1537911791B026B4A0B43835284235B
:10C51000A2789B00C25000220433C25463E7132E5A
:10C5200010D19178D61C890003315418A64200D14D
:10C5300059E72B687288B83331881B682800984700
:10C540000436F3E73E2E00D04DE7907801380928F5
:10C5500000D948E705F0AAFC50008F0047FF47FFCD
:10C56000B200060147FF190196010A00D378D51CD5
:10C57000002B00D037E708340794A9786E784A4B2F
:10C580000902186831436E7F07682B79EA780496B0
:10C59000EE7EB44664462E7F360226430396AE7E78
:10C5A0006C7E3602264302962E7EEC7D36022643B2
:10C5B000079C01960094FE69B0473C4BA9786E78C1
:10C5C0006F7F186809022B79EA783143066804976F
:10C5D0002F7FEC7E3F0227430397AF7E6C7E3F02A6
:10C5E00027430297EF7D2D7E079C2D023D43019549
:10C5F0000094B468A047F6E6D378D51C002B00D091
:10C60000F1E608340794A9786E78274B0902186878
:10C6100031436E7C07682B79EA780496EE7BB4464A
:10C6200064462E7C360226430396AE7B6C7B360234
:10C63000264302962E7BEC7A36022643079C01960F
:10C640000094FE69B047194BA9786E786F7C186822
:10C6500009022B79EA783143066804972F7CEC7B3A
:10C660003F0227430397AF7B6C7B3F022743029730
:10C67000EF7A2D7BB8E7167BD51C1F2E00D9B2E6CA
:10C68000D378012B00D0AEE6094BAD19AD7A18680E
:10C69000217907686DB20D34931D5279029501948A
:10C6A0000096BC6BA0479EE6A0C80200A8CB020083
:10C6B000A0C90200084600200E020000961C894B0B
:10C6C000B1781F687378090219433B6814AA1B6F7D
:10C6D00038009847B1787378090219433800FEF79B
:10C6E000C7F8C3071FD5862004AB1022C01800214D
:10C6F00009F065F8B37872781B02134325AC2380E8
:10C70000002379481900DA31415CE21A013351748F
:10C71000102BF7D12B681222A4331E682300734913
:10C720002800B0475FE6B1787378090219433B6887
:10C730000FAADB6F380098472B686D4AA8331B6837
:10C740000FA9002802D1412104A809182800984700
:10C75000C0B20028C7D12A68E31CA4321668654914
:10C760000222DDE725AED11C30000A2209F00BF8C9
:10C770000F237381604B0E22B3812B685F49A43372
:10C780001C6828003300A0472DE6D3780993002BBE
:10C7900000D028E641200C3314AF3B7004AB111DD0
:10C7A000C018402208F0EFFF2800211D402244302D
:10C7B00008F0E9FF4B4B1E683000FEF745F8079084
:10C7C000082800D90FE6484C4123062201000097B3
:10C7D0002000FFF7FFFB07993000FEF749F804221D
:10C7E00033680243D2B29B6E0799300098472B0002
:10C7F000A433190020000893FFF7BAFD2900200098
:10C80000AC3125ADFFF7B4FD41220999280008F0AD
:10C81000D6FF20261F232320F21ABA5CC11A5A55CC
:10C820001A00615C2032A954013BF5D20FAE1122EF
:10C830000021300008F0C3FF03232D272A00012523
:10C84000337004ABFF180899009741232C4800F07F
:10C85000CDFE0BA9725D4B1B01351A74112DF9D158
:10C860001022380008F08FFF2B000799009606224F
:10C870002000FFF7AFFB234B402223492000FFF7A6
:10C8800007FCB0E5D378002B00D0ACE5154B1F6852
:10C890003800FDF7D9FF0600082800D9A3E52B00D2
:10C8A0000434D333B3352278013B5A7001349D42AE
:10C8B000F9D131003800FDF7DBFF082204003B68A6
:10C8C00002439B6ED2B2310038009847E30600D491
:10C8D00089E50E4B0E4A1868310003689B6A984739
:10C8E00081E5C046A0C80200084600201A200000CA
:10C8F000E24600201B200000FF0F00002020000067
:10C90000384900200C46002026200000A8CB020059
:10C910008C460020F0B500263B4D89B0F0352B68E1
:10C92000019104923000B3426CD006AB0430DE704B
:10C9300004F054FC0290042004F050FC0400042095
:10C9400004F04CFC0300070006A82D6822000299A1
:10C950000330A847039606AB03331B78B34235DD9B
:10C96000B3000593039B002B20D1396807ADB000BD
:10C970002B00019A0958254800F0C6FD019BDA7882
:10C980002B789A4212D1019B6A781B799A420DD179
:10C99000019BAA785B799A4208D12368B200995822
:10C9A0000498062208F0EFFE012303932368B200E7
:10C9B0009858002801D004F01DFC3B68B20098583C
:10C9C000002801D004F016FC0136C4E7029B186869
:10C9D000002801D004F00EFC029804F007FC206847
:10C9E000002801D004F006FC200004F0FFFB3868AA
:10C9F000002801D004F0FEFB380004F0F7FB039898
:10CA0000431E984109B0F0BD084600203849002077
:10CA1000F8B5FC300500806816001C00002818D00E
:10CA200003F0AEFFA619A868A6420CD027780F2FF6
:10CA300002D8084903F0A4FF10223900A86804F0C6
:10CA400022F80134EFE703F0A5FFA8680368DB686C
:10CA50009847F8BDA0C10200084B02000360002304
:10CA6000EC32136053609360D36013615361936140
:10CA7000D361034A8354034A83547047B0CA020007
:10CA80001D0200001D03000010B5054C2000FFF73B
:10CA9000E3FF044A0449200004F0DAFE10BDC0465A
:10CAA0000846002000000020DDB8010070477047F4
:10CAB00070B504000E0004F09FFA050004F09CFA23
:10CAC000401BB04205D223682000DB68984700284D
:10CAD000F4D070BD144B13B51878002801D101F0C3
:10CAE00005F9002001F0EAF801F05EF900214A2082
:10CAF00001F076FB01F080F9002001F0DFF801F091
:10CB000053F96A466B46D41D002201210633227078
:10CB10004A202200197001F0F8F901F06DF920782F
:10CB20004342584116BDC0464649002010B500207A
:10CB300001F0DCF8FFF7CEFF10BD0000124B07B587
:10CB40001878002801D101F0D1F8002001F0B6F8E2
:10CB500001F02AF900214B2001F042FB01F04CF9D1
:10CB6000002001F0ABF801F01FF96A466B46002087
:10CB700001210732063310704B30197001F0C5F9EE
:10CB800001F03AF907BDC0464649002010B5FFF74D
:10CB9000D5FF10BD134B37B51878002801D101F02F
:10CBA000A5F80025002001F089F801F0FDF86B469A
:10CBB00029004C209C1DDD8001F012FB01F01CF9C6
:10CBC000280001F07BF801F0EFF86B4602220533F4
:10CBD0001A70012122004C2001F097F901F00CF9A4
:10CBE00020883EBD4649002010B5FFF7D3FF10BD99
:10CBF000164B37B5050018780C00002801D101F05C
:10CC000075F8002001F05AF801F0CEF801214E200D
:10CC100001F0E6FA0122022101A8048001F04DF999
:10CC200001F016F901F0E8F8002001F047F801F0F2
:10CC3000BBF86B469C1D0023290022004E20238058
:10CC400001F075FA01F0D8F820883EBD4649002071
:10CC5000012307B55B42012101A80193FFF7C8FF3B
:10CC600001980EBD164B37B5050018780C0000284A
:10CC700001D101F03BF8002001F020F801F094F818
:10CC800001214D2001F0ACFA0122022101A804800B
:10CC900001F013F901F0DCF801F0AEF8002001F02A
:10CCA0000DF801F081F86B469C1D0023290022003D
:10CCB0004E20238001F03BFA01F09EF820883EBD13
:10CCC00046490020012307B55B42012101A80193D9
:10CCD000FFF7C8FF01980EBD1A4B73B50500187811
:10CCE0000C00002801D101F001F8002000F0E6FF5F
:10CCF00001F05AF801214F2001F072FAA1B201228D
:10CD0000280001F046FA032606342500354003D0FA
:10CD100001F09EF80134F8E701F06EF8280000F009
:10CD2000CDFF01F041F86A466B460121941D0533A1
:10CD3000D5804F202200197001F0E7F801F05CF86F
:10CD4000208876BD4649002010B508001100FFF785
:10CD5000C3FF10BD024B034A083313607047C0463F
:10CD600078CB020028490020704770478180C2803C
:10CD700070470181704781727047807A431E9841E5
:10CD8000C0B27047704710B5040004F02FFA2000BD
:10CD900010BD0000F0B5A5B002931B7807000C0091
:10CDA000012B00D095E003685B6A9847CD4B039058
:10CDB0001D68CD4B1E68002800D174E0BB7A012BA2
:10CDC00001D90023BB7205AF380000F025FD012119
:10CDD000380000F036FD2B003A7886331A703A7826
:10CDE00006A85A70029B01330393997800F00DFB5B
:10CDF000039B0CAA9B7821001370039B28005B788F
:10CE00005370029B5B7893702B685B6F98472B681D
:10CE100021009B6E28000293FDF72AFD01220243A8
:10CE2000029BD2B22100280098470722002114A8B3
:10CE300008F0C5FC4821022302AA521813700431DD
:10CE400002AA52180E33137033683000DB6E984715
:10CE5000492202AB9B181870336830009B6E9847CC
:10CE600007AB1870180000F0FEFA4B2202AB9B18BB
:10CE70001870380000F0D3FC4D2202AB9B181870DC
:10CE8000380000F0CCFC4E2202AB9B1818703368BF
:10CE900014AA943300921D68062207232100300053
:10CEA000A84725B0F0BD4821904B02AA5218138024
:10CEB000336814AA009294331F68062202232100CB
:10CEC0003000B847210028002B68039A9B6E9847D2
:10CED000E7E7042B6CD1844B02991D6801312B00CC
:10CEE0002A00A33393320878013B587001319A42EB
:10CEF000F9D107AE11220021300008F060FC2A00B1
:10CF00000423A432170033700C3311780132F1542A
:10CF1000013B002BF9D12B68009694331E68062242
:10CF2000112321002800B0471F23281D0CA914AA93
:10CF300006785E5406004036367801309E54013B38
:10CF4000F6D22B0006AE019600979433684800F0A5
:10CF50003FFCB078737800021B04C018F378C01847
:10CF600033782E00FC3637681B061818002F04D0C3
:10CF7000604905F035F80800B8477368002B00D108
:10CF80008FE79847061E00D08BE75B4B05AA1380FE
:10CF90002B68009294331F68062202232100280088
:10CFA000B84732004F4B186803689B6E21008EE72C
:10CFB000022B00D175E7052B05D14A4B00221868DA
:10CFC00003689B6EF2E7082B0DD1464B02991B6854
:10CFD00001311A00873397320878013A50700131D5
:10CFE0009A42F9D15DE7092B21D1043B14AD029A95
:10CFF000D21AD2795A55013BF9D23B4B02991C689F
:10D00000384B20681A6849781300983200928833A8
:10D01000066F2A002000B0472300F4331B68002B62
:10D0200000D13EE721002800DA31984739E70C2B80
:10D0300029D1029B2022591C14A808F0A4FB0299B4
:10D04000202221311CA808F09EFB264B21001D68E0
:10D050002B6828009E6EFDF70BFC02220243210084
:10D06000D2B22800B047204B14A91C684022201DD2
:10D0700008F089FB23682149A4331D6800232000A0
:10D080001A00A8470DE70D2B00D00AE70C3B14ADA2
:10D090000299EA1AC95C01331174112BF8D1114BB2
:10D0A00021001E683000FDF7E3FB102233680243C5
:10D0B00002909B6ED2B2210030009847029B1B0762
:10D0C00009D4094B10221B682900180084300293F0
:10D0D00008F059FBE5E63B682A009B6A210038000E
:10D0E0009847DEE6A0C8020044CA02000505000019
:10D0F0003849002040420F00050C000025200000A8
:10D10000F0B5584BA7B01E680FAD336809921B6F7E
:10D110002A0030000F009847534B1C6823682000FA
:10D120005B6A98472100252004ABD4310622C01841
:10D1300008F029FB242204AB9B1800221A7023005C
:10D14000210094330793103308933633039311ABC4
:10D1500002930DABB43101930095089B0CAD079A77
:10D16000424800F0A9FA03220021280008F027FB1A
:10D17000236820009B6E984721AB1870180000F0C0
:10D1800072F9287023682000DB6E9847A87000258C
:10D1900033680BAA9B6F3900300098472B0064213D
:10D1A00004AA521853550135102DF8D115AB04932C
:10D1B0000DAB03930FAB02930BAB01931DAB00932D
:10D1C000079A089B11A9294800F0D0FA19AB0493DB
:10D1D0000FAB03930DAB02930CAB01931DAB00930C
:10D1E000089A079B11A9214800F0C0FA2A00099962
:10D1F00015A808F0B9FA21AD002821D10D232B7014
:10D20000542104AA5218125C2B1A01301A741028E7
:10D21000F6D123680095943306221D683900112346
:10D220002000A84739003000FDF722FB2022336898
:10D2300002439B6ED2B239003000984727B0F0BD50
:10D2400002220B49280008F09EFA236800959433C7
:10D250001D680622022339002000A84733680022F7
:10D260009B6EE8E7A0C8020044CA020038490020CB
:10D27000A4CB020070B586B00BAB0DAC1B88268822
:10D28000012A24D18588002D06D0C488002C03D023
:10D29000AB421ED3A3421CD81C00002200890028E8
:10D2A00001D0864202D1002A11D03000002503AA05
:10D2B0009380094B1581094D50811868D4800395DE
:10D2C0000368009294331C6805220C23A04706B023
:10D2D00070BD2B00E2E7C04644CA020012010800FC
:10D2E00073B5032A10D9DC789D7824022C43251DC0
:10D2F000AA4209D11E785A781D1D122E05D1E3B21B
:10D3000004680095E46AA04773BD132EFCD1E3B214
:10D3100004680095246BF6E7F0B587B00F000C9C0D
:10D32000072B4FD9002104AB9980133119701139A3
:10D3300059805A708588002D10D0C18800290DD0E1
:10D340006278267812023243954205D8E278A578B1
:10D3500012022A43914201D201229A8001890029B6
:10D3600007D0E279A07912020243914201D0012252
:10D370009A80154B04AA1D6803922B68009294337F
:10D380001B6805221E00390006232800B047039BB6
:10D390009B88002B16D1E378A2781B021343627896
:10D3A000217812020A43E179A679090231432868FB
:10D3B000019161792679090231430091846D390028
:10D3C0002800A04707B0F0BD44CA0200044B083350
:10D3D0000360002343600381013383727047C046BA
:10D3E000ACCB020010B5054C2000FFF7EFFF044A5C
:10D3F0000449200004F02CFA10BDC0462C4900203E
:10D400000000002069CD010070470170704702786C
:10D4100010B513000124A343002901D023001343B6
:10D42000037010BD027810B513000424A343002933
:10D4300001D023001343037010BD027810B5130010
:10D440000824A343002901D023001343037010BD17
:10D45000027810B513002024A343002901D0230033
:10D460001343037010BD00787047002070B50400AE
:10D470008025834205DD0E5C165401301028F8D15A
:10D4800070BD834201D1D554F7E71454F5E700008D
:10D49000F0B587B003930F2300240E00170002AAF3
:10D4A0009B181C70164B1B680293029B039A1B6807
:10D4B00000921D6E0F2302AA9B1831003A000298B9
:10D4C000A847012814D01E2C18D00E4B01341D681B
:10D4D0002B682800DB689847C82003F0C3FD2B6841
:10D4E00028009B6898476420604303F0BBFDDCE79D
:10D4F0001E3C2000441EA04107B0F0BD0020FBE709
:10D5000044CA0200DCC6020070B51D0000231C00E6
:10D5100088B06E469C550133102BFAD1137804ACB9
:10D5200073735378B37393786A46F3732300FFF7EA
:10D53000AFFF0120637B2B70A37B6B70E37BAB7031
:10D5400008B070BD00200F2310B5CC5C64002043F0
:10D55000D054C85CC009013BF7D210BD002030B5E3
:10D560000C5C155C6C401C5401301028F8D130BDA7
:10D5700070B51E000023040018008CB0150004AA2A
:10D5800098540133102BFBD16B462000FFF780FF2E
:10D590006B461B787F2B0ED82A0069462000FFF7C8
:10D5A000D1FF2B787F2B12D8320029002000FFF703
:10D5B000C9FF0CB070BD08AA69462000FFF7C2FF82
:10D5C0002B00094A08A92000FFF7C8FFE9E708AACD
:10D5D00029002000FFF7B6FF3300034A08A9200006
:10D5E000FFF7BCFFE5E7C0467C260020F0B51C0035
:10D5F0009BB0019216AB12AA06000091FFF7B8FF8C
:10D6000022000F230F32D5171D40AD182D1126D043
:10D610001C4225D1019B691E0901591812AA0AABA7
:10D620003000FFF79BFF00231A0002A95A54013370
:10D63000102BFAD100276B1E02ACBB4224DD019BEC
:10D640003A019A18210006AB3000FFF787FF23004C
:10D6500006AA00993000FFF71BFF0137EBE7012511
:10D66000144B234004D51024013B6442234301336F
:10D67000019A691E0901511830000EAAFFF7F5FE44
:10D680000AAB16AA0EA9CBE706AB0AAA2100300006
:10D69000FFF764FF230006AA00993000FFF7F8FEA9
:10D6A00000231A5D2099CA540133102BF9D11BB005
:10D6B000F0BDC0460F000080F0B510259BB0029170
:10D6C00029490CAC0600170013312A0004A8039363
:10D6D00008F059F835220021200008F070F8622384
:10D6E0002D2063701233A370083BE370073B237156
:10D6F00002AB2A003900C01808F045F83D2002AB03
:10D700002A000399C01808F03EF84D2002AB093DED
:10D710002A002099C01808F036F82A00219917A885
:10D7200008F031F85B2302AA063D08AF9B181D7074
:10D73000029A04A9300000972023FFF757FF229B8D
:10D7400022000093390030003523FFF74FFF239B61
:10D75000257030000093220035233900FFF746FF83
:10D7600028001BB0F0BDC046E8CB0200F0B5102485
:10D770001F0095B005000E0003A81100220008F05C
:10D7800002F82200390007A807F0FDFF22001A99CD
:10D790000BA807F0F8FF1B9903220FA807F0F3FF6F
:10D7A0003F20093C22001C99684407F0ECFF46200A
:10D7B00022001D99684407F0E6FF1E9B2800009395
:10D7C00003AA41233100FFF711FF012015B0F0BD7E
:10D7D000F0B5202417001E0005009BB0220006A80B
:10D7E00007F0D1FF220039000EA807F0CCFF2099E6
:10D7F000102216A807F0C7FF02AB009306AA502319
:10D8000031002800FFF7F2FE042205A9219807F055
:10D81000BAFF01201BB0F0BD0023037070470078F1
:10D820007047012300781840704700788007C00FC8
:10D83000704700784007C00F704700780007C00F9E
:10D840007047027810B513000224A343002901D0C9
:10D8500023001343037010BD704710B5040003F09C
:10D86000C5FC200010BD000010B5044B044808336F
:10D87000044A0549036003F0EBFF10BD6CCC0200C5
:10D880003C4900200000002059D80100002303700B
:10D8900070470000044B10B51B68002B00D0984760
:10D8A0000122024B1A7210BD4049002000140040B2
:10D8B000037813B5002B28D0144B994200D21900DD
:10D8C000002368460091019307F012FE0F210269C0
:10D8D0004369C46801320A40643B103192050C4030
:10D8E0009B066404134323433F248268114042682B
:10D8F0000903224092010B43134302682240134361
:10D90000034A1361937ADB09FCD113BD80436D3860
:10D9100000140040094B0A4A9A605A7852B2002A11
:10D92000FBDB084A5A605A7852B2002AFBDB064AEF
:10D930005A805A78D209FCD17047C046000C00408A
:10D940000204000002031100044200000378002BCF
:10D9500005D0034B034A5A809A7AD209FCD170470A
:10D96000001400400080FFFF00B58BB0FFF7EEFF12
:10D9700001220F4B52421B69099200220892079222
:10D980009A0E643206929A01120F013A05929A0297
:10D99000D20E0492DA03D20E03921A059B06920E5F
:10D9A0009B0E01A80292019307F0DCFF0BB000BDB3
:10D9B000001400400221044B1A888A431A809A7A84
:10D9C000D209FCD17047C046001400400222044B2B
:10D9D00019880A431A809A7AD209FCD17047C04646
:10D9E000001400400122044B19880A431A809A7AD5
:10D9F000D209FCD17047C046001400400121044BFD
:10DA00001A888A431A809A7AD209FCD17047C04694
:10DA1000001400402023F7B50026294A0F00916921
:10DA200005000B439361274CB7420BD1264B3E00B8
:10DA30001A7870231A4205D023881B0702D50126C5
:10DA4000236901932800FFF765FF2800FFF7B2FF65
:10DA50002800FFF7C7FF63881C4A134063801C4BF4
:10DA60002380A37ADB09FCD1C0211A4A0833136052
:10DA7000890053581B021B0A53500123E2791343B8
:10DA80000722E371237F93432377A37ADB09FCD139
:10DA90002800FFF79BFF2800FFF7B0FF002F0BD1F6
:10DAA000002E09D0019B002B06D02361A37ADB094D
:10DAB000FCD101332B70F7BD8423DB03F5E7C046AF
:10DAC000000400400014004038040040FFBFFFFF86
:10DAD000080A000000E100E00022014B1A707047C4
:10DAE00044490020034AD379DB09FCD1A5331372E2
:10DAF0007047C046001000400221064B1A788A4346
:10DB00001A70DA79D209FCD1997901320A439A71F3
:10DB10007047C046001000400D4B0E4A30B59A6069
:10DB20000D4A5A605A78D209FCD10C4A0C495A80E5
:10DB30000422CA67C021C0240A4B49005A50A400DD
:10DB40001959094D294019511A600123037030BD3C
:10DB5000000C004002040000020311000342000018
:10DB600004E100E000E100E0FFFF00FFF8B503780A
:10DB700006000D001700002B01D1FFF7CDFF002399
:10DB8000474C2370E379DB09FCD1464B9D4250DCC6
:10DB9000002D4ED0AD022800FA21F530FF3089006B
:10DBA00004F022FA404B984247DC404B984248DC54
:10DBB0003F4B984249DC3F4B98424ADC3E4B9842EF
:10DBC0004BDCFF284DDC7F284FDC3F2850DC1F2832
:10DBD00051DC0F2852DD1025FF3BFF3B0F210122B6
:10DBE0000B40002F4DD060791B01024362710B2264
:10DBF0006078884302436270627811400B4363701F
:10DC00000423227813432370E379DB09FCD130002D
:10DC1000FFF768FF0223227813432370E379DB09BF
:10DC2000FCD1FA208023800068439B00C01880123A
:10DC3000F8BD80250B23ED01D0E780250A23AD0137
:10DC4000CCE7802509236D01C8E7802508232D0135
:10DC5000C4E780250723ED00C0E780250623AD003B
:10DC6000BCE7802505236D00B8E704238025B5E7D0
:10DC700003234025B2E702232025AFE70023082530
:10DC8000ACE720790243227162788A43134304226D
:10DC90006370237893432370E379DB09FCD1B6E703
:10DCA000001000407F3E0000FF1F0000FF0F00003B
:10DCB000FF070000FF030000FF01000010B5040093
:10DCC00003F09AF9044B187803F0FCFC002802D00A
:10DCD000002CF7D0F4E710BD8C26002010B51A20D8
:10DCE00003F0F0FC431E984110BD0000F8B5274B2F
:10DCF0001B78002B01D0002847D01823244E254F35
:10DD00003370254C04333B70013B237000F0F4FB6F
:10DD1000224D1A2804D801232B702378DB4323706B
:10DD20003078012103F056FC3878002103F052FCD2
:10DD30002078012103F04EFC01211A2003F04AFC57
:10DD400001211A2003F092FC3078012103F08EFCAF
:10DD50002978207803F08AFC0A2003F083F92978D7
:10DD600001252078694003F081FC0D4803F07AF921
:10DD700000211A2003F07AFC00211A2003F02AFC6B
:10DD8000084800F029FB014B1D70F8BD46490020F2
:10DD90008E2600208C2600208D260020454900205C
:10DDA000EE0200006849002013B500246B466A4665
:10DDB0001C7101235371019A0B490C4800F034FB8C
:10DDC0000B4B2100187803F051FC03F015F9040007
:10DDD000084B187803F076FC012804D003F00CF906
:10DDE000001B0428F4D913BD00127A0068490020F2
:10DDF0008E2600208C26002010B5044B01211878B7
:10DE000003F034FC024800F08FFA10BD8E2600208B
:10DE10006849002007B56B46D871D9790248C9B264
:10DE200000F00AFA0EBDC0466849002010B5040093
:10DE3000FF20FFF7EFFF207010BD70B50C0005004C
:10DE40000800FFF7F3FF2078401B4342584170BDA4
:10DE500013B56B46DC1D002320002370FFF7E6FF9F
:10DE6000207816BD70B50500084CFFF7F1FFEF28CC
:10DE700008D0013C002C01D0A842F6D1401B4342FF
:10DE8000584170BD01204042FBE7C046E903000055
:10DE900070B504000D0000201600FFF7BBFF6519E8
:10DEA000AC4204D02078FFF7B5FF0134F8E7012E2B
:10DEB00002D1EE20FFF7AEFF70BDF8B505000800F7
:10DEC0000E0017002C00FFF7A5FF631B9E4204DD28
:10DED0002078FFF79FFF0134F7E7012F02D1EE20F2
:10DEE000FFF798FFF8BD10B50400000AFFF792FF96
:10DEF000E0B2FFF78FFF10BD10B50400FF20FFF761
:10DF000089FF002C00D0207010BDF0B585B01F0037
:10DF100002ABDC1D00230500E020019116002370F8
:10DF2000FFF7A0FF002802D1002005B0F0BD2000BF
:10DF3000FFF77CFF802223781543AB42F4D1200009
:10DF4000FFF774FF2378019A9342EDD13800FFF771
:10DF5000D3FF35003A78AB1B9A4204DD2800FFF767
:10DF600065FF0135F6E72100EE20FFF766FF01208F
:10DF7000DBE7F7B56B46DC1D00230500E0200E0053
:10DF800017002370FFF76EFF002801D10020FEBDAF
:10DF90002000FFF74BFF802223781543AB42F5D1D9
:10DFA000FFF756FF00280DD03800FFF7A5FF35001A
:10DFB0003A78AB1B9A4205DDFF20FFF72BFF287054
:10DFC0000135F5E72100EE20FFF737FF0120DEE7FE
:10DFD000F0B587B004ABDE1D00230500E0200391FF
:10DFE00014003370FFF73EFF002802D1002007B075
:10DFF000F0BD3000FFF71AFF802233781543AB42A3
:10E00000F4D1FFF725FF01900028EFD0052343430B
:10E01000E3180293029B9C421AD0FF20FFF7FAFEFE
:10E02000002720702378BB4210DDA37865781B029F
:10E030002B43E578FF202D042B4325792D061D4326
:10E04000FFF7E8FEED1928700137EBE70534E1E74B
:10E05000019B039A9342C9D13100EE20FFF7EDFEF8
:10E060000120C4E7F0B5A7B01F0004ABDD1D0023FD
:10E07000060002912B7006AC59019800511801332B
:10E0800001510A2BF8D1E020FFF7ECFE002802D165
:10E09000002027B0F0BD2800FFF7C8FE80222B78B3
:10E0A0001643B342F4D1FFF7D3FE031CB84200D9A4
:10E0B0003B1CDAB20192029A1370019B002B1BD019
:10E0C0000027019BBB421CDDFF20FFF7A3FE0026BB
:10E0D000039023689B190293039BB34206DDFF2044
:10E0E000FFF798FE029B01361870F2E70023029AB0
:10E0F000013713700434E4E72900EE20FFF79DFE9A
:10E10000C6E72900EE20FFF798FE0120C1E770B5B1
:10E110000500FF20FFF77EFE0400FF20FFF77AFED8
:10E120002402204380B2002D00D0288070BDF0B5BD
:10E13000002485B002AB0700DD1DE0200191160030
:10E140002C70FFF78FFEA04202D1002005B0F0BD79
:10E150002800FFF76BFE80222B781743BB42F4D1D7
:10E16000FFF776FE00280ED03000FFF7D0FF33888F
:10E17000A34208D9019BFF201F19FFF74BFE013472
:10E180003870A4B2F3E72900EE20FFF756FE012015
:10E19000DCE770B504000D0008001600FFF7A3FED1
:10E1A0006519AC4204D02078FFF734FE0134F8E75B
:10E1B000012E02D1EE20FFF72DFE70BD70B50400D8
:10E1C00002200D00FFF726FE200AFFF723FEE0B233
:10E1D000FFF720FE012D02D1EE20FFF71BFE70BDE0
:10E1E00070B50400E0200D00FFF714FE7F202040F2
:10E1F000FFF710FE2800FFF70DFE002D02D1EE20E4
:10E20000FFF708FE70BD70B506000C008D18AC421B
:10E2100007D0336821789B6830009847207001341C
:10E22000F5E770BD7047704710B50400406800F016
:10E2300095FA0023237610BD10B5406800F0B3FABC
:10E2400010BDF8B5050040680C0000F0A7FA2B6877
:10E25000E7B2260A9B68012810D139002800FF2761
:10E2600098472B68BC4304439B68310028009847BB
:10E27000030220003840184380B2F8BD3100280066
:10E280009847FF262B680002344004439B683900FE
:10E2900028009847B4432043EEE710B5040002F08D
:10E2A000A5FF200010BD000010B54B1C0BD010299D
:10E2B00009D0EFF3108472B6102905DD02234376EE
:10E2C000002C00D162B610BD0123427E1A43427673
:10E2D00018224A430449891816228A569340C26973
:10E2E0001343C361ECE7C046BCCC02004B1C17D003
:10E2F000102915D0437E9B0712D4EFF3108272B61B
:10E3000018234B430749C9180123897D49B28B4023
:10E31000C1699943C16100D14176002A00D162B63A
:10E320007047C046BCCC0200437E002B05D09A0744
:10E3300004D5837E002B00D062B67047DB07FCD586
:10E34000C369024A9BB2D360F7E7C0460018004099
:10E35000037E002B04D143768376C36101330376B9
:10E36000704700007FB5036902AE04000D00029102
:10E3700072608B4203D1828AB3889A4226D02000F1
:10E3800006223100103007F0FEF9606800F0FDF958
:10E390007379E17A013B581E8341227B00936068C8
:10E3A000002300F08FFB33790021013BDBB2022B0D
:10E3B00001D8074AD15C074B2A009D4200D91A00B8
:10E3C000606800F0B3F9606800F0D5F97FBDC04621
:10E3D0007CCC0200001BB70070B518260400FFF7C4
:10E3E000B7FF33000821207A0D4D4343EB185956EF
:10E3F00003F080F933000821A07A4343EB18595603
:10E4000003F078F90821607A4643AD19695603F0A4
:10E4100071F9044B200006CBFFF7A4FF70BDC04686
:10E42000BCCC02008849002007B5437E00910192D0
:10E43000002B07D09A070AD5EFF310835A425341B5
:10E44000837672B60099019AFFF78CFF07BDDB0750
:10E45000F8D5C369014A9BB29360F3E70018004006
:10E46000F7B500240125194B194A5D711A601C711A
:10E47000184B1948083301930360184B184F436039
:10E48000184B194E03810D233A0031004575046184
:10E49000047583720A3B0476C472037303F0D8F9DF
:10E4A0001248134B019A4360124B4575038119239F
:10E4B0003100026004613A0004758372163B0573F3
:10E4C0000476C37203F0C4F9F7BDC0468849002042
:10E4D00000093D0080CC0200484900206450002023
:10E4E000000000200C0B000027E20100684900201A
:10E4F0006C500020171600002120704710B5012134
:10E500001A2003F067F801211A2003F0AFF8012167
:10E510001B2003F05FF800211B2003F0A7F810BDBB
:10E5200010B5024801F0A7FE10BDC046904900207A
:10E5300010B5024801F09FFE10BDC046D44B00202C
:10E5400010B5024801F097FE10BDC046184E0020DD
:10E55000F0B51F4985B01F4800F058F81E491F4804
:10E5600000F054F81E4D1F49280000F04FF81E4ED1
:10E570001E49300000F04AF81D491E4800F046F8D8
:10E580001D4F1E49380000F041F8012403233900D3
:10E590000093019423000022194801F0E5FD0023B7
:10E5A0003100019300941D331E22164801F0DCFD5A
:10E5B00019230393013B0293163B019300941433F8
:10E5C00017222900104801F08BFD05B0F0BDC046B0
:10E5D000000800425C500020000C00426450002003
:10E5E0006C500020001000427450002000140042C3
:10E5F000001800427C50002084500020001C004283
:10E6000090490020D44B0020184E002000230371B5
:10E61000016070479446F0B59E1E721E9641624698
:10E62000056892072F6836063A4332432A60072569
:10E6300005AC24780068A4012940214342680024E5
:10E64000022B00D05C03114321434160F0BD30B583
:10E65000C0250368AD031C6812052A402243C0246C
:10E660000904A40221401143196003685A68144345
:10E670005C6030BD0123026811680B4313600368BE
:10E680001A68D207FCD4DA69D207F9D4704702239A
:10E69000026811680B4313600268D3699B07FCD4BE
:10E6A00070470268137E9B0702D40379002BF9D1CF
:10E6B000002303717047002203685A837047036880
:10E6C000187E4007C00F70470368187EC009704766
:10E6D000802302685B42117E0B4313767047036808
:10E6E000588B8007C00F704702230268518B0B4381
:10E6F000538370470368187EC007C00F70470368D4
:10E70000188DC0B2704703681A7ED207FCD589B253
:10E7100019850123037118007047012203689A7557
:10E720007047012203681A757047000070B5012612
:10E7300004684B0833403140256809075B070B43E9
:10E740002B43236004685100034803F0C3FB0138E6
:10E75000C0B2207370BDC046006CDC0201230268A9
:10E7600011680B43136003681A68D207FCD4DA6996
:10E77000D207F9D470470223026811680B43136073
:10E780000268D3699B07FCD470470368DA69920773
:10E79000FCD402211A688A431A607047036818681B
:10E7A0004000C00F70470268936A5B0A5B0219431E
:10E7B000916203681A7E5207FCD5986AC0B270470E
:10E7C0000123026811680B43136003681A68D207BB
:10E7D000FCD4DA69D207F9D47047022302681168C1
:10E7E0000B4313600368DA699207FCD430215A8B1B
:10E7F0008A43110010220A435A830268D3695B07D7
:10E80000FCD470470221026813688B4313600268CE
:10E81000D3699B07FCD4704780230268DB02116830
:10E8200051680B4353607047036803491A685A687C
:10E830000A405A607047C046FFFFFBFF032230B515
:10E84000036811401C68074D5A6809042A40E40611
:10E850001143640F5960052C03D10268D3695B072B
:10E86000FCD430BDFFFFFCFF70B5056804006B8B66
:10E870009B069B0F022B0DD06B8B00209B069B0FE2
:10E88000032B32D06B8B9B0704D56B8B9B069B0FA6
:10E89000012B2AD16B6A49001143DB0AC9B2DB02A2
:10E8A0000B436B622368002A13D11A7ED207FCD572
:10E8B0005B8B9B069B0F022B04D049080022200093
:10E8C000FFF7D2FF2368588B4007C30F0120584041
:10E8D0000BE0187E8007C00FF4D11A7ED207F8D55E
:10E8E000C022596892020A435A6070BD03682833F7
:10E8F00019700268107EC007C30F508B002B06D121
:10E90000C007C00F08D1538B9B07F3D57047400752
:10E91000C30F01205840F9E71800F7E703682833D0
:10E920001970036800201A7E520704D5588B012302
:10E930004007C00F5840704703681868C006400F72
:10E94000043843425841C0B270470368588B800670
:10E95000800F023843425841C0B270470368187EA6
:10E960004007C00F70470368187EC007C00F70478C
:10E970000368588BC006C00F70470368187E800775
:10E98000C00F70470368588B0007C00F70470368BB
:10E990001A68D206520F052A05D11A7E920702D4B0
:10E9A0001A7ED207F9D528331878C0B27047000014
:10E9B0000368214A30B593422FD0204A93422FD08A
:10E9C0001F4A93422FD01F4A93422FD01E4A934290
:10E9D0002FD01E4A93421FD10E2319220121032555
:10E9E00099401B48C024016099082B40AB40FC357E
:10E9F0009D4089000918A4000859A843C0259D40DE
:10EA00002B0003430B518023DB011A43114B5A8027
:10EA10005A7852B2002AFBDB30BD09231422DDE70D
:10EA20000A231522DAE70B231622D7E70C23172235
:10EA3000D4E70D231822D1E700080042000C004261
:10EA4000001000420014004200180042001C004266
:10EA500000E100E0000C0040F8B504000F001600D3
:10EA60001D00FFF7A5FF2000FFF704FE1C21BB00DF
:10EA70000B4071072268090C0B4313608423226842
:10EA80009375012F1AD11021012E00D008390C4B9B
:10EA900069431868C00003F01DFA0722216802408C
:10EAA0008B895203DB04DB0C13438B812268030444
:10EAB0009089DB0C400B400318439081F8BDC046A1
:10EAC00098260020F7B50600019308AB1F780D00CB
:10EAD0001400FFF743FE3000FFF76AFFC022240551
:10EAE00092031440BA070C2717433C43C027072260
:10EAF000BF022D0433683D4025431D60019B3168F2
:10EB000013401A0080239B0213434B60F7BD70B57E
:10EB100004000D001600FFF74BFF2000FFF750FE2A
:10EB20001C2221686D000B6893431A0010231343C5
:10EB3000FF220B60236815405D62002E04D0012384
:10EB40002268516A0B435362072322689375226837
:10EB5000D3695B07FCD470BDF8B504000F00FFF764
:10EB600027FF2000FFF72CFE1422236879001A608B
:10EB70000C4B25681E68300003F0ACF90A4904000C
:10EB8000300003F0A7F97D23FA215843C90003F0B0
:10EB9000A1F9FF23241AE868053C1C40984304436C
:10EBA000EC60F8BD9826002040420F00002070471E
:10EBB00070B50F26CB1D013902003240D5B22C00B2
:10EBC00000093034092A00DD07341C70013B8B42F8
:10EBD000F2D170BD10B50C000B4B1868FFF7E8FFC1
:10EBE00021000A4B08311868FFF7E2FF2100084BAB
:10EBF00010311868FFF7DCFF2100064B1831186848
:10EC0000FFF7D6FF202010BD0CA0800040A08000A0
:10EC100044A0800048A0800008B4024B9C461038F5
:10EC200008BC6047D5EB0100704770473F20704734
:10EC300013B56B460268D971073354681900012275
:10EC4000A04716BD70B50A260B7892B06E44023309
:10EC500005000B703C220021300006F0B0FD394861
:10EC600001AC06903848242107900620207768469A
:10EC7000364AA1742281364A364BA281FD3AFF3AC8
:10EC80008018C177684623390630C1776846073057
:10EC9000C17702A8C1770720F277032608316944BB
:10ECA000C87703A9CE7710212B366E443170092620
:10ECB00021851F3169440E700CA9053E0E70332169
:10ECC0002380022369440B7006360DA90E70224979
:10ECD0003536A1863B216E44307010A86274E2770D
:10ECE00002703D3269446A440B7013704021002267
:10ECF000E37023716371A37341336B4421871970EF
:10ED00005A702B7DC039A370A37263770133DBB2D5
:10ED1000A3776A7D0B200D0068441543C577312029
:10ED2000684403703A23501C6B441870412302322C
:10ED30000A436B441A7021004222084800F004FD87
:10ED400012B070BD1001042402060524090400005D
:10ED500001020000080B000007050000F050002031
:10ED600008B4024B9C46103808BC604745EC0100D3
:10ED7000F8B5027D0B7904000D0000279A420CD1F2
:10ED80000B784E78A12B0AD1212E06D10100072243
:10ED900034311C4800F0D8FC01373800F8BD212B75
:10EDA000FBD1202E23D1010007223431154800F079
:10EDB0000DFC9623626BDB009A421FD13B34237813
:10EDC000DB071BD4FA2002F0F5FC00210D4800F00F
:10EDD000C3FD0127232EE0D1EB78AA781B02134351
:10EDE000094A00210748136000F0B6FDD5E7222E3E
:10EDF000EFD103008A783B331A70DAE702F0E4FCC3
:10EE0000E3E7C046F05000209026002008B4024BF3
:10EE10009C46103808BC604771ED010010B53430D5
:10EE20000822002106F0CBFC10BD000010B5417D8A
:10EE3000006A013100F002FB034B1B6801335A1ECC
:10EE40009341181810BDC0469426002010B5417D8E
:10EE5000006A023100F008FB10BD10B5417D006A68
:10EE6000023100F0CFFA10BD70B50D00417D0400F5
:10EE7000130002312A00006A00F0BCFB002801D117
:10EE80000123636070BD000010B5054C23685A1C57
:10EE900004D103685B69984703002060180010BD27
:10EEA00094260020074A0300106810B5411C03D0C7
:10EEB00001235B42136010BD597D186A013100F0D7
:10EEC00049FBF8E79426002070B5050002F094F89D
:10EED000F423FF330024984207D93B352C780A20CD
:10EEE000631E9C41E4B202F0BDF8200070BD00201A
:10EEF0007047704770470000FA239B0010B583608D
:10EF0000114B0022C3820300283383610F4B04009E
:10EF10004260C2611800503323610830631D2162D2
:10EF20002060DA770A4A2F3303CA03C38323A3621C
:10EF3000813BE3628033236301F0E0FC2100103168
:10EF400001F0ADFC200010BD03020000DCCF020088
:10EF5000D4CF0200022110B5094B1A68437D5B0132
:10EF6000D318FF339C7A21439972437D0133DBB27E
:10EF70005B01D3180122FF33997A0A439A7210BDBC
:10EF8000A855002010B502490248FFF7B5FF10BD93
:10EF9000F05000208C500020704710B5040002F0A3
:10EFA00025F9200010BD0000F0B5822919D1C3B2A7
:10EFB000294D5A01AA189169284C80010C40C021A2
:10EFC0008905214391612649083340187021506119
:10EFD00028685B011A5C8A43110030220A431A54E4
:10EFE000F0BD0029FCD1C026C1B21B4C4B01E31877
:10EFF0009A681A4DB6052A4032439A60194A800130
:10F0000082185A600A000727246808325201115DED
:10F01000B9430F000121394311559F6910493D4003
:10F0200040182E439E6158617020115D8143080095
:10F0300010210143115599680B48A21808408021FE
:10F040004903014399609968890B890399604023BA
:10F0500011790B431371C3E7A8550020FFFFFF8F01
:10F060001C510020DC520020FF3F00F0EFF3108322
:10F0700003600123436072B670470368002B02D11E
:10F0800062B6BFF36F8F704773B5836D0400002BBA
:10F090001BD10600A83635786846FFF7E7FF019BCD
:10F0A000EDB2013B02D33578EDB2FAE76846019341
:10F0B000FFF7E3FF002D01D1002076BD2300A4332C
:10F0C0001868A0342368C01AF7E76846FFF7CEFF38
:10F0D00022000025019BF432013B02D31578EDB2EA
:10F0E000FAE768460193FFF7C8FF002DE4D023003C
:10F0F000F0331868EC34E5E710B5436D4468DBB2D3
:10F100005A01A21891680948083308408021490330
:10F110000143916091685B01890B890391602268CA
:10F12000D318402219790A431A7110BDFF3F00F02D
:10F13000F7B5436D4268DBB219000400083110686E
:10F1400049014118C979C90711D55B01D2189368E3
:10F150009B049B0C0CD12000FFF7CEFF63681A685C
:10F16000636DDBB208335B01D3187F22DA71F7BD20
:10F17000E16D002923D12100A4310B60230001257A
:10F18000AC33E56568465360FFF770FF260020004A
:10F190002100019BA836013BF430F5315A1C33D0D5
:10F1A000357002785F1ED2B20A700A78002A04D144
:10F1B00020000193FFF7A0FFE8E73B00EEE7210006
:10F1C000F0310B600023E365230060335360684631
:10F1D000FFF74CFF0125260020002100019BF4369B
:10F1E000013BA830F5315A1C0ED0357002785F1EF5
:10F1F000D2B20A700A78002A04D120000193FFF7E6
:10F200007BFFE8E73B00EEE768460193FFF735FF39
:10F21000A4E737B56B46DC1D00230D00237001F019
:10F220006DFB210001F0F8FA2B681818286020788F
:10F230003EBD00000078002810D00121084B1B685B
:10F240001A898A431A810822198B0A431A830422D5
:10F25000198B0A431A830022024B1A607047C0467A
:10F26000A8550020A055002010B50F4A93699B0BAC
:10F270009B03936113680222FF331A729879823AD2
:10F2800002439A711A7A9207FCD57F24074A2140DB
:10F29000937A0800A3431900802301439172917A65
:10F2A0005B420B43937210BDA855002000500041F3
:10F2B00010B50C0001F022FB210001F0E0FA00285B
:10F2C00004D1034A93699B0B9B03936110BDC04615
:10F2D000A8550020F8B50D00832A19D1CBB23B4CBC
:10F2E0005A01A21891693A48AD010840C021890528
:10F2F00001439161374920686D18702108335561C9
:10F300005B011A5C8A43110040220A431A54F8BD7B
:10F31000022A55D1304A8B009858002802D0036841
:10F320005B699847F82001F059FF0400274E2B4BEA
:10F330004660036040220021083006F040FA2200B7
:10F340000023A032A3646565E3642365A365E365D8
:10F350005360D3641372136013654C32137253728B
:10F36000FF222B001340590171188868184F083389
:10F370000740C020800538438860306807265B015D
:10F38000195CAD00B1430E00032131431954230031
:10F39000616D606811404901411860334B60616DD7
:10F3A00063680A401B6852019B180122FF33997A57
:10F3B00020000A439A72FFF79FFE074B5C51A6E7B5
:10F3C00011002800FFF7F0FDA1E7C046A855002076
:10F3D000FFFFFF8F1C510020F450002044D002009A
:10F3E00070B505000124064BA200D258002A06D0B1
:10F3F000210028000134FFF76DFF0A2CF3D170BD06
:10F40000C85000200B4BCAB20B488901C9185301E0
:10F41000C318596199690832890B89039961036896
:10F4200052019A180223D3715179823B0B435371D5
:10F430007047C0461C510020A8550020084B8A0088
:10F44000D05810B5002803D003689B68984710BDBA
:10F45000C9B2044B4901591888688004800CF6E74A
:10F46000F4500020A855002010B50C00FFF7E6FF6F
:10F4700000280CD0064BE4B21B68083464011C1948
:10F48000802362795B42134363710223E37110BDF1
:10F49000A8550020F0B51C002A4B85B01B6807005A
:10F4A0000D000292002B4AD0274B8A00D05800282A
:10F4B00008D0036822005B68029998470400200086
:10F4C00005B0F0BD3800FFF7B9FF844204D9290028
:10F4D0003800FFF7B3FF04000121EBB21B4E03938A
:10F4E0005B010193F21893689B0B9B039360019A55
:10F4F000336802989B18FF335A7A0A435A72144BA6
:10F50000A901C918220006F03EF9002CD7D0290025
:10F510003800FFF793FF0028D1D14021039B3268C8
:10F5200008335B01D3181879014319710121D9718E
:10F53000019BD318FF339A7A0A439A72BFE70124DA
:10F540006442BCE7A0550020F4500020A8550020DC
:10F55000DC52002013B56B46DC1D22000123FFF7AF
:10F5600099FF012801D1207816BD01204042FBE718
:10F5700070B5CBB2124A13485C018901891802198F
:10F5800051609168104D08330D4080214903294393
:10F59000402591609168890B8903916001685A0147
:10F5A0008A1816793543157195796D06FCD55B017E
:10F5B000C918CB79DB07FCD500198068C0B270BDD3
:10F5C000DC520020A8550020FF3F00F070B50D0070
:10F5D00000211400FFF7CCFFA04200D92000002337
:10F5E0000349A34203D0CA5CEA540133F9E770BD72
:10F5F000DC520020F0B51E003A4B85B01B680F00AE
:10F600000192002B35D08023DB019E4231D80025AA
:10F61000354B8A01D3180293002E2CD0334B1B6834
:10F620000393FF233B401C0000930834039B6401B9
:10F630001C19A379DB0921D02D4B2E49186802F043
:10F6400049FC2D4B1721584302F044FC2B4BE27927
:10F65000920713D4DA5D002A01D10138F7D20122D2
:10F66000DA55009B5A01214B9B189A69920B920321
:10F670009A6101256D42280005B0F0BD00221F4BA4
:10F680003400DA553F2E09D9009B40245A01174B0C
:10F690009B188022996912060A439A6122000199F7
:10F6A000029806F070F8009BA1045A010F4B890CD8
:10F6B0009B18029A2D195A619A69361B920B920374
:10F6C0000A439A61009B039A08335B01D318022214
:10F6D000DA715979823A0A435A71019B1B190193D5
:10F6E0009AE7C046A05500201C510020A8550020D4
:10F6F0009826002040420F00701101001151002097
:10F7000070B50D001C000D4BAE01F6181100300055
:10F71000220006F038F8EDB209496D014D196E610D
:10F72000AB69084A20001340AB61AB69A2049B0B94
:10F73000920C9B031343AB6170BDC0461C5100206B
:10F74000A8550020FF3F00F0F7B5104B01901B7843
:10F750000F001500002B0CD10D4B16001C78002C4F
:10F7600009D00C4E0C4834882018641906F00BF8A8
:10F7700034802800FEBD002EFBD03A193300002152
:10F780000198FFF7BDFF2418361AF4E79C540020B7
:10F790009D5500209E5500209D540020F8B50F0077
:10F7A00016000024012A26D9100005F0B7FF050035
:10F7B000380007F099FA0323022201304000287034
:10F7C0006B7096420DD9397800290AD0531CDBB2F0
:10F7D0000137A9549E4203D00232EC54D2B2F0E772
:10F7E000320029000548FFF7AFFF441EA041C4B214
:10F7F000280005F09DFF2000F8BDC046F050002015
:10F80000F0B50024012685B0184B0F0069461E7024
:10F8100005000094FFF7FDFC154B01A90B806A3B26
:10F82000FF3BCB715A330B72009B8C7109334B80B9
:10F830000E4B4E7108711C703A00092F0FD00D4FFE
:10F8400009223E700C4E280000943480FFF77CFFA4
:10F8500069462800FFF7DDFC328808493C70280023
:10F86000FFF772FF012005B0F0BDC0469C54002098
:10F87000090200009D5500209E5500209D54002047
:10F8800070B5CE7892B005000C00022E0BD18B79AA
:10F89000C9792C4809021943FFF7B2FF411E88417C
:10F8A000C0B212B070BD01F029F8210000F0C8FF0D
:10F8B000002803D0C117081AC00FF2E7012E0ED19D
:10F8C000E279A37912021A431F49112A13D8D2B23E
:10F8D000002A10D02800FFF737FF0120E1E7032EB0
:10F8E000DFD1A378002B08D1E279A37912021A4361
:10F8F0001649032AEBD90A78ECE7022B08D1E27902
:10F90000A379120212491A432800FFF747FFC8E7FC
:10F91000012B05D1E279A37912021A430D49F3E7CD
:10F92000032BBED14122010001A805F048FF00F0E1
:10F93000E5FF01A900F094FFE279A37912021A43CE
:10F9400001A9E1E7F050002084D0020074D0020049
:10F9500060D0020078D00200CBB204495B01C91824
:10F960008B699B0B9B038B617047C046A855002099
:10F9700037B5050048780C000B2810D802F08CFA37
:10F98000061B0F2B0F404561494C5A5D097801AAAF
:10F99000002906D1022311802800FFF7B1FE0120C3
:10F9A0003EBD00231380284B1B78012B00D1137020
:10F9B00002230021F0E78A780023012A03D101AA5B
:10F9C0001380224BF0E7204A1370214A93699B0B66
:10F9D0009B039361E3E78C78012C06D100211B4B3C
:10F9E00001AA1C7011702300D6E70120002CD7D18A
:10F9F000154B174A187093699B0B9B039361CFE7D4
:10FA000089782800FFF730FCC9E72800FFF738FFA6
:10FA1000C6E701230F4ACCE70B780020DB06BFD1F5
:10FA20002800FFF7DDFCA2780A4B0B481A60FFF7AD
:10FA300091FACAE70123094ABBE78A78074B1A60A3
:10FA4000C3E70020ACE7C046105100201851002049
:10FA5000A8550020A05500208C500020A45500205F
:10FA60003A4BF7B51E780500002E5FD1384C23685D
:10FA70009A8B12070DD5082231009A833000FFF7C8
:10FA800093FA10222368FF33997A0A439A72314B12
:10FA90001E6023689A8B520701D504229A83FF3394
:10FAA0001A7A920603D52022597A0A435A721A7A90
:10FAB000D20623D569460800274AC0CAC0C0A2683A
:10FAC000920B9203A2604022587902435A7160233C
:10FAD0000A7828001A422AD1FFF74AFF2368FF3329
:10FAE000002827D08022997952420A439A711A7AC3
:10FAF000520603D54022597A0A435A727F260125BD
:10FB00002368FF331E722F00236808377F01DB193B
:10FB1000DB79002B07D0114BAA00D05800280DD05C
:10FB200003681B6898470135082DECD1F7BDFFF736
:10FB3000BFFBD3E720210A4A9171D8E72900094881
:10FB4000FFF7D8F92368DF19FE71ECE79D55002017
:10FB5000A8550020A0550020DC520020F4500020C1
:10FB6000FF5000418C50002010B50248FFF778FF8D
:10FB700010BDC046F050002080235B0003800023AE
:10FB8000436007330372704783000148C018704711
:10FB9000C8500020836C402B09D03F22036CC15415
:10FBA000036C013313400364836C01338364704737
:10FBB000F7B505006846FFF759FA00264022019B79
:10FBC000013B02D32E6D961BFAE768460193FFF7BF
:10FBD00054FAAB6D6846002B4FD1FFF747FA290066
:10FBE000019BA831013B5A1C0CD00C785A1EE4B280
:10FBF000002C05D168460193FFF73FFA2000FEBDB7
:10FC00001300F0E7684601930024FFF736FA2A0054
:10FC10002900A0321368A431B4420ED0086898427B
:10FC20000BD92800591CEB18116060331978083083
:10FC3000C9B2FFF7AFFF0134E9E709689942DDD1A6
:10FC4000002313600133AB656846FFF70FFA2F00FE
:10FC50002A000021019BA837013BF532581CC9D06E
:10FC6000397010785E1E002805D0117028000193AD
:10FC7000FFF742FAEBE73300F0E7FFF7F7F9290067
:10FC8000019BF431013B5A1C06D00C785A1EE4B299
:10FC9000002CAFD01300F6E7684601930024FFF76D
:10FCA000ECF92A002900EC321368F031B44202D09A
:10FCB000086898421DD8096899429FD10023684678
:10FCC0001360AB65FFF7D2F92F002A000021019BDA
:10FCD000F437013BF532581C00D18BE739701078AE
:10FCE0005E1E002811D0117028000193FFF704FA5E
:10FCF000EAE72800591CEB181160AC33197808307A
:10FD0000C9B2FFF747FF0134CBE73300E3E710B593
:10FD10000400FFF74DFF206D10BD10B50400FFF784
:10FD200047FF236D002B03D0E36CE418207A10BD4D
:10FD300001204042FBE7F7B517000E000400FFF773
:10FD400037FF6846FFF792F93F2200259446019B52
:10FD5000013B5A1C19D0BD4215D2226D002A12D087
:10FD60000121226D4942002A0AD06046E26CA218A5
:10FD7000117AE26C01320240E264226D013A22659E
:10FD800071550135E7E7013BE3E768460193FFF76B
:10FD900074F92800FEBD0000014B024A1A6070474A
:10FDA000A8550020005000412023F7B5474A050020
:10FDB000D1690F200B43D361012245490B781343CE
:10FDC0000B70444B19788143197006211C7821432C
:10FDD000197041490C7822430A701A7802401A704F
:10FDE000602219780A431A703C4B3D4A5A805F786A
:10FDF000FF09FCD13B4801F0F9F801233A4C3B4E96
:10FE00002268300011780B431370802239005200B1
:10FE100005F0D5FC22689378DB07FCD456621F26D8
:10FE2000334B1B68590B980C9B01314030405B0FE2
:10FE3000B14200D105211F2800D10238072B00D183
:10FE4000043B31408901178D01912A4930400F4010
:10FE5000019939431185118D0700B14308003843DA
:10FE60001085118D1803244B7F260B4003430C2073
:10FE700013850823D17881430B430321D370226873
:10FE8000D3788B4301390B43D37022681378334006
:10FE90001370042322681678334313702268C12438
:10FEA0001389A40083431548138103591B021B0ABD
:10FEB0000351802303601378114819430123117003
:10FEC0002B700021FEF7B0FEF7BDC04600040040D5
:10FED000584400413C44004159440041000C00405A
:10FEE0000640000069FB0100A8550020AC55002029
:10FEF000246080003FF8FFFFFF8FFFFF00E100E07C
:10FF00008C5000200120704710B50368014A1B6A1D
:10FF1000984710BD13040000FC30006A7047872327
:10FF20009B00C018C36880204000C01A70470300BF
:10FF3000FC331A6A002A03D0DB69C018007D7047C1
:10FF400001204042FBE710B504000069FEF792FB78
:10FF500022000023FC329361D36113628722920056
:10FF6000A4186360A360E36010BD872310B59B00F5
:10FF7000C218D368002BFCD10069FEF792FB10BDBC
:10FF8000F02001403039484248417047F0231B01BE
:10FF90001940802306209B0099420AD00133FF3389
:10FFA0000130994205D0802302385B00994200D08D
:10FFB000002070470F2001400020012903D00239A2
:10FFC000481E8141481C70478B23F0B5182685B028
:10FFD00002919B000400C05C330008214343324D72
:10FFE0001700EB18595601F085FB304B0821E05CF7
:10FFF00033004343EB18595601F07CFB2C4BE25C79
:020000022000DC
:100000000393022A09D11133E05CFF2805D00821AF
:100010004643AE19715601F06DFB8C26B600A05D0B
:10002000FF2819D0012101F0D5FA1822A35D21493A
:100030005A43AB56AD18DB0158188D21890060502A
:100040001D4901225B188E218900635069688A402E
:100050008F21890062501A600122029B11002069E1
:10006000FEF7FAFC39002000FFF790FF3900050089
:100070002000FFF79FFF390006002000FFF780FFF8
:1000800033000090290020690122FEF7C3FA0B4BD0
:100090002069E25C039BE15CFEF7D9FA2069FEF778
:1000A000F6FA05B0F0BDC046BCCC02002D0200003F
:1000B0002F02000018440041144400412E020000A9
:1000C000802210B504005200002105F078FB2300C7
:1000D0000022FC335A6020009A60DA6010BD0000F4
:1000E000F0B585B01D000AAB1B78040000930BAB84
:1000F0001B78160001930CAB1B780F0002930DAB1D
:100100001B78039300234360FA239B008360124B08
:10011000083303601430FFF7D3FF20002130FF3095
:10012000FFF7CEFF8B236A469B002761E6540B4BFB
:100130001278E5540A4B2000E2546A46094B1279C2
:10014000E2546A46127A0133E2546A46127B103353
:10015000E25405B0F0BDC04698D002002D02000068
:100160002E0200002F020000F7B51D0008AB1B781F
:100170000400009309AB1B78160001930023436031
:10018000FA239B008360114B0F0008330360143087
:10019000FFF796FF20002130FF30FFF791FF8B2300
:1001A0006A469B002761E654094B1278E554094BD7
:1001B0002000E2546A46084B1279E2548C22313B0B
:1001C000FF3B9200A3541032A354FEBD98D002000E
:1001D0002D0200002E0200002F020000F7B5EFF301
:1001E000108300930123019372B680260200FF253D
:1001F000019BFC327600013B5C1C0FD0D4685F1E73
:10020000B44209D054680155546801342C405460FC
:10021000D4680134D460EEE73B00EDE76846019313
:10022000FEF72BFFF7BD13B5EFF310830093012307
:10023000019372B6019B5A1E0192002B15D0030048
:10024000FC33DA68002A0DD09A68845C9A6801321F
:10025000D2B29A60DA68013ADA606846FEF70DFFBA
:10026000200016BD01246442F7E701246846FEF72A
:1002700004FF6442F4E710B504000069FEF72FFAAA
:10028000002805D02069FEF73AFA2069FEF72CFA1B
:100290002069FEF714FA00281BD02069FEF72FFA18
:1002A000010020001430FFF799FF8C239B00E35CD2
:1002B000FF2B0ED02300FC331A6A80235B009B1AAD
:1002C000092B06DC8D238F229B009200E358A25855
:1002D0001A602069FEF70EFA00280ED087239B00D3
:1002E000E318DB68002B14D020002130FF30FFF72B
:1002F0009AFFC1B22069FEF706FA2069FEF7E4F919
:10030000002805D02069FEF7E3F92069FEF7D3F94C
:1003100010BD2069FEF705FAEFE70000F8B504000C
:1003200000690D00FEF7E6F987239B00E618002818
:1003300002D0F368002B34D001278022F3685200EA
:10034000934223D1EFF310833B4210D1174B5B68EC
:10035000DB05DB0DF1D0103B5BB2002B10DAF13A7C
:100360001340083B9B08124A9B009B181B6820699E
:10037000FEF7C0F90028E0D02000FFF77CFFDCE7A3
:100380009B08C0330B4A9B009B58F0E720002130AC
:10039000FF302900FFF722FF2069FEF7BEF9012098
:1003A000F8BD29002069FEF7AEF9F8E700ED00E09E
:1003B0001CED00E000E100E010B504001430FFF790
:1003C00032FF8C239B00E35CFF2B0ED02300FC3319
:1003D0001A6A80235B009B1A0A2B06DD8E238F226C
:1003E0009B009200E358A2581A6010BDF7B5019225
:1003F0001822162442433F4B07009B181C570091BC
:10040000631C6ED0102C6CD03B4B3C4E1D68002DF5
:1004100027D1290044223A4805F0D1F92900442285
:10042000384805F0CCF91022374B38491D60CA67AF
:10043000C021C120364B49005A5080001958FF3561
:10044000A94319501A60334B334A5A800223327839
:10045000134333707378DB09012BFBD00122264B49
:100460001A600125A540736900212B437361380090
:1004700001F040F9009B002B31D00027224B20498E
:100480009C461B68BA00BB421DD160460133036025
:100490008D501C4B00999950072C19DD0123083C05
:1004A000A4000721A140154A9B009B189A698A4322
:1004B0009A61019A042A12D81000996901F0ECFCA3
:1004C0000B12141618008858A842E1D00137D9E75A
:1004D000A4000023E5E70522A2400A439A61ADB2D9
:1004E000F560F7BD0422F7E70322F5E70222F3E700
:1004F0000122F1E7BCCC0200345700200018004074
:10050000F0560020AC5600203857002004E100E0EF
:1005100000E100E0000C004005400000F8B50024B8
:10052000094B1B68A34200D8F8BD084E084FA50030
:100530003369EA591A4204D0064BEB589847EB59F5
:1005400033610134ECE7C046385700200018004002
:10055000F0560020AC56002010B5002801D006F05F
:100560000FFA10BD10B5041E05D006F02DFA2100BB
:1005700001F020FE0C00200010BD10B504008842E0
:1005800003DA081AFFF7EEFF2418200010BDFEE77B
:10059000000208437047F0B589B00191037D040063
:1005A000012B00D08AE0021D029210000122049368
:1005B000002352421C001500049E0392017800297A
:1005C00000D06EE04178002900D06AE0511C65D06F
:1005D00001335BB204998B4201DD04930392013431
:1005E000E1B202304CB20829E8D100263700039B63
:1005F000BB4204DC049B039A9B18BB4253DC0F22D2
:10060000029B1D782B111540029ADCB25278111111
:1006100007916946097F05910F2111400691002B32
:1006200008D021005731092B00DC2739019800F050
:10063000ABF936182C4308D029005731092D00D8C2
:100640002739019800F0A0F93618059B1C430AD001
:100650001900079B5731092B01DC059930310198AE
:1006600000F092F936180699069B5731092B01D8EC
:1006700019003031019800F087F93618072F04D09F
:100680003A21019800F080F93618029B01370233B5
:100690000293082FABD1300009B0F0BD2200330027
:1006A00098E72A009BE7039BBB42EED1002BE7D1E2
:1006B0003A21019800F068F93618E1E703000500D7
:1006C000002613331035029329780A22019800F08E
:1006D000DAF92E210700019800F056F9029B3F1825
:1006E0000135F6199D42EFD1E17C0A22019800F014
:1006F000CAF93618CFE7000010B50400054B0175A4
:100700000833036010220021043005F058F820005F
:1007100010BDC046CCD0020010B504000021FFF788
:10072000EBFF200010BD0000F7B50F0000211D00F9
:1007300008AB1B7804000193084B160008330360D4
:1007400001750C22043005F03AF86B461B792774CA
:100750006674A5742000E374FEBDC046CCD00200D0
:1007600070B50D0000210400054B017508330360CE
:100770000C22043005F023F82561200070BDC0462E
:10078000CCD0020070B50D0000210400074B0175AC
:10079000083303601022043005F011F8200029000E
:1007A0000422103004F0EFFF200070BDCCD0020016
:1007B00070B50D000021040001751022043004F012
:1007C000FEFF200029000422103004F0DCFF20008E
:1007D00070BD10B50A000C7D017D00238C4207D14D
:1007E000011D101D102204F0BFFF43424341DBB244
:1007F000180010BD07B501210548FFF77DFF002156
:10080000044800910B000A00FFF78EFF07BDC046A9
:100810003C5700205457002070B50E000025446856
:10082000002C0BD0236831005B682000984700281B
:1008300002DB2D18E468F3E701256D42280070BD46
:1008400070B50D004468002C08D0236829009B680F
:1008500020009847002802D1E468F4E7200070BD2A
:1008600070B50D004468002C07D0236829002000D3
:10087000DB689847E4682D18F5E72C7070BD70B5FB
:100880000D004468002C08D0236829001B68200054
:100890009847002802D1E468F4E7200070BDF8B55D
:1008A00042788B790D00017A9B18040000208B425E
:1008B00022DC6368834219D16560002623786A715F
:1008C000EA792B719B182370AB79B34213D9AB68CB
:1008D000B7006078DF19FFF757F93B68013603600E
:1008E0006378F6B201336370EEE70B00D968002934
:1008F000FBD1DD60E1E70120F8BD000070B5012605
:10090000054D064C2B68334203D12000FFF734F924
:100910002E60200070BDC0466C570020705700202C
:10092000F7B506000D000C008B180193019B671BA7
:100930009C4207D0336821781B6830009847013407
:100940000028F3D13800FEBD70B5040008000D008A
:1009500006F0CAF92368020029005B682000984766
:1009600070BD10B50B1E02D0FFF7EEFF030018009C
:1009700010BD10B503688A685B680968984710BDA8
:1009800010B5FFF7EEFF10BD10B503681B68984760
:1009900010BD000010B50249FFF7D6FF10BDC046DC
:1009A000D8D0020070B50500FFF7E3FF040028006F
:1009B000FFF7F0FF201870BD70B50400FFF7D1FFFE
:1009C00005002000FFF7E6FF401970BDF0B58BB0C1
:1009D0006B461500002205330600DA770800012D6A
:1009E00000D80A2509AC290001F0FAFACAB21300AE
:1009F00037330700DBB2092902D813003033DBB2EA
:100A0000013C2370002FEED121003000FFF7A9FF39
:100A10000BB0F0BDF8B506000C00151E04D103683C
:100A2000C9B21B689847F8BD0A2A0CD100290BDA15
:100A30002D21FFF7A9FF614207002A003000FFF7D0
:100A4000C5FF3818EFE7D2B221003000FFF7BEFF34
:100A5000E9E710B5FFF7DEFF10BD70B50400FFF742
:100A6000D9FF05002000FFF795FF401970BD10B5B4
:100A7000002A04D10368C9B21B68984710BDD2B2DE
:100A8000FFF7A4FFFAE710B5FFF7F1FF10BD70B54F
:100A90000400FFF7ECFF05002000FFF77BFF401983
:100AA00070BD10B5040000F0A7FAE06023682000D4
:100AB0005B699847002808DA00F09EFAE368C01ADC
:100AC000A3689842F2D30120404210BD8160704774
:100AD00070B50D000749040000F068F82800FFF722
:100AE000E0FF002804DBC1B2200000F037F9F5E791
:100AF000200070BDDAD002000B6803604B684360D1
:100B00008B68836000230B604B608B60704710B56F
:100B100004000068002801D004F00AFE200010BD87
:100B200010B504000068002801D004F001FE002385
:100B30002360A360636010BD70B504000D00006801
:100B4000013105F073FF031E01D0012028C470BDE0
:100B5000036810B50400002B04D043688B4201D316
:100B6000012010BD2000FFF7E7FF0028F9D0A3689F
:100B7000002BF5D122681370F3E770B50E00110059
:100B800004001500FFF7E4FF002804D12000FFF760
:100B9000C7FF200070BD2A003100A560206804F066
:100BA000F2FD00232268A1685354F2E7002370B5D8
:100BB00004000D00036043608360994207D0080081
:100BC00006F092F8290002002000FFF7D6FF20006F
:100BD00070BD70B5050008000C0006F085F8210016
:100BE00002002800FFF7C9FF70BD10B50023040004
:100BF0008AB023606360A360080001A900F0C6FA10
:100C0000200001A9FFF7E5FF20000AB010BD70B574
:100C10000E00110004001500FFF79AFF002804D110
:100C20002000FFF77DFF200070BDA5603100206827
:100C300006F052F8F7E770B505000C0088420CD0BA
:100C4000006804F075FD23682B60A368AB606368DF
:100C50006B6000232360A360636070BD10B50B0060
:100C60000400884205D00968002904D09A68FFF77B
:100C700084FF200010BDFFF753FFFAE7002310B5F3
:100C80000400036043608360FFF7E8FF200010BDAD
:100C900010B50400FFF7CFFF200010BD10B5040011
:100CA000002903D0FFF795FF200010BDFFF738FFA4
:100CB000FAE770B504000D1E09D0080006F014F81C
:100CC000290002002000FFF7A2FF200070BDFFF7FF
:100CD00027FFFAE7002310B5040003604360836038
:100CE000FFF7E7FF200010BDF7B5040001911600E3
:100CF000002902D100252800FEBD0125002AFAD0D6
:100D00008368D7183900FFF723FF051EF2D0236848
:100D1000A26801999818320004F035FD002223687A
:100D2000A760DA55E7E710B58A680968FFF7DCFFC6
:100D300010BD70B5050008000C0005F0D5FF2100BE
:100D400002002800FFF7D0FF70BD002310B59942C4
:100D500002D0FFF7EEFF0300180010BD07B56B4689
:100D6000D971073301221900FFF7BEFF0EBD10B580
:100D70008A6809680400FFF7B7FF002802D1200045
:100D8000FFF7CEFE200010BD10B50400002904D1ED
:100D90002000FFF7C5FE200010BDFFF7D6FF00289A
:100DA000F6D0F8E7026810B50B68002A13D0002BC4
:100DB0000CD181681800002907D0107805E08968F7
:100DC0001000002901D01878404210BD1900100011
:100DD00005F078FFF9E7002BF1D11800F5E703687B
:100DE00010B5002B11D000290BD182680800002A11
:100DF00006D0187804E00A781800002A00D0504283
:100E000010BD180005F05EFFFAE70029F3D10800D5
:100E1000F6E7826810B594468A680023944504D1A9
:100E2000FFF7C0FF43424341DBB2180010BD8368A7
:100E300010B5002B07D10120002903D008784342C8
:100E40005841C0B210BD0068002901D10078F6E712
:100E500005F038FFF3E770B50123884217D08268A8
:100E60008C680023A24212D10133002A0FD00568FA
:100E70000C68287800280CD006F0B6F80600207818
:100E800006F0B2F8013501348642F2D00023180092
:100E900070BD0123FBE770B583688D685C1B002380
:100EA00094420CD30068984209D00968994206D050
:100EB00080182A0005F01FFF43424341DBB21800AF
:100EC00070BD836810B59C468B6800229C4502D398
:100ED000FFF7E1FF0200100010BD000083688B42A5
:100EE00003D903685818002B02D10023014803706E
:100EF0007047C0467C570020836810B5934208D9DC
:100F000004680968A01805F007FF002801D0001B3D
:100F100010BD01204042FBE710B50022FFF7ECFFB7
:100F200010BD0000F8B506000F0014001D009A4225
:100F300001D92C00150009493000FFF737FEBA68C7
:100F4000A24208D9AA4200D92A003968121B0919FD
:100F50003000FFF712FE3000F8BDC046DAD00200C4
:100F60000368002010B5834202D0180004F00AF98B
:100F700010BDFEE7034B10B51B68002B00D098474F
:100F800010BDC0468057002070B50F490F4CA142DC
:100F900004D100F033F900F001F9FEE70C4D002315
:100FA0008D42F6D0CA18E818A24205D3094B8242F6
:100FB000EFD00949002204E0006804331060F1E733
:100FC00004C38B42FCD3E4E7000000206829002022
:100FD00064D6020068290020C057002010B500F038
:100FE0006FF8002801D100F055F810BD014B1860D2
:100FF0007047C04680570020014B18687047C046B4
:1010000084570020F7B51348012284461249134C37
:101010008E68636805689B0E134001928868626859
:10102000019F920E3A4067463F6893420ED1BD42FF
:101030000CD186420AD35B19FA254868AD00861B9D
:1010400007486B437043000DC018FEBD3D00130000
:101050000600E3E78457002010E000E000ED00E028
:101060005555000070B5041E10D0FFF7CBFF0500EA
:1010700000F025F8FFF7C6FF054B401B9842F7D953
:10108000FA23013C9B00ED18002CF3D170BDC04643
:10109000E703000010B5034A13680133136000F042
:1010A0009BFB10BD8457002010B5002806D03023CC
:1010B0000321584300F00EFF0138FDD110BD7047E9
:1010C00000207047F0B50C008BB01600002926D028
:1010D000931E222B2DD80A2A05D1002803DA0127D6
:1010E000404201AD0AE00027FBE7310000F078FF45
:1010F000CBB2092916D830332B7001352A000028CD
:10110000F3D101ABAB42F0D02300002F02D02D2150
:10111000631C217001A98A4206D800221A7020009F
:101120000BB0F0BD5733E7E7013A1178197001337E
:10113000F0E70024F3E7F0B50D008BB017000029AD
:101140000ED0931E222B1FD801AC260023000028AE
:1011500009D1A64207D02A00B34210D80023137049
:1011600028000BB0F0BD390000F03AFFCBB20929DE
:1011700003D8303323700134E8E75733FAE7013BF3
:10118000197811700132E7E70025E9E710B5FFF79C
:1011900099FF10BD10B5FFF7CEFF10BD10B500F0E0
:1011A000F7F804F085FAFDF7A9F90120FFF75AFFD7
:1011B000084C2000FEF7F8FD2000FEF73BF8E7F7AB
:1011C00067FAE9F723FA044B002BFAD000E000BFDE
:1011D000F7E7C046F05000200000000010B504F012
:1011E0009DFA10BD10B504F099FA10BD10B504F0C9
:1011F0009FFA10BD10B504F09BFA10BD1E22F0B589
:10120000504851494368514D93431A0002231343F8
:10121000436008238A691343FE228B612B68D20343
:101220009B0213404A4A13434A4A93611300042223
:10123000DC681442FCD00124474A14701678264218
:1012400003D0567876B2002EF8DB012494605478EF
:1012500064B2002CFBDB414C5460547864B2002C27
:10126000FBDB8224E4015480547864B2002CFBDB65
:1012700002249C840E34DE682642FCD0384CDC62AA
:101280001024DE682642FCD02C68A40E3F2C00D12E
:10129000203C9E6A334FA4023E4034439C629C6AC9
:1012A000314EA40AA40234439C62304CDC62002418
:1012B0009C841034DE682642FCD02D4C9C84102483
:1012C000DE682642FCD002249E8C34439C84102489
:1012D000DE682642FCD000249460547864B2002C6E
:1012E000FBDB244C5460547864B2002CFBDB1C6A9A
:1012F000214E344080261C621C6AB4431C620323C6
:1013000093601E4B536053785BB2002BFBDB0023D2
:10131000FF240B721A4A4B728B72CB72194B1A60F4
:10132000194A2B6811689A065B01C90E2340520FB7
:1013300012020B431343154A13858023426813435B
:101340004360F0BD00400041000400402460800084
:101350000606000000080040000C004001040100E7
:10136000B905FF7DFF03FFFFFF01000080BB0A1CE2
:101370002405000000070300FFFCFFFF0306010037
:10138000006CDC02982600202060800000400042B3
:10139000FA21314B10B51868890000F09BFD2F4BE6
:1013A0000138984256D82E492E4A4860C020136A08
:1013B00000061B021B0A03431362002407238C60F0
:1013C0000B608021136A09061B021B0A0B43136280
:1013D000FC22254B196A0A431A62FC22196A9201FF
:1013E0000A431A62A022196AD2020A431A62E0B2C0
:1013F0000021013400F0EEF81F2CF8D11B4B1C002B
:101400005A7852B2002AFBDB194A5A80194B1A004B
:10141000597EC9090129FBD0E421C90099803F21E7
:10142000D970537EDB09012BFBD0C02300205B0168
:101430001361907000F02EF863785BB2002BFBDB39
:101440000D4B0E4A6380D379DB09012BFBD041237E
:10145000537010BDFEE7C04698260020FFFFFF0036
:1014600010E000E000ED00E000040040000C00404F
:101470001E400000004000422140000000480042A1
:10148000914202D002D98A1AD0407047521A904035
:10149000FBE70000164A00B51300517EC909012977
:1014A000FBD00138042816D81969124A0A400F21C6
:1014B0001A615A788A4300F0EFFC0308060B030018
:1014C000110001220A435A7000BD11000322F9E7FE
:1014D00011000222F6E7F02311691B050B430F21CF
:1014E000136153788B43190002230B435370EBE7CE
:1014F00000400042FFFFFFF010B504000D2801D8A6
:101500000E34E4B20121200000F0F4F81823102179
:1015100063432B4CE4186156002901D014290DD1E6
:10152000284B1800DA79D209012AFBD002241A7854
:10153000A2431A70C379DB09012BFBD022480300B8
:10154000427ED209012AFBD01F2402692140A24316
:101550000A4302615A7ED209012AFBD0022219787D
:101560000A431A705A7ED209012AFBD00222197B43
:101570000A431A731A7ED207FCD501221A765A7EC4
:10158000D209012AFBD00222197B0A431A731A7E60
:10159000D207FCD5588B80B25A7ED209012AFBD0E3
:1015A00002211A788A431A705A7ED209012AFBD086
:1015B000064B1A68064B1968FFF762FF10BDC0465C
:1015C000BCCC02000048004200400042A02600209F
:1015D0009C260020182330B51D0004004543082038
:1015E000204A55192856013014D0032912D8080072
:1015F0006343D156D31800F04FFC02280E1B5868E5
:10160000CB010221184A9B181A184032117001228E
:1016100082405A6030BD5868CB010621124A9B189F
:101620001A1840321170012282405A609A61F1E723
:101630005868CB0106210C4A9B181A1840321170C9
:10164000012282405A605A61E4E75868CB010221C6
:10165000054A9B181A1840321170012282409A6084
:10166000D8E7C046BCCC0200004400411823F0B5C6
:1016700008245843114A13181C5701341BD0012663
:1016800035005F688356BD400D4ADB019A189068AB
:1016900005420BD10C00601E8441D21940321078F3
:1016A00034400336A400B04320431070044A9B1812
:1016B000002901D15D61F0BD9D61FCE7BCCC020059
:1016C00000440041182310B5082443430749002073
:1016D000CA181457013408D05B560549DB015B1862
:1016E000186A5368D8400123184010BDBCCC0200D2
:1016F0000044004118224243F8B52C4E0300B218B2
:10170000127A52B2140001320ED0481C00240C2868
:101710000AD800F0C1FB0720202020202020200B29
:101720000B0B0B00012464422000F8BD092905D1F0
:101730000021D8B2FFF74EFF0024F5E70A2902D1B5
:10174000D8B20839F6E700240B29EDD1D8B20A390E
:10175000FFF740FFE8E718204343F2185568F356B7
:101760002C00134ADB016E0817389B18C9B20440DD
:101770009E19002C0DD00F243036327809012240FA
:101780001143C9B25B19317040331A781043187095
:10179000D2E732000F27303216785B19BE4331434F
:1017A000117040331A7810431870BDE7BCCC0200AA
:1017B0000044004110B50400FDF79BFB014B1C6089
:1017C00010BDC046A42600200122024B52421A60DE
:1017D0007047C046A4260020164A10B51368591C4D
:1017E00026D0013B1360002B22D172B6124B134A54
:1017F0000433934213D9124A01211000147D0C4284
:10180000FCD02021148BFF319B085B002143118306
:10181000D3610C4B13800123027D1A42FCD0BFF32D
:101820004F8F094B094ADA60BFF34F8FC046FDE77F
:1018300010BDC046A42600200020000003020000C6
:101840000040004102A5FFFF00ED00E00400FA05A2
:101850000B0010B50100180003F09AFC10BD4B6896
:10186000016043604B6818604860704703684268D5
:1018700013605A60704710B503F05EFC70B5040049
:101880000D00160000F0F2FA002807D00022002315
:101890002000290000F0A4FC002802D0290020002C
:1018A00070BD20002900320000F06CF804000D002B
:1018B00000F0DCFA002807D00022002320002900D5
:1018C00000F08EFC0028E9D003F070FC22230360B6
:1018D000E4E7C046F8B5274A4B005B0D9A180C00A8
:1018E0000700132A10DC002A36DB234B13410B427E
:1018F0003AD0802424031441002064189C4306003D
:10190000250030002900F8BD332A0EDD80230600B3
:10191000DB000D009A42F4D102000B0038002100D8
:1019200001F094FC06000D00EBE7144D0600AC46F8
:10193000012563446D42DD40AC4663460D00034221
:10194000DFD033239A1A323B93401818874200D9CC
:101950004C1C63469843D2E7C90FCC070020531CA8
:10196000CDD1074B1C43CAE706000D000028C0D1AB
:10197000C7E7C04601FCFFFFFFFF0F00EDFBFFFFC5
:101980000000F03F4B0070B55B0D14000A00002B07
:101990001AD14B005B08034315D0234B002202F001
:1019A0007BFB224B9C422DDB0A004B005B0D363B40
:1019B0001F4DE318AB422ADC002B0DDD1D4C1B052F
:1019C00022401A43110070BD1B4DAB42F0D1020002
:1019D0000B0001F03BFCF6E71D00353519DA174B1B
:1019E00002009C4209DD0B001548164900F036FA4A
:1019F000134A144B02F050FBE5E70B001248134961
:101A000000F02CFA104A114B02F046FBDBE7020013
:101A1000E9E7084C363322401B0513431900002226
:101A20000B4B02F039FBCEE700005043B03CFFFF08
:101A3000FE070000FFFF0F80FF07000050C30000FB
:101A40009C7500883CE4377E59F3F8C21F6EA501EF
:101A50000000903C70B5FF25C30D2B401A007F3A63
:101A600082B01E2A24DC511C1FDBC40F162A22DC84
:101A7000154BA200D658011C301C00F0D5FC01907B
:101A80000198311C01F074F943000ED0802143020B
:101A90005B0A090419439623C00D05405D1BE9400C
:101AA0000800002C02D0404200E0002002B070BDCF
:101AB00001F022FBFAE780214002400A09040843B2
:101AC000963B9840EDE7C046DCD00200F0B54746B3
:101AD000CE4680B58DB01D0006000F00140000F04A
:101AE00061F82E4B009001911B785BB29846013350
:101AF0003CD022002B002000290003F087F80028AA
:101B000034D132003B003000390003F07FF88146C9
:101B100000282BD1002200232000290000F060FBC8
:101B2000002823D0012302931D4B049605970393AD
:101B30004B460A93434606940795002B1DD000237D
:101B400000221900100001F09DFE43460890099103
:101B5000022B14D103F02AFB212303600A9B00937C
:101B6000002B15D1089B099C0093019400980199C2
:101B70000DB00CBC90469946F0BD0896099702A896
:101B800000F07EF90028E5D00A9B0093002BE9D0F5
:101B900003F00CFB0A9B00930360E3E7A8260020F8
:101BA000E4D00200F0B557464546DE464E465C009E
:101BB0006408E0B5250083B092469446154322D0D0
:101BC0009B4E4D006D08B5421DDC56421643994FA1
:101BD000F60F2643BE4216D8CE0FF60783460700FF
:101BE000B146A54220DC06008846A54213DB9042A0
:101BF00011D319D14B46DA0F8F4BD2009B181E68B8
:101C00005B68984607E002F047FA02000B0001F01B
:101C100039FE060088463000414603B03CBC904681
:101C20009946A246AB46F0BD844EB54245DD2E1521
:101C3000B346834EB0465E46464401967F4EB4425C
:101C400000DDA5E0002C00D0BDE05646002E00DCF3
:101C5000E7E07C4EB04601267642B3465646760013
:101C6000D844B246002EF6DC774EB246019E564569
:101C700000DA7EE080250903090B6D030D437249EC
:101C8000884568DB80241B031B0B64032343424607
:101C900001998E1A6246E91AB81A002E2DD06745AE
:101CA00092415242891A19D40A0002431CD04900B9
:101CB000C50F4D194700013EECE7002D76D15E4679
:101CC000002E00DCB0E05F4E0196019E013E0196C1
:101CD0005E467600B346002EF7DCAFE7FA0F6D00E4
:101CE000AD187F00013ED5E74B46D90F524BC900D6
:101CF0005B181E685B6898468DE767459B415B42B1
:101D0000C91A01D5380029000B000343ECD04B4B16
:101D10001A00994209DCC30F4900C91801235B422C
:101D20009C464000E0449142F5DD474B98455FDA20
:101D300042469B1A142B67DC02000C004348DA4031
:101D40004044194184404B4620000B4399461043C0
:101D50000600C8465FE74346C91A1F291EDC10006B
:101D60003A4B8C404344D8408A4003009446234376
:101D70008DE75146019E8F1B1F2F32DCB2460600B5
:101D80003249BD405144CE40B8403543070076E764
:101D90002615B0462A4EB246D04465E741462C4B44
:101DA0005B1A9A4013000022944670E7EE02B04698
:101DB000254E0196019E013E019646467600B046AC
:101DC000002EF7DC3AE7E602B2461F4EB046012687
:101DD0007642B34656467600D844B246002EF6DC2C
:101DE00042E7019D1A490027491B8840050046E744
:101DF000184B194C9C464B464444614424051943F6
:101E00000C430600A04606E71F2B05DCD8400F4B0D
:101E10004344994008439BE70D4B9B1A1941080026
:101E200096E7084EB0461FE7064E019606E7C04605
:101E3000FFFFEF7F0000F07FF0D00200FFFF0F00F8
:101E400001FCFFFFEDFBFFFF02FCFFFF1E04000093
:101E5000E2FBFFFF0000F0FFFF03000030B54A0087
:101E6000DB0FDB0752081A43110030BD034B48005B
:101E70009C4640086044C00F7047C0460000108078
:101E80000020704702B471464908490009564900CC
:101E90008E4402BC7047C04602B4714649084900EE
:101EA000095C49008E4402BC7047C04603B47146C9
:101EB000490840004900095E49008E4403BC704750
:101EC00003B47146490840004900095A49008E444C
:101ED00003BC7047002243088B4274D303098B4232
:101EE0005FD3030A8B4244D3030B8B4228D3030CEA
:101EF0008B420DD3FF22090212BA030C8B4202D38C
:101F00001212090265D0030B8B4219D300E0090AB3
:101F1000C30B8B4201D3CB03C01A5241830B8B42BC
:101F200001D38B03C01A5241430B8B4201D34B03A5
:101F3000C01A5241030B8B4201D30B03C01A52410A
:101F4000C30A8B4201D3CB02C01A5241830A8B428F
:101F500001D38B02C01A5241430A8B4201D34B0278
:101F6000C01A5241030A8B4201D30B02C01A5241DC
:101F7000CDD2C3098B4201D3CB01C01A5241830990
:101F80008B4201D38B01C01A524143098B4201D3CA
:101F90004B01C01A524103098B4201D30B01C01AF5
:101FA0005241C3088B4201D3CB00C01A524183086F
:101FB0008B4201D38B00C01A524143088B4201D39C
:101FC0004B00C01A5241411A00D2014652411046FC
:101FD0007047FFE701B5002000F0F0F802BDC046F1
:101FE0000029F7D076E7704703460B437FD40022E1
:101FF00043088B4274D303098B425FD3030A8B429D
:1020000044D3030B8B4228D3030C8B420DD3FF2206
:10201000090212BA030C8B4202D31212090265D0D4
:10202000030B8B4219D300E0090AC30B8B4201D387
:10203000CB03C01A5241830B8B4201D38B03C01ACE
:102040005241430B8B4201D34B03C01A5241030B45
:102050008B4201D30B03C01A5241C30A8B4201D3F6
:10206000CB02C01A5241830A8B4201D38B02C01AA1
:102070005241430A8B4201D34B02C01A5241030A18
:102080008B4201D30B02C01A5241CDD2C3098B42FD
:1020900001D3CB01C01A524183098B4201D38B017A
:1020A000C01A524143098B4201D34B01C01A52411D
:1020B00003098B4201D30B01C01A5241C3088B4262
:1020C00001D3CB00C01A524183088B4201D38B004D
:1020D000C01A524143088B4201D34B00C01A5241EF
:1020E000411A00D201465241104670475DE0CA0FC6
:1020F00000D04942031000D34042534000229C4686
:1021000003098B422DD3030A8B4212D3FC2289018F
:1021100012BA030A8B420CD3890192118B4208D365
:10212000890192118B4204D389013AD0921100E0C7
:102130008909C3098B4201D3CB01C01A52418309DB
:102140008B4201D38B01C01A524143098B4201D308
:102150004B01C01A524103098B4201D30B01C01A33
:102160005241C3088B4201D3CB00C01A52418308AD
:102170008B4201D38B00C01A5241D9D243088B4203
:1021800001D34B00C01A5241411A00D201466346A6
:1021900052415B10104601D34042002B00D549420A
:1021A000704763465B1000D3404201B5002000F049
:1021B00005F802BD0029F8D016E770477047C04601
:1021C0008446101C62468C46191C634600E0C046DB
:1021D0001FB501F0F9FE002801D40021C8421FBD3F
:1021E00010B501F051FE4042013010BD10B501F0B4
:1021F000EBFE002801DB002010BD012010BDC04611
:1022000010B501F0E1FE002801DD002010BD012025
:1022100010BDC04610B501F073FE002801DC00209F
:1022200010BD012010BDC04610B501F069FE0028A8
:1022300001DA002010BD012010BDC0468446081CF4
:102240006146FFE71FB500F011FC002801D4002112
:10225000C8421FBD10B500F093FB4042013010BDD5
:1022600010B500F003FC002801DB002010BD0120A8
:1022700010BDC04610B500F0F9FB002801DD0020BC
:1022800010BD012010BDC04610B500F0A1FB002814
:1022900001DC002010BD012010BDC04610B500F0CB
:1022A00097FB002801DA002010BD012010BDC046B8
:1022B000002B15D1002A13D1002906DB01DC0028F0
:1022C00006D00020C043410802E08021090600201A
:1022D00007B4024801A14018029003BDE1FEFFFFD0
:1022E00003B4684601B5029800F082F8019B9E464F
:1022F00002B00CBC7047C046F0B5CE464746150448
:102300002D0C2E0080B50704140C3F0C9946030CCD
:102310007E435D43674363437F19340CE4199C4655
:10232000A54203D980235B029846C4444B464343ED
:102330005143250C36046544360C2404A4195B195A
:10234000591820000CBC90469946F0BD70B500228B
:102350000C4B04000D00FFF767FF002804D120009C
:10236000290002F06FFC70BD064B002220002900FE
:1023700002F004F902F066FC80231B069C466044D0
:10238000F1E7C0460000E04170B500220B4B0D00A4
:10239000040001F081FEFFF7D9FF060002F0C2FC45
:1023A0000022074B01F078FE02000B0020002900FC
:1023B00002F0E4F8FFF7CAFF310070BD0000F03D05
:1023C0000000F04170B50600080002F071FC002228
:1023D000064B01F061FE0D000400300002F0A2FC8B
:1023E0002B00220000F032FF70BDC0460000F0411B
:1023F000F0B583B016001F000090019102F0C4FDFB
:1024000004000D0002000B0030003900FFF774FFDC
:10241000009A019B121A8B41089920000A604B60B8
:10242000290003B0F0BDC046F8B54746CE4643028A
:102430005B0A4400C20F9C464800DD004B02240E9C
:102440005B0A000E80B5984626009146C90FDB0056
:10245000271A8A4229D0002F15DD00284AD1002BE7
:1024600000D095E0ED08FF2C00D188E06B025B0AFC
:10247000E6B25B02F605580A3043D20710430CBCA3
:1024800090469946F8BD002F00D087E0601CC0B28E
:10249000012800DCB6E0EE1A720100D5C5E0002E7E
:1024A0003DD1002200260023E3E7002F00DC96E068
:1024B00000285DD0FF2C60D08022D20413431B2F54
:1024C00000DDECE02022D21B18009340F8405A1E99
:1024D00093410343ED186B017BD50134FF2C00D1F0
:1024E000B7E0012207262A406B089A4D1D4015438C
:1024F0002E4029E0FF2CB5D08022D20413431B2F9D
:1025000000DDB2E02022D21B19009340F9405A1E90
:1025100093410B43ED1A6B015BD5AD01AE09300061
:1025200002F008FD05388640844265DC041B330058
:1025300020200134E340041BA640751EAE41334306
:1025400007261D0000241E4001224B461A40002E83
:1025500004D00F232B40042B00D004356B0100D492
:1025600080E70134E6B2FF2C2FD1FF26002380E75D
:10257000002B52D1FF2C00D074E70A00ED08002D8B
:10258000F3D08023DB032B435B025B0AFF2670E75B
:10259000013F002FBED0FF2CB1D163E7002C47D004
:1025A000FF2869D08024E4047A4225431B2A00DDF9
:1025B000C5E02C002026D440B21A95406A1E9541F1
:1025C00025435D1B04008946A5E7AB015B0A50E784
:1025D000002401224B461A406B07BAD142E7002F74
:1025E0003BD10134E0B201284ADDFF2CBDD00726E3
:1025F000ED186D082E40A7E70723574D241A3540E4
:102600001E40A1E7002C1BD1002D6ED1002B00D164
:102610009AE00A001D003C0024E7013F002F00D192
:1026200058E7FF2C00D04AE7A7E75E1B894676E70C
:10263000002D1CD10A00FF281FD004001D0011E747
:10264000002D5DD1002B17D180230022DB03FF2654
:102650000FE70A00FF2600230BE7002C21D1002DF5
:1026600066D1FF28E9D11D0087E7012352E77A1CD4
:10267000A7D0FA43FF2899D10A001D00FF24F1E6F4
:10268000002E21D1002D4FD0002B4CD0ED186B0126
:102690009ED5314B07362E4001241D4054E70123BF
:1026A00018E7FF28DFD08024E4047F4225431B2F56
:1026B0004DDC2026F61B2C00B540FC406A1E9541DF
:1026C0002543ED18040006E7002DCCD0002B00D1E7
:1026D00053E780216046C903084203D040460842C0
:1026E00000D11D000121114047E7002B00D1B9E6C0
:1026F000EA1A500125D507265D1B2E40894623E79F
:10270000FF24002B00D1ADE680226046D2031042A8
:1027100004D04046104201D11D00894601224B469B
:10272000FF241A409EE62B00DD080A0000249DE6E7
:102730007A1CC6D0FF43FF28B9D11D001DE7012533
:102740003FE7151E00D044E70022002391E6012553
:10275000B7E7C046FFFFFF7DFFFFFFFBF8B5574619
:102760004E464546DE464402E0B546008846640AC9
:10277000360EC70F002E63D0FF2E24D08023E40036
:10278000DB041C43002399469B467F3E434642465A
:102790005D02D20F5B006D0A1B0E9046924665D01B
:1027A000FF2B55D080220021ED00D2047F3B154342
:1027B000F61A43464A467B400F2A00D98DE06D4801
:1027C000920082589746002C54D108239946063B24
:1027D000FF269B46DAE70025534602291BD0032932
:1027E00000D1BFE0012928D030007F30002820DD53
:1027F0006A0704D00F222A40042A00D004352A0197
:1028000003D530005C4A80301540FE2803DCAC0163
:10281000640AC2B201E0FF2200246402D205600A09
:10282000DB07104318433CBC90469946A246AB4692
:10283000F8BD0122101A1B287CDD00220024ECE7E1
:10284000002C1DD104239946033B00269B469DE79F
:10285000FF3E002D20D1022143464A467B400A43D9
:102860000F2AD8D84548920082589746002D19D192
:102870000121F1E70C239946093BFF269B4685E79A
:10288000200002F057FB7626431F9C40002376422F
:10289000361A99469B4679E74A4603231A439146DE
:1028A000032186E7280002F045FB431F36189D40B0
:1028B000763600217DE780240023E403FF22ACE785
:1028C00000258023DB031C4228D01D4226D12B4348
:1028D0005C02640A4346FF229FE762016C01A24248
:1028E00024D21B210025013E012710006D0052005B
:1028F000002801DB944201D8121B3D430139002915
:10290000F3D11400621E944125436DE7BA4659463F
:1029100025005346022900D061E77CE78023DB03D2
:102920001C436402640A3B00FF2276E7121B1A2153
:102930000125D9E79E362A00B5402C00C240651E0D
:10294000AC411443620704D00F222240042A00D075
:102950000434620103D4A401640A00225DE7012269
:1029600000245AE78024E4032C436402640AFF2213
:1029700053E7C04600D10200FFFFFFF740D102003D
:1029800070B542004E024C0045026D0A120EC30F94
:10299000760A240EC90FFF2A0FD0FF2C11D0012078
:1029A000A24200D070BDB542FCD18B420DD0002AAE
:1029B000F8D12800451EA841F4E70120002DF1D1EF
:1029C000EBE70120002EEDD1E9E70020EAE7C04661
:1029D00070B54A004E02450244006D0A240EC30F32
:1029E000760A120EC90FFF2C15D0FF2A0ED0002C2C
:1029F00015D1002A01D1002E1CD0002D14D08B42FD
:102A000027D00220013B1840013870BD002EEED0C7
:102A100002204042F9E7002DFAD1FF2A0ED0002A09
:102A20000ED1002EEDD00BE00123013999430800AF
:102A30000130EAE70020002DE7D0E2E7002EE7D1E1
:102A40008B42DED1944205DD0221581E0840013838
:102A5000DBE70024A24204DCB542D2D80020B54214
:102A6000D3D2581E012398430130CEE730B542003F
:102A700044024D02C30F4800640A120E6D0A000E94
:102A8000C90FFF2A12D0FF280CD0002A12D100282B
:102A900019D1002D17D1002C2BD00220013B18405A
:102AA000013826E0002DF0D0022022E0002CFBD1DE
:102AB000FF281FD000281FD1002D1DD10220013B6F
:102AC0001840013815E0002C0ED08B42E5D10022D1
:102AD000904204DCAC42E0D80020AC4209D2581E3F
:102AE00001239843013004E0012301399943080090
:102AF000013030BD002DD7D18B42CED18242E7DDEF
:102B00000221581E08400138F3E7C046F0B54E4692
:102B100057464546DE46E0B543025B0A450083B0B2
:102B20000F1C99462D0EC60F002D57D0FF2D24D017
:102B30008020DB00C0041843002381469A469B4650
:102B40007F3D7C027A00FB0F640A120E984623D068
:102B5000FF2A4BD0E30080240020E4047F3A1C438A
:102B6000AD186B1C47460193534677403A000F2B34
:102B700048D87D499B00CB589F46002B00D085E06C
:102B800008339A46063B9B467C027A00FB0FFF25E2
:102B9000640A120E9846DBD1002C00D090E0524619
:102BA00001231A4392460120DBE74C4658461700A2
:102BB000022824D0032800D1CFE0002200230128DE
:102BC0004DD15802D205400AFF071043384303B0E5
:102BD0003CBC90469946A246AB46F0BD002B5BD16B
:102BE00004239A46033B00259B46AAE7FF35002CA9
:102BF00060D1524602231A4392460220B1E7FF22D7
:102C00000023DEE74B461B0C9C464B462604360C45
:102C1000180461463300220C6446000C43434E43C3
:102C20005043544380191A0C1218964203D980213C
:102C300049028C4664441B041B0C1004C018830119
:102C40005E1EB341800E1843130C1B199B010343F6
:102C50001C00230179D5012362081C401443019A0A
:102C60007F32002A4DDD630704D00F232340042B5D
:102C700000D00434230103D53C4B019A1C40803220
:102C8000FE2ABCDCA3015B0AD2B29AE70C239A4667
:102C9000093BFF259B4654E7180002F04BF94A46D2
:102CA000431F76259A4000236D4291462D1A9A467D
:102CB0009B4646E7524603231A439246032050E7B9
:102CC000200002F037F9431F2D1A9C40763D00206A
:102CD00047E780230027DB03FF2272E7424666E7CF
:102CE0004C463200584662E780234A46DB031A42CC
:102CF00022D01C4220D123435B025B0A4746FF22BD
:102D00005FE701239A1A1B2A21DC23000199D34093
:102D10009E318C401A0023005C1EA34113435A07C6
:102D200004D00F221A40042A00D004335A0111D4CF
:102D30009B015B0A002244E780234A46DB031343DE
:102D40005B025B0A3700FF223BE7019587E7002221
:102D5000002336E70122002333E78023DB032343EC
:102D60005B025B0AFF222CE780D10200FFFFFFF726
:102D7000F8B54746CE464400C20F80B54702480228
:102D8000400A8446664648007F0A240EF600250065
:102D90009046FB00000EC90FB146FF2800D185E028
:102DA00001267140261A914257D0002E43DD00289B
:102DB00000D07FE04946002900D1AAE0013E002E64
:102DC00000D0F7E05B1A5A0100D48BE09B019C090C
:102DD000200002F0AFF805388440854200DDD3E0E2
:102DE000451B230020200135EB40451BAC40621EF3
:102DF00094412343072400251C40012241460A40F8
:102E0000002C04D00F211940042900D004335901AB
:102E100000D480E00135ECB2FF2D00D0A3E0FF2408
:102E200000235B02E405580AD207204310430CBC80
:102E300090469946F8BD002E74D1601CC0B201289E
:102E400000DCA7E04A469C1A620100D5B6E0002CDF
:102E5000BED1002200240023E3E7002E00DC85E041
:102E6000002846D0FF2C49D080224846D204104387
:102E7000814601221B2E09DC20204C46801B844009
:102E80004A462000F240441EA04102439B185A01CA
:102E900028D50135FF2D00D1A8E00122072494494F
:102EA0001A405B080B4013431C40A6E7002E00D0DD
:102EB00078E775E7FF2C54D080224946D2041143AD
:102EC000894601221B2E09DC20214846891B8840A7
:102ED0004A460100F240481E81410A439B1A5A01AA
:102EE00000D573E7012241460A40590700D089E71F
:102EF00011E04846002858D1FF2C0CD1DB08002BEC
:102F000000D18CE78020C00303435B025B0AFF24EF
:102F100087E7FF2C25D0DB08FF2DF0D05B025B0A92
:102F2000ECB27EE7002C4DD0FF2818D08024E404BA
:102F3000724223431B2A00DDC4E01C002025D4403C
:102F4000AA1A93405A1E934123434A460500D31AB6
:102F5000884638E7721CF8D0F243FF28EAD10A000D
:102F60004B46FF25D7E79B015B0A5AE7002E41D16C
:102F7000651CE9B2012945DDFF2D00D14FE707248B
:102F80004B445B081C4038E707225A4B2D1A23405C
:102F9000144032E7002C1DD1002B7AD14B46002B78
:102FA00000D191E00A000025B5E7013E002E19D1BD
:102FB0004B446CE7FF2C84D1FF25ACE74A4688469A
:102FC000D41A05E7002BC5D10A00FF28C8D0050098
:102FD0004B46A0E7002B49D14B46002B77D00A0087
:102FE000FF2598E7FF2C00D043E787E70A00FF247E
:102FF000002316E7002C15D1002B57D1FF28E6D16E
:103000004B467BE7002C20D1002B57D049460029A6
:1030100053D04B445A0168D50724364A1C40012539
:103020001340EAE6FF28EBD08022D2047642134315
:103030001B2E53DC2025AD1B1A00AB40F2405C1E5A
:10304000A34113434B44050021E7002BD8D0494648
:10305000002900D152E78021C9030F4200D14DE77A
:103060006046084200D049E74B4647E74846FF25FF
:10307000002800D14FE78022D203174204D06046D7
:10308000104201D14B46884601224146FF250A40A5
:1030900041E7484600281FD01A1A500120D54A4659
:1030A0000724D31A1C4088460025A6E6741CC9D004
:1030B000F643FF28BCD14B4620E799464B460025F6
:1030C000DB082BE7012340E700220023A9E6802349
:1030D0000022DB03FF24A4E600251CE70123B1E75F
:1030E000002AF1D013000025FCE60025FAE6C046D0
:1030F000FFFFFF7DFFFFFFFB41024200C30F490AB4
:10310000120E00207E2A0DD99D2A0CD880200004A2
:103110000143952A0ADC9620821AD1404842002BAE
:1031200000D108007047034A9818FBE7963A91408F
:10313000F4E7C046FFFFFF7F70B500283DD0C317FE
:10314000C5185D40C40F280001F0F4FE9E22121A3B
:10315000962A07DCD2B2082833DD08388540680299
:10316000400A23E0992A0BDD052329001B1AD940C8
:1031700003001B339D402B005D1EAB4119430D0026
:10318000052801DD431F9D402B000F490B406E07B2
:1031900009D00F263540042D05D004335D0102D53A
:1031A0009F220B40121A9B01580AD2B24002D2054C
:1031B000400AE4071043204370BD00240022002091
:1031C000F4E76802400AF1E7FFFFFFFB70B5041E59
:1031D00034D001F0AFFE9E22121A962A07DCD2B23A
:1031E00008282EDD083884406002400A21E0992A30
:1031F00009DD030021001B3399404B1E9941052333
:103200001B1ADC400C43052801DD431F9C402300B2
:103210000D490B40650709D00F252C40042C05D023
:1032200004335C0102D59F220B40121A9B01580AFD
:10323000D2B24002D205400A104370BD00220020E5
:10324000F7E76002400AF4E7FFFFFFFBF0B54F46E7
:103250004646D6460C000903C0B5490A470F5E0032
:1032600039431F03DB0F9C4665007B0A570F1F4342
:103270006D0DE40F760DA146C000B846D200AB1B21
:1032800064457BD0002B5FDD002E00D0A4E03E0023
:10329000164300D112E15E1E002E00D09EE1871A77
:1032A0004346B84280410125C91A4042091A0B021F
:1032B00000D431E149024E0A002E00D16EE1300007
:1032C00001F038FE0300083B1F2B00DD61E12022E6
:1032D0003900D21A9E40D1409F400E439D4200DDEE
:1032E00051E15D1B6B1C1F2B00DD7CE12021C91A05
:1032F0003D0030008F408840DD40791E8F41310015
:1033000007222843D940002507433A40002A09D024
:103310000F233B40042B05D03B1DBB42BF417F42E6
:10332000C9191F000B0200D426E26A1CC64B5505C2
:103330006D0D9A4200D106E1C44AFF080A405307C6
:1033400052023B43120B8EE0002B00D0B8E06B1C06
:103350005B055B0D012B00DC30E1871A4346B84268
:10336000B641CB1A76429E1B330200D54CE13B009E
:103370003343A1D100220024002570E0002B00DCA3
:10338000E5E0002E00D183E0AF4EB54260D080264C
:1033900036043743B846382B00DC3EE1434613433E
:1033A0001F007A1E97413F1887428041404209180A
:1033B0000B0200D4B0E0A44B01359D4200D1C3E024
:1033C000A24A7B080A4001210F401F435108D3073E
:1033D00007221F433A4099E79B4EB54238D08026DA
:1033E00036043743B846382B00DDDCE01F2B00DC09
:1033F00030E11E004746203EF740BC46202B04D05B
:103400004026F31A46469E403243170063467A1E12
:1034100097411F43CCE0002B00D104E24346134305
:1034200000D159E14B07C00818438023C9081B038A
:10343000194208D04546ED081D4204D14346D00844
:10344000590708432900420FC9007F4D1143C000AE
:103450004B07CA087C49C00803438D4268D0120359
:103460006D05120B6D0D002112031800130B0A0DD0
:1034700012051A43764B2D0513402B435B00E407DE
:103480005B08234319001CBC90469946A246F0BD38
:103490003E00164312D05E1E002E00D000E18718B9
:1034A0008742804141444042091801250B0233D52F
:1034B000022585E764463300414610001D00C7E73A
:1034C000002D00D0DAE00C000443F3D05C1C00D1E6
:1034D0009FE15D4CA64200D12FE1DB43382B00DD9C
:1034E00066E11F2B00DD83E120240500E41A0F00B4
:1034F000DD40D940A0404346A7405B1A441EA0418E
:1035000098462F433843171ABA42924143465242D3
:10351000991A64463500CAE607223A40002A00D0CC
:10352000F6E64B07CA084849FF083B438D4296D14F
:103530001900114300D19EE1802109030A431203BF
:10354000120B414D8FE71500002200238BE7002B63
:1035500000D0C7E06B1C5F057F0D012F00DCF1E0A0
:10356000394DAB4200D1B9E085180A008542894146
:103570004244494251180722CF076D082F4349089A
:103580003A401D00C2E607223049ED1A31403A4068
:10359000BCE63E002838864000279FE6380001F050
:1035A000C9FC20308EE6434613431F007A1E974124
:1035B000C71BB84280414042091A78E60E003B0022
:1035C00006431343002D61D1002E00D0F4E0002B00
:1035D00000D11BE164463900100039E71A4FBB42A5
:1035E0007AD03300FFE630001F3DE840202B03D0A7
:1035F0004021CB1A9E4037437B1E9F410722074341
:103600003A400021002589E7171A4346BA42B641DD
:10361000591A76428E1B64464EE61F2B00DDADE044
:1036200020264746F61AB740B9461700B246DF4093
:103630004E463E4337005646B240561EB2411743EF
:103640004246DA408918AEE6FF070000FFFF7FFF21
:10365000FFFF0F8020264746F61AB740B9461700ED
:10366000B246DF404E463E4337005646B240561EF5
:10367000B24117434246DA40891A99E77F4CA64285
:103680005BD0802424045B42214327E7002E0CD129
:10369000002B00D1CBE0644639001000774DD7E60F
:1036A000764FBB4218D0330075E6002B14D04B0781
:1036B000C00818438023C9081B03194207D0FC081F
:1036C0001C4204D17907D0080843E14621004C464A
:1036D000420FC9001143C000684DB9E61D00002229
:1036E0000023C0E6002D5BD10D00054300D1E2E6CA
:1036F0005D1C00D1B0E0614DAE421FD0DB43382BE2
:1037000071DC1F2B00DD96E020250F00ED1AAF4085
:10371000B9460700AA46DF404D463D432F005546B7
:10372000A840D940451EA84188440743BF18974286
:1037300092415142414435003AE6644635004146E3
:10374000100085E60B000343002D00D063E6002B3C
:10375000F5D04346134300D17AE68718874280416B
:1037600007224144404209183A400B0200D4D5E6F2
:10377000434B01351940C9E5380069E61E0047464C
:10378000203EF740BC46202B04D04026F31A464684
:103790009E403243170063467A1E97411F4302E65C
:1037A000364DAE42CAD080252D045B422943A6E7A0
:1037B0000843411E8841A6E6002B00D148E6871A3F
:1037C0004346B842B641CB1A76429E1B33024BD5D4
:1037D000171A4346BA429241591A5242891A07228D
:1037E00064463A4092E501430F00791E8F419DE700
:1037F0001C000F00203CE740202B03D04024E31A9C
:1038000099400843411E884138437CE60022002449
:1038100025E6171A4346BA429241591A5242891A6A
:103820006446350043E541461000144D10E6802201
:103830000024120380E61D000F00203DEF40BC462F
:10384000202B03D04025EB1A99400843070063461C
:10385000781E87411F4369E7871897429B4141447F
:103860005B42C9183500A3E53B003343CED00722A5
:1038700031003A4052E600231A00F4E5FF07000049
:10388000FFFF7FFFF0B55746DE464E464546E0B5A2
:10389000834607000E03480085B092461C00360B95
:1038A000400DCD0F002800D19DE0954B984239D0B6
:1038B0008023F6001B041E43924A7B0F3343994634
:1038C000944603006344009300230026FF00029304
:1038D00023031B0B98466300E40F52465B0D0194D3
:1038E00000D1B3E086498B4200D19EE04246D10030
:1038F000802212040A435146490F11438B468149E5
:1039000052468C4600996344CB1A0021D2000093A2
:103910002B0063409A460F2E00D905E17A4BB60082
:103920009B599F465B463343994600D0B8E002233B
:103930000826002700900293CAE7CB463A00029976
:103940000195019B9A46022927D0032900D180E2E4
:10395000012944D06D49009B8C4663441C00002C17
:1039600038DD530700D013E2D2085B46DB0109D5EE
:103970005946674B19408B468021C9008C46009BF5
:1039800063441C00634B9C4207DC5B4664055F0795
:103990005B0217431B0B620D02E000230027584A0D
:1039A00000211B031C0B0B0D1B05234314055A4A56
:1039B000380013401C4353466400DB0764081C4373
:1039C000210005B03CBC90469946A246AB46F0BDEE
:1039D0000122524201231B1B382B00DCADE10022E7
:1039E00000230027DCE75B46334399465ED0002E78
:1039F00000D18AE1300001F09DFA03000B3B1C2B43
:103A000000DD7BE11D22D31A5A460100DA40083955
:103A10008E4013005F46334399468F403F4B00264C
:103A20001B1A00930023029352E7414653460B436F
:103A30003B499B468C46009B634400935B46002BAE
:103A40003BD1022300221E43022161E74346134378
:103A50009B4637D04346002B00D162E1404601F03F
:103A600069FA03000B3B1C2B00DD53E102004146C9
:103A7000083A914088461D21CB1A5146D9400B0087
:103A800041460B439B46534693401A00009B2549F1
:103A90009C46604403008C4663440093002137E752
:103AA0000323B14600900C26029311E700230093F4
:103AB00001330426002702930AE70323C3461E436B
:103AC000032125E701331E430022012120E70023C3
:103AD0009A46802300271B03094A61E78023494651
:103AE0001B03194200D1E2E05946194200D0DEE042
:103AF0000B431B0317001B0BA246014A50E7C046AD
:103B0000FF07000001FCFFFFC0D10200FF0300001F
:103B1000FFFFFFFEFE070000FFFF0F800DFCFFFF11
:103B200001F8FFFFF3030000D94500D9CBE000D135
:103B3000C6E03C0048460027009B013B00935B46E3
:103B4000160E1B021E431302984633041B0C9946A3
:103B5000310C0191FEF744FA4A4642430B04210C12
:103B6000050019438A4207D98919013D8E4203D8BD
:103B70008A4201D9851E8919881A0199FEF730FAFF
:103B800009048C464A46210464464243090C03005A
:103B900021438A4204D98919013B8E4200D8F1E0C1
:103BA0002D041D43AB464346891A4246280C120495
:103BB0001D0C5B46140C22001B041B0C5A4303947F
:103BC0006B434443029568431B19150CEB189C4248
:103BD00003D980246402A44660441C0C15041B0411
:103BE0002D0C20185D19814277D373D00C1AA24A8C
:103BF0007D1BAF42BF419446009B7F426344E01B64
:103C00001C00864200D1DBE00199FEF7E9F94A4643
:103C100042430B04290C070019438A4207D989192A
:103C2000013F8E4203D88A4201D9871E8919881A1A
:103C30000199FEF7D5F909044A46894629044D46FB
:103C40004243090C030029438A4207D98919013BE1
:103C50008E4203D88A4201D9831E89193F04891AEA
:103C60003A00039F1A43380013041B0C5843814643
:103C70000298150C6F43434345434846000C844665
:103C8000DB1963449F4203D9802040028446654487
:103C900048461F0C00041B04000C7D191818A9428B
:103CA00000D284E000D17FE001231A4357E680234D
:103CB0004A461B0313431B031B0BAA466F4A6FE6BE
:103CC000BA4200D935E74B46DC0758087B081C434D
:103CD000FF0734E70024AF4289D247444745A44157
:103CE0005B466442A4196418013BA6421ED2A0425E
:103CF0006DD800D1B6E0241A9B4678E703005A46F7
:103D0000283B9A400027914688E6584601F012F970
:103D1000203072E603005246283B9A409346002228
:103D2000B4E6504601F006F920309AE6A642E2D108
:103D3000B845DCD9341A9B4659E71F2B65DC504C3B
:103D40000099A4465C46614408008C401100824002
:103D5000D940501E82410C4314435A46DA401300A6
:103D6000620709D00F222240042A05D02200141D28
:103D70009442894149425B181A0262D5012200230C
:103D800000270DE68A4200D80AE7831E891907E753
:103D90000F231340042B00D1E6E5171D97429241F3
:103DA00053429B44FA08E0E5002800D1D7E571189A
:103DB000531EB14227D3A94215D358D01A0073E736
:103DC000002B00DC04E6012300229B44CDE5022306
:103DD0004744474589415B429C46494289190C1931
:103DE000E344241A03E743465F0047459B41B84636
:103DF0005B429E19023A8919A94200D054E7404516
:103E000000D051E7ABE51A00F6E71F215F464942B3
:103E10000C1BE740202B07D01A49009B8C466344BB
:103E200018005B4683401A43501E82413A430727DD
:103E30000023174009D00F2100231140140004294A
:103E400095D122005F075B021B0BD20817430022AB
:103E5000A6E5802359461B030B431B0317001B0BCE
:103E6000064A9DE5BD42B2D89B460024BFE6804588
:103E7000B9D31A00C3E7C046FF030000FF070000E4
:103E80001E0400003E040000F0B54F464646D646EC
:103E90008446C0B58046194E18030F034D00000B31
:103EA0005C0082463F0B6D0DC90F9146640DDB0F20
:103EB0000120B5420AD0B44203D0A54201D15745F2
:103EC0000CD01CBC90469946A246F0BD66463E43C7
:103ED000F7D1AC42F5D154461443F2D10120C84584
:103EE000EFD1994207D0002DEBD163461F43380034
:103EF000471EB841E5E70020E3E7C046FF070000A2
:103F0000F0B54F464646D6464D00C0B50E03C90F24
:103F10008A462C491F035C008046360B6D0D914686
:103F20003F0B640DDB0F8D421ED08C4216D0002D4E
:103F30001ED130438446002C01D13A4323D062463F
:103F4000002A1AD09A4529D051460220013908404A
:103F500001381CBC90469946A246F0BD3900114379
:103F6000E5D002204042F4E73043FAD1AC420FD012
:103F7000002C0FD13A43E7D00CE00122013B9343E0
:103F800018000130E5E763460020002BE1D0DBE7B5
:103F90003A43E6D19A45D7D1A542D5DCA54205DB07
:103FA000BE42D1D808D00020BE42D2D25046012312
:103FB000013898430130CCE7C845C5D80020C84532
:103FC000F4D3C6E7FF070000F0B54F464646D64695
:103FD0004D00C0B50E03C90F8A462E491F035C0071
:103FE0008046360B6D0D91463F0B640DDB0F8D4205
:103FF00018D08C4211D0002D18D130438446002CAB
:104000001ED13A431CD163460020002B30D05146CC
:1040100002200139084001382AE039001143EAD072
:10402000022025E03043FBD1AC4226D0002C26D123
:104030003A4324D15146022001390840013817E0A3
:104040006246002A0FD09A45E1D1A54205DBBE4267
:10405000DDD819D00020BE420AD2504601230138D3
:104060009843013004E00122013B934318000130E2
:104070001CBC90469946A246F0BD3A43D0D19A4521
:10408000C5D1A542C3DCE0E7C845C0D80020C8457B
:10409000E3D3EDE7FF070000F0B55746DE464E4696
:1040A0004546E0B5834606000F03480087B09246B8
:1040B0001D003F0B400DCC0F002800D16FE0DE4B00
:1040C000984238D08023FF001B041F43730F3B43EB
:1040D0000193DA4B0027994600239B46F600814462
:1040E0002B0369001B0B52469846490DED0F002922
:1040F00000D185E0D04B994200D173E04346DA000D
:1041000080231B0413435246CC48520F844613436A
:10411000524600206144D200894421006940009148
:104120008C46012149448A460F2F00D990E0C449AA
:10413000BF00CF59BF465B463B43019300D06AE1C5
:1041400002230827002681469B46C9E732005846CD
:10415000019B61460091022800D175E0032800D13F
:10416000FEE1012800D02CE10023002700260025D5
:104170003F032A0D3F0BB34812053A4302401B058B
:104180001343009A5B00D1075B080B433000190012
:1041900007B03CBC90469946A246AB46F0BD5B4694
:1041A0003B43019300D12FE1002F00D1A5E138005E
:1041B00000F0C0FE03000B3B1C2B00DD96E11D222E
:1041C000D31A5A460100DA405E4608398F40130080
:1041D0008E403B4301939C4B00271B1A99460023BA
:1041E0009B467DE7414653460B4393498C46E14449
:1041F000002B00D01AE102220220174300228CE794
:10420000134300D10DE14346002B00D181E140462C
:1042100000F090FE02000B3A1C2A00DD72E1010062
:10422000434608398B4098461D239A1A5346D3407B
:104230001A004346134352468A404946081A8249A7
:1042400089468144002068E77B4B002700268EE7E3
:10425000140C1204120C1100370C3604350C79437F
:1042600028008C462E00604360448346564321005C
:10427000300C80465846794340440291844506D923
:104280008846802149028C46E0444146029136042A
:10429000010C360C00048B4681191E0C1B041B0CF0
:1042A0000391190079438C46280075436544A8465C
:1042B0005843050C45447743A94203D9802149025C
:1042C0008C466744290C8C4639000004000C2D04F0
:1042D0002D186144AB4405915946049101990F048E
:1042E0003F0C080C390051434243904602008C4673
:1042F000090C8B4662437C4344445C44A04503D98B
:104300008021490288464244210C884661460904BE
:10431000090C8C4639005943434370437E430F0CCC
:10432000F6182404BE19644442448C46B34203D9AF
:1043300080235B0298464044029B61469846049B5A
:10434000370443449B46AB45AD416B420D04059990
:104350002D0C8C467F196744FD18A8465D462D1923
:10436000A542A44193466442A446C344DC448F4220
:10437000BF4198459B4193459241A445A4415B426E
:104380007F421F43360C52426442BF192243BF187A
:10439000624638184302D20D039913436A020A4356
:1043A000501E82416146ED0D2A434E023243D9012F
:1043B00000D4B3E00126500832400243DE07324306
:1043C0005B08224C5444002C62DD510709D00F20B9
:1043D0001040042805D0101D9042924152429B1873
:1043E0000200D90104D580241948E4000340544454
:1043F0001848844200DD27E75E075B02D2081F0BE6
:10440000630516435B0DB2E600239946013304278A
:1044100000269B4664E60323019781460C279B46B2
:104420005EE6012201201743002276E603230320E3
:104430001F43434671E6C046FF07000001FCFFFF33
:1044400000D20200FFFF0F800DFCFFFFFF03000002
:10445000FFFFFFFEFE0700000023802700933F03BD
:104460000026434B83E6019B3200A446584670E683
:10447000AC466EE6802701993F0339422DD03B427E
:104480002BD11F433F033F0B00951600384B6EE6C0
:1044900001252D1B382D00DD66E61F2D40DC35483B
:1044A0001C005044160082408440EE40501E824161
:1044B00034431443EB40620709D00F222240042A00
:1044C00005D02200141D9442804140421B181A025C
:1044D0003ED501230027002649E68027019B3F03A4
:1044E0001F433F033F0B0094214B40E603005A4615
:1044F000283B9A40002601926DE6584600F01AFDCE
:10450000203057E603005246283B9A401300002211
:1045100093E6504600F00EFD20307BE6CA4650E799
:104520001F201E004042041BE640202D03D0124CE9
:104530005444A3401A43501E8241324307260027A9
:10454000164009D00F200023104014000428B9D1D0
:1045500022005E075B021F0BD2081643002306E60B
:1045600080273F031F433F033F0B1600004BFEE530
:10457000FF0700001E0400003E040000F8B5574687
:104580004E464546DE460C000903E0B5490A460F93
:104590005F0031431E03DB0F760A9B46530F334304
:1045A000C84E6500C000E40FD2006D0DA2468146E2
:1045B0007F0D9C469046B74200D1B9E05B4601268C
:1045C00073409B46EE1BA34500D183E0002E63DDC4
:1045D000002F00D0B1E06346134300D123E1731EE6
:1045E000002B00D0BAE1861A6346B0428041012513
:1045F000C91A4042091A0B0200D447E149024B0A8A
:1046000098464346002B00D189E1404600F092FCD9
:104610000300083B1F2B00DD7CE120223000D21A72
:104620004146D040994002009E400A439D4200DD31
:104630006AE15D1B6B1C1F2B00DD94E12021100043
:104640003500C91A8E40DA408840DD40711E8E4127
:10465000110007222843002506433240002A09D0D2
:104660000F233340042B05D0331DB342B6417642AD
:1046700089191E000B0200D43DE26A1C914B5505BE
:104680006D0D9A4200D119E18F4AF6080A4057078A
:1046900052023743120B9BE0002E00D0C5E06E1C87
:1046A0007605760D012E00DC48E16746861ACB1BA5
:1046B000B042BF417F42B8461F004346FF1A3B004D
:1046C000B8461B0200D55FE137439AD1002200248F
:1046D000002579E0002E00DCFAE0002F00D18DE00B
:1046E000784B9D4267D0802367461B041F43BC461E
:1046F000382E00DC52E1634613435A1E93411E18C4
:1047000086428041404209180B0200D4BEE06D4B46
:1047100001359D4200D1D2E06B4A73080A40012165
:104720000E401E435108D30707221E43324095E72F
:104730001E00164300D045E740E7624B9D423AD049
:10474000802367461B041F43BC46382E00DDEBE088
:104750001F2E00DC3AE133006746203BDF403B0080
:10476000202E05D04027BF1B6646BE4032439046F0
:104770004646721E96413343DAE0002B00D114E224
:104780006346134300D168E180234E07C008C9087F
:104790001B030643194208D06046C008184204D1E2
:1047A00063460100D2085E071643F3009946C9002C
:1047B000720F444D11434B46DE08424B4F073743BF
:1047C000CA089D4200D16EE012036D05120B6D0DFB
:1047D00000211203130B0A0D12051A433B4B2D0542
:1047E00013402B435B00E4075B08234338001900A8
:1047F0003CBC90469946A246AB46F8BD634613437F
:1048000011D0731E002B00D007E18618864280412C
:1048100061444042091801250B0237D502257BE788
:104820003E00614691463500C5E75C46002D00D04C
:10483000E1E00B000343F3D0731C00D1ACE1214B4A
:104840009F4200D13AE1F343382B00DD6FE11F2B8B
:1048500000DD8CE120250E00ED1AAE40B0460600CA
:10486000AA46DE40454635432E005546D940A8406D
:104870006346451EA8415B1A9C463043161AB24255
:10488000924163465242991A3D00B4E607223240F3
:10489000002A00D0E4E60B4BF6084F073743CA085E
:1048A0009D4200D090E73B00134300D1A6E1802356
:1048B0001B031A431203120B024D89E71500002255
:1048C000002785E7FF070000FFFF7FFFFFFF0F8046
:1048D000002E00D0C7E06B1C5E05760D012E00DCBB
:1048E000F0E0C84DAB4200D1B9E085180A0085421E
:1048F00089416244494251180722CE076D082E4370
:10490000490832401D00A9E6BF49ED1A11400722AF
:104910003240A3E6320028388240002686E6300086
:1049200000F008FB203073E6634613435A1E9341A0
:10493000C61AB04280414042091A5CE60E00674642
:1049400006431743002D5ED1002E00D0F3E0002F68
:1049500000D11EE15C46614691462CE7A94FBE425C
:104960007BD01E00F1E610001F3DE840202B03D055
:104970004021CB1A9A401643731E9E4107220643DC
:1049800032400021002583E7161A6346B242804177
:10499000591A40420B1A98465C4632E61F2E00DD3B
:1049A000ABE02027BB1B9A4663465746BB4099465F
:1049B00013004F46F3401F433B005746BA40571E73
:1049C000BA4113436246F240891898E62027BB1B80
:1049D0009A4663465746BB40994613004F46F340FC
:1049E0001F433B005746BA40571EBA411343624625
:1049F000F240891A9CE7834B9F425FD080252D04AB
:104A00007342294320E7002E0CD1002F00D1D0E0C3
:104A10005C46614691467B4DCDE67A4FBE421CD046
:104A20001E0065E6002F18D0C0084E070643802000
:104A3000C9080003014208D06346DC08044204D1DF
:104A40002100DA46D2085E071643F3009946012496
:104A50005346C900720F11431C406A4DABE61D005E
:104A600000220027B4E6002D59D10B00034300D1EA
:104A7000D6E6731C00D1B2E0624B9F421ED0F343D6
:104A8000382B6FDC1F2B00DD97E020250E00ED1A80
:104A9000AE40B0460600AA46DE40454635432E00ED
:104AA0005546A840D940451EA8418C440643B61837
:104AB00096429241514261443D0025E63D006146E7
:104AC000914678E60B000343002D00D055E6002BFD
:104AD000F5D06346134300D16DE6861886428041C7
:104AE00061444042091800220B0200D4D0E6464B34
:104AF00001351940B2E5B1465DE633006746203B1B
:104B0000DF403B00202E05D04027BF1B6646BE403D
:104B1000324390464646721E96413343EFE5394B89
:104B20009F42CBD080252D0473422943A8E7084338
:104B3000411E8841A2E6002F00D13CE66346861A5A
:104B4000CF1AB0429B415B42FB1A98461B024ED5DE
:104B5000161A6346B2429241591A5242891A5C4669
:104B600000227BE501430E00711E8E419FE71D0070
:104B70000E00203DEE40B046202B04D04025EB1A1D
:104B800099400843814648464346411E88411843A0
:104B900074E60022002417E6161A6346B2429241D8
:104BA000591A5242891A3D0025E561469146154D34
:104BB00001E680220024120379E61D000E00203D4C
:104BC000EE40B046202B04D04025EB1A9940084314
:104BD00081464E464346711E8E411E4367E7861846
:104BE00096429B4161445B42C9183D008CE54746B3
:104BF0003743CED007224146324049E600273A00EB
:104C0000E6E5C046FF070000FFFF7FFF70B50C4ED2
:104C10000D031C0349005B002D0B490D240B5B0D9C
:104C2000B14208D0064900208B4203D11443200032
:104C3000441EA04170BD05430120002DFAD1F1E7CB
:104C4000FF07000030B5144D0A034B00120B5B0D3B
:104C5000C90F0024AB4211DD104CA34210DC8024AC
:104C6000640322430E4CE41A1F2C0CDD0D48C31ABA
:104C7000DA4013005C42002900D11C00200030BD46
:104C8000094BCC18FAE7094DE040AC4663449A4022
:104C900013000343EEE7C046FE0300001D040000BE
:104CA0003304000013040000FFFFFF7FEDFBFFFF54
:104CB00070B500282DD0C317C5185D40C40F28005B
:104CC00000F038F9154B1B1A5B055B0D0A2815DD42
:104CD0000B38854000222D032D0B002110002D03E1
:104CE0000A0D2D0B12052A430D4D1B052A401343B7
:104CF0005B00E4075B082343190070BD0200290034
:104D0000153291400A000B21081AC5402D032D0BC6
:104D1000E3E70024002300250022DEE71E04000054
:104D2000FFFF0F8010B5041E25D000F003F9144BCF
:104D30001B1A5B055B0D0A2812DD0B38844000222C
:104D40002403240B0021100024030A0D240B120558
:104D500022430C4C1B05224013435B00590810BD35
:104D600002002100153291400A000B21081AC440AC
:104D70002403240BE6E7002300240022E2E7C046D8
:104D80001E040000FFFF0F804100090E4B1C70B590
:104D9000DBB24602750AC40F012B14DDE0239B0031
:104DA0006D07360BCB1800210A0D280012051C4D8B
:104DB00032435B052A405B0813435B00E4075B0852
:104DC0002343190070BD002914D1002D1ED02800E6
:104DD00000F0B0F80A281CDC0B232A001B1ADA406A
:104DE000030015339D400F4B12031B1A5B05160B76
:104DF0005B0DD8E7002D06D0320B802636036D07F9
:104E00001643094BCFE7084B0026CCE700230026CA
:104E1000C9E703002A000B3B9A400025E3E7C046A0
:104E2000FFFF0F8089030000FF070000F0B54C0072
:104E3000640D0B03621C5B0A460F5205C90F1E432B
:104E4000C500520D012A29DD374BE718FE2F1CDC67
:104E5000002F3BDD8001431E98410722F3006D0FB8
:104E600003432B431A40002A04D00F221A40042A7D
:104E700000D004338022D2041A4024D00137FAB281
:104E8000FF2F02D09B01580A01E0FF2200204002C0
:104E9000D205400AC90710430843F0BD3543002C32
:104EA00004D1002D0AD100220020F0E7002DECD023
:104EB0008020C0033043FF22E9E7002400235B0287
:104EC000580AE2B2E3E7DB083C00F8E73B0017339F
:104ED000F3DB80231B0433431E26F61B1F2E14DD39
:104EE00002225242D71B1A00FA401700202E04D08B
:104EF0000E4A94466444A3401D432B005D1EAB4103
:104F000007223B431A400027ADE7094A2800A218B0
:104F1000954093406C1EA541F04007222B4303436C
:104F20001A4000279FE7C04680FCFFFFA2FCFFFF5E
:104F300082FCFFFF1C2101231B04984201D3000CBB
:104F400010391B0A984201D3000A08391B099842FC
:104F500001D30009043902A2105C40187047C04612
:104F60000403020201010101000000000000000032
:104F700010B5002903D1FFF7DDFF203002E0081C47
:104F8000FFF7D8FF10BDC046F0B54E465746DE4687
:104F90004546E0B50F00002183B006008946002F8A
:104FA00006DA3900002746428F41012149428946ED
:104FB000002B07DA4946C94310008946190000232F
:104FC00042428B4134003D0092469846BB4269D82C
:104FD00066D041465046FFF7CBFF8346390030008C
:104FE000FFF7C6FF5B461B1A9C46203B9B4600D53D
:104FF00075E05146584681400B005146604681405D
:105000000A00BB4261D85ED034003D005946A41A64
:105010009D41002900DA7AE000210020012600905D
:10502000019159468E400196614601268E406146A7
:105030000096002950D0D90756085F080E436346F2
:105040000EE0AF4201D1A6420CD8A41BBD41012104
:1050500024196D410022013B64185541002B06D0F4
:10506000AF42EED9013B24196D41002BF8D10098D5
:1050700001995B4600196941002B3DDB2E00DE40A3
:1050800063462C00DC405B46002B4BDB34005D4666
:10509000AC4023006446A6403200801A994103E0E8
:1050A000B24296D9002000214B46002B04D00300C9
:1050B0000C0000215842A14103B03CBC90469946E7
:1050C000A246AB46F0BDB1429ED90021002000901F
:1050D000019161460029AED100980199E4E72023AF
:1050E000624651469B1AD94040460091614688402D
:1050F000030000990B4380E7624620239B1A2A0095
:105100009A40260013006246D6401E43B8E7614627
:1051100020260127761A00200021F74000900191F7
:10512000019781E76746202362463500BC409B1A01
:10513000DD4023002B43ADE710B5062001F0BCFC99
:10514000012004F0D7FA000030B51C00094B05001F
:105150001B6885B0D868084B002A01D1074B1A009C
:105160000292019300912B002200054900F08EF974
:10517000FFF7E2FFAC26002040D20200DAD00200A6
:105180004DD2020010B50A22002101F071FE10BDBF
:1051900010B5040004481300002804D00A000220BF
:1051A000210000E000BF10BD00000000014B1868A6
:1051B0007047C046AC260020F7B58A8905000C0070
:1051C000130760D44B68002B04DC0B6C002B01DC54
:1051D0000020FEBDE76A002FFAD000232E682B6066
:1051E00080235B01216A1A4034D0606DA3895B077C
:1051F00006D56368C01A636B002B01D0236CC01AFC
:105200000200216A00232800E76AB847A189431CED
:1052100006D12B681D2B30D82B4ADA40D3072CD56A
:105220000023636023692360CB0405D5431C02D1AE
:105230002B68002B00D16065616B2E600029C7D000
:1052400023004433994202D0280000F055FD00208D
:105250006063BEE701232800B847431CC6D12B6812
:10526000002BC3D01D2B01D0162B01D12E60AFE730
:105270004023A2891343A381ABE740230B430120C2
:10528000A3814042A5E70F69002FA1D00B680F60F2
:10529000DB1B01930023920700D14B69A360019BA4
:1052A000002B00DC94E7019B3A00216A2800A66AE3
:1052B000B047002803DC4023A2891343DFE7019BAA
:1052C0003F181B1A0193EAE7010040200B6970B5F3
:1052D00005000C00002B01D1002070BD002804D077
:1052E0008369002B01D100F05FF80B4B9C4209D180
:1052F0006C680C22A35E002BEED021002800FFF783
:105300005BFFEAE7054B9C4201D1AC68F1E7044B37
:105310009C42EED1EC68ECE79CD20200BCD20200C9
:105320007CD20200002310B5040003604360836058
:1053300081814366C2810361436183611900082250
:105340005C3000F03CFA054B24626362044BA362BC
:10535000044BE362044B236310BDC046ED6B0200B7
:10536000196C0200516C02007D6C020010B50249FC
:1053700000F09CF810BDC046CD52020070B5682503
:105380004A1E55430E002900743100F0FFFC041E34
:1053900008D000212A00016046600C30A06068320D
:1053A00000F00DFA200070BD836913B50400002BD6
:1053B00028D18364C3640365134B144A1B6882625B
:1053C0000193984201D101238361200000F020F86D
:1053D0006060200000F01CF8A060200000F018F8C9
:1053E0000022E06004216068FFF79CFF0122092190
:1053F000A068FFF797FF02221221E068FFF792FFF3
:105400000123A36113BDC046DCD202006D5302002C
:10541000F8B51C4B07001E68B369002B02D13000A1
:10542000FFF7C2FF4836B4687368013B04D53368A0
:10543000002B07D03668F6E70C22A55E002D0DD0B4
:105440006834F2E704213800FFF798FF3060002845
:10545000F0D10C2304003B602000F8BD20000A4B73
:10546000656625606560A560E36025616561A5618D
:10547000082229005C3000F0A2F96563A563A564E9
:10548000E564E9E7DCD202000100FFFF0EB403B5DA
:10549000010003AB044804CB0068019300F0FCFC5E
:1054A00002B008BC03B01847AC260020F7B50400D2
:1054B0000700002601914834002C01D13000FEBDC8
:1054C0006368A5680093009B013B009301D52468A5
:1054D000F2E7AB89012B08D90E22AB5E013304D071
:1054E00029003800019B984706436835EBE7000028
:1054F000074B70B51C680500E36B002B03D124201B
:1055000000F00CF9E0632800E16B00F003F870BDD7
:10551000AC260020F0B50668476885B0594A0023DC
:1055200030000C003900FCF7C3FE574A0190851883
:1055300000233000534A3900FCF7BAFE161E06DA83
:10554000524A504B9446F618019B63441D00E121DA
:1055500030000901FCF748FDE121A060090130009D
:10556000FCF728FE0E003C213000FCF73DFD3C21FD
:1055700060603000FCF71EFEE81C21600721FCF78C
:1055800019FE002900DA0731A161281E404901DA1D
:10559000404BE818FCF728FD07003F483F49784397
:1055A00045192800FCF796FC3D4946192800FCF7F0
:1055B00091FC3C49361A2800FCF78CFC6E21361A07
:1055C000FF313000FCF786FC374901903000FCF7D2
:1055D00081FC334945193000FCF77CFC6E21019BAE
:1055E000FF3159432D1A6B1A052618007043992173
:1055F00002300293FCF76EFC050099206843029B81
:105600003100013302300393FCF764FC039B033E3B
:105610001B1A0393092D00D90C3EC8235B005F437E
:10562000019B7619FF1801250023B5425B41FF1845
:105630003223029AFF339A420ED91500333DFF3DC3
:105640001A4B2000FF18039BE561E36000236761AC
:105650002661236205B0F0BD019B9B0706D1642142
:105660000198FCF7BDFC2800002906D1C82101984B
:105670004900FCF7B5FC48424841029D3B352D18D6
:10568000DEE7C046805101006CFA0A006BFA0A009E
:10569000B13A020050C5FDFF4FC5FDFFAC8E0000C2
:1056A000B4050000B03A0200948E000094F8FFFFA9
:1056B00070B500260C4D0D4C641BA410A64209D1F8
:1056C000002604F019F80A4D0A4C641BA410A642E7
:1056D00005D170BDB300EB5898470136EEE7B30033
:1056E000EB5898470136F2E7E4280020E428002030
:1056F000E428002064290020EC3000687047000096
:10570000044B1B681B6A002B00D1034BEC33186859
:105710007047C046AC2600201027002010B5034B70
:105720000100186800F032FB10BDC046AC26002016
:1057300010B5034B0100186800F0DEFA10BDC0463A
:10574000AC26002082B0002900D101A9101E06D08D
:10575000002B06D013780B601078431E984102B0DE
:10576000704702204042FAE730B50024A24201D13E
:10577000002005E0035D651C0C5DA34201D0181BF1
:1057800030BD2C00F2E7002310B59A4200D110BDC5
:10579000CC5CC4540133F8E710B5884202D98B18A9
:1057A000984203D3002307E08B5C8354013AFBD279
:1057B00010BDCC5CC45401339A42FAD1F8E703001F
:1057C0001218934200D1704719700133F9E70000B5
:1057D000F7B5016804003B290BD93C22684601F06B
:1057E0007FFF63680099019A5B186360002A51DBB0
:1057F000226061683B290BD93C22684601F070FFAA
:10580000A3680099019A5B18A360002A47DB6260D5
:10581000A16817290BD91822684601F061FFE368D7
:105820000099019A5B18E360002A3DDBA2602169C0
:105830000B290BD90C22684601F052FF63690099CD
:10584000019A5B186361002A33DB226165691C23BE
:10585000AA070FD164212800FCF7ACFC1D23002906
:1058600008D13C4B9131E818FF31FCF7A3FC4B42C7
:105870004B411C33E2681D27002A45DD03261C2707
:105880002269E168012A43D0334D9000405981429A
:1058900041DC3CE03C32013B22606360A9E73C32E2
:1058A000013B6260A360B3E71832013BA260E36092
:1058B000BDE70C32013B22616361C7E72269013A0F
:1058C0002261013217D10B23032265692361681E0F
:1058D0006061113310420ED16421FCF76BFC3B0078
:1058E000002908D11D4B9131E818FF31FCF762FC0B
:1058F0004B424B411C3321691A00012902D0164A40
:1059000089008A58B618E660E668002ED6DDF7BD35
:105910008B42FCDA1800091A0132E16022610C2A7C
:10592000AED1002365692361681C60613B00304291
:10593000A6D16421FCF73EFC1D230029A0D1084B11
:105940009131E818FF31FCF735FC4B424B411C33D9
:1059500096E7C0466C070000E8D202006B07000023
:105960006D070000F0B58BB0040002F079FD070070
:105970002000FFF72DFF3C236268A1685343226893
:105980009B18E12212014A439B180093E268DB173F
:1059900001932369501EB54A99008A5882180492CF
:1059A00062690392012B14DD13009B0711D164215E
:1059B0001000FCF7FFFB002908D1039BAC4A913192
:1059C000FF319818FCF7F6FB002902D1049B013344
:1059D0000493049BA749E361039BA74A5B18934286
:1059E00000D974E1039B462B00DC88E0C8264625DD
:1059F000760003231D4200D07FE064212800FCF7DD
:105A0000D9FBB7235B00002908D1994B3100E81876
:105A1000FCF7D0FB4B424B416E33FF33049A013508
:105A2000D3180493039BAB42E3D1049A934B5343A3
:105A30001800D917009A019B12184B41009201934C
:105A400001F090FB01F090FB8D4B1D68002D4CD0B8
:105A50006369874A9818236A05930893002B01DD30
:105A6000012308937B68834200D089E0B86CF96C0D
:105A70003B6D02000993099B0693DB170793BB6AF2
:105A80001D00DE179C460B00521BB3411E00019BFC
:105A900015009E420EDC02D1009B9D420AD8069A58
:105AA000079B801A9941019B99426EDC02D1009BB1
:105AB00098426AD8069807993A6A7B6A121A8B410B
:105AC0003968002963D001998B420ADC02D1009920
:105AD0008A4206D8019B9E4260DC02D1009B9D4217
:105AE0005CD8059B0025002B5CDABB6A1E00DF1723
:105AF000009A019BB6185F41A6E06E238DE7039BD9
:105B0000462B92D0C8264525760016E0002B30D1D2
:105B100064212800FCF74EFBB7235B00002908D165
:105B2000534B3100E818FCF745FB4B424B416E33B9
:105B3000FF33049A013DD31A04930323039A2B40A5
:105B4000AA42E3DB002B16D164211000FCF732FBE4
:105B5000002912D1039B464A91319818FF31FCF776
:105B600029FB4B4259416E31FF31049B5B1A049370
:105B70005BE76E23DCE76E21F6E7B7214900F4E727
:105B800001F040FA002800D070E7089D51E001992B
:105B90008B429FDC02D100998A429BD8059B01254C
:105BA000002B49DB089E6E40012E42D16346099AC4
:105BB0009B1A002D00D15B4218002268D917D21819
:105BC0002260009A019B12184B4100920193E368F6
:105BD00020000593FFF7FCFDE368059A9B1A28D087
:105BE000012B20DC5A1C00DB1E00049BE2699B1980
:105BF00004930323B61847D5039A501E184215D1B3
:105C00006421FCF7D7FA00292DD11E4A039B944644
:105C1000913163441800FF31FCF7CCFA4B425941F3
:105C20006D31FF3104E001267642DEE7B6214900FE
:105C3000E161012D00D058E73B6D01251E00DF1703
:105C4000009A019BB6185F4101F08DFA0498256215
:105C500004300721FCF7AEFA002936DBA1613000E1
:105C600039000BB0F0BD6E21DBE7C04618D302004F
:105C70006C07000010270000204E0000805101003A
:105C8000AC5700206B070000039A1A4216D164211A
:105C90001000FCF78FFA002912D10F4A039B94469B
:105CA000913163441800FF31FCF784FA4B425941AB
:105CB0006E31FF318E4206DAE661BAE76E21F8E70F
:105CC000B7214900F6E7761AF6E70731C6E701265D
:105CD0007642F717C3E7C0466C0700004A4370B529
:105CE0001100140000F052F8051E03D0220000211C
:105CF000FFF765FD280070BD70B50500002910D0C4
:105D00000C1F2368002B00DAE418280002F043FC83
:105D10001D4A1368002B05D163601460280002F04F
:105D20003BFC70BDA34209D9216860188342F3D1BE
:105D300018685B6841182160EEE713005A68002A72
:105D400001D0A242F9D919685818A0420BD1206895
:105D50000918581819608242E0D110685268411839
:105D600019605A60DAE7A04202D90C232B60D5E70C
:105D700021686018824203D110685268411821607E
:105D800062605C60CAE7C04688570020032370B594
:105D9000CD1C9D43083506000C2D1ED20C25A942B2
:105DA0001DD8300002F0F7FB254A146821000029B5
:105DB00019D1244C2368002B03D1300000F040FEA1
:105DC00020602900300000F03BFE431C2BD10C2347
:105DD0003000336002F0E0FB03E0002DDFDA0C233B
:105DE0003360002070BD0B685B1B19D40B2B03D9EB
:105DF0000B60CC18256003E04B688C420DD113601A
:105E0000300002F0C9FB200007220B30231D904315
:105E1000C31AE7D05A42E250E4E763600C00EFE7B0
:105E20000C004968C3E70323C41C9C43A042E1D093
:105E3000211A300000F004FE431CDBD1C7E7C04646
:105E4000885700208C570020936810B5013B936061
:105E5000002B04DA9469A34207DB0A2905D01368F2
:105E6000581C10601970080010BD01F03BFB0100C8
:105E7000F9E7F8B506000F001400D518AC4201D1BF
:105E8000002007E021783A003000FFF7DDFF013401
:105E9000431CF3D1F8BD0000F0B59FB002900F0095
:105EA00016000593002805D083690493002B01D1C7
:105EB000FFF77AFA7B4B9F425BD1029B5F68BB89FD
:105EC0001B0762D53B69002B5FD0002306AC6361E2
:105ED000203363761033A37635002B78002B01D066
:105EE000252B5CD1AB1B04930CD0320039000298F7
:105EF000FFF7BFFF431C00D1C4E06269049B9446D6
:105F0000634463612B78002B00D1BBE001220023A6
:105F10005242626002A9543252186E1C2360E36040
:105F2000A3601370A365317805225F4802F028FB57
:105F3000751C002835D12268D30604D5532302A945
:105F40005B1820211970130704D5532302A95B188D
:105F50002B21197033782A2B2CD0350000210A20F0
:105F6000E3682A786E1C303A092A64D900292ED0B9
:105F700026E04E4B9F4202D1029B9F689FE74C4B0D
:105F80009F429CD1029BDF6899E73900029801F09B
:105F90001FFB002899D0012040421FB0F0BD013501
:105FA0009BE7414B2268C01A0123834013432360BF
:105FB0002E00B8E7059B191D1B680591002B01DB1E
:105FC000099304E05B42E3600223134323602B78D0
:105FD0002E2B0AD16B782A2B35D1059B02351A1D41
:105FE0001B680592002B2BDB0793324E2978032286
:105FF000300002F0C5FA002806D04023801B834001
:106000002268013513432360297806222A486E1C32
:10601000217602F0B5FA00283AD0284B002B25D182
:106020000722059B07339343083305936369039A5B
:106030009B18636150E7434301219B18350090E7AB
:1060400001235B42D0E700230A201A000135636078
:1060500029786E1C3039092903D9002BC5D0079245
:10606000C3E74243012352183500F1E705AB009323
:106070003A00134B2100029800F0C0F80390039BF4
:106080000133D3D1BB895B0600D584E70B9884E745
:1060900005AB00933A000A4B2100029800F068FB20
:1060A000ECE7C0469CD2020048D30200BCD20200FA
:1060B0007CD202004ED3020052D30200FD610200E6
:1060C000735E0200F0B58BB014001D1E129953DAF6
:1060D000802424061B191D0014002D230B7020237F
:1060E000149E03229E43462E07D03300453B59425F
:1060F0004B411099013ACB18109309AB049308ABAC
:106100000393139B00920293109B220001932B0098
:1061100001F084FB0700472E02D1119BDB0724D539
:10612000109BFB180793462E14D13B78302B0CD1D3
:106130000022002320002900FCF752F8002804D197
:106140000123109A9B1A139A1360139B079A1B68DA
:10615000D31807930022002320002900FCF740F801
:10616000302200280DD0079B09933800099B159A0F
:10617000DB1B13600BB0F0BD0023AFE7591C099186
:106180001A70099B07998B42F8D3EEE7F0B5831C90
:1061900085B0019306000C0002702B23002901DA60
:1061A0002D234C427370092C22DD02ABDD1D200033
:1061B0000A21FBF7FFFF6F1E3031397020000A21E2
:1061C000FBF712FF040009280BDC023D3034019B71
:1061D0002C7002AA07321800AA4204D8801B05B00E
:1061E000F0BD3D00E3E72A7801351A700133F0E78E
:1061F0003023E418B370301DF470EFE7F0B595B0BC
:106200000C000A920B931A9D099002F02DF9036875
:1062100018000C9300F068FD0023129323680E9081
:106220000D930D99277E2B680722C90545D59B182C
:1062300093431A0008322A601A685B68A264E36418
:106240000122E56CA66C6B005B080F935242AC4BCD
:1062500030000F99FEF7DAFC002830D10122A84B5C
:10626000524230000F99FBF7CBFF002827D10022C4
:10627000002330002900FBF7B9FF002803D02300DA
:106280002D2243331A709F4D472F00D89E4D032374
:1062900000260D9A236101339A4322600B9B13AAB7
:1062A000009321000A9B099800F0F4F9431C00D0E8
:1062B00093E00120404215B0F0BD0733B8E732004B
:1062C0002B0030002900FEF7A1FC002804D08F4DE0
:1062D000472FDCD88E4DDAE780230D996268DB000A
:1062E0000B43511C43D10732626012AA0021059270
:1062F00011AA0392232223600691019308A96368DF
:1063000052180292009332002B0004970998FFF76D
:10631000D9FE20233A0005009A43472A07D1119B52
:10632000DA1C02DB6268934245DD023FFFB211993D
:10633000652F25D8200001393A0050301191FFF720
:1063400025FF129A060013182361012A02DC226835
:10635000D20701D501332361232308AA9B181B7898
:10636000002B9BD023002D2243331A7096E7672F12
:1063700000D176E1472FB8D1002AB6D10122B3E788
:10638000662F19D1636800290CDD2161002B02D131
:106390002268D20702D501335B182361119B0026C6
:1063A000A365D9E7002B03D101222168114200D057
:1063B0009A1C2261F2E76727119B129A934205DB30
:1063C00022682361D207E9D50133E6E70121002BDA
:1063D00001DC4918C91A5218EBE72268530508D4A2
:1063E00023692A000A9909980B9DA847431C29D1C3
:1063F0005FE7652F00D8E0E0A06CE16C002200238D
:10640000FBF7EEFE002834D00123424A0A9909988E
:106410000B9DA847431C00D14BE7119B129A934256
:1064200002DB2368DB070DD50B9D0E9B0C9A0A99A6
:106430000998A8470025431C00D13AE7129B013B6D
:10644000AB420ADC23689B0700D508E1139BE06898
:10645000984200DB2FE718002DE7220001231A32B3
:106460000A9909980B9EB047431C00D121E70135DA
:10647000E4E7119B002B2DDC0123264A0A99099899
:106480000B9EB047431C00D113E7119B002B05D195
:10649000129B002B02D12368DB07D3D50B9E0E9BEA
:1064A0000C9A0A990998B0470026431C00D100E7CE
:1064B000119B5B42B34201DC129B92E72200012355
:1064C0001A320A9909980B9FB847431C00D1F0E68D
:1064D0000136EDE7A36D129F9F4200DD1F00002FE4
:1064E00008DD3B002A000A9909980B9EB047431C1F
:1064F00000D1DEE600230D93FB43DB170F9318E07A
:10650000FFFFEF7F5DD3020059D3020065D3020085
:1065100061D30200A0C10200220001231A320A99AD
:1065200009980B9EB047431C00D1C2E60D9B013376
:106530000D930F9BA66D0D9A3B40F31A9342EBDC33
:10654000119B129AAD19934210DB2368DB070DD41F
:10655000129F119BBE1BFF1AB74200DD3700002FB0
:106560000DDCFE43F31700250C931CE00E9B0C9AE8
:106570000A9909980B9FB847431CE9D199E63B005B
:106580002A000A9909980B9DA847431CE9D190E677
:10659000220001231A320A9909980B9EB047431C26
:1065A00000D186E60135119A129B0C999B1A3A008C
:1065B0000A409B1AAB42EBDC44E7129B012B02DC46
:1065C00001231A4232D001232A000A9909980B9F0D
:1065D000B847431C00D16CE60E9B0C9A0A990998A7
:1065E0000B9F0135B847431C00D162E6A06CE16CFB
:1065F000129B00225F1E0023FBF7F2FD3B000028E8
:1066000014D000250AE0220001231A320A990998C1
:106610000B9FB847431C00D14BE60135129B013B51
:10662000AB42F0DC220033005032DBE62A000A994C
:1066300009980B9DA847431CF4D13AE62200012398
:1066400019320A9909980B9EB047431C00D130E6D5
:106650000135E368139A9B1AAB42EFDCF6E600259E
:10666000F7E7002A00D189E60021069112A90591D9
:1066700011A90391232108A809182360019300920E
:106680002B000497029132000998FFF71BFD0500CB
:1066900045E6C046F7B5150001938A680B6900907E
:1066A0000C00934200DA130022002B604332127870
:1066B000002A01D001332B6023689B0602D52B688A
:1066C00002332B60062723681F4027D02300433363
:1066D0001B785A1E93412268920630D422000199F9
:1066E00043320098089EB047431C25D006232068FB
:1066F0002A68E16803400025042B03D18D1AEB437F
:10670000DB171D40A3682269934201DD9B1AED1837
:106710000027BD4220D1002010E00137E3682A683D
:106720009B1ABB42D2DD2200012319320199009845
:10673000089EB047431CF0D101204042FEBD3020EE
:10674000E1184331087021005A1C45310978A2181C
:10675000433202331170C1E7220001231A3201993A
:106760000098089EB047431CE6D00137D1E70000EF
:10677000F0B589B004920A00433205930390029267
:106780000A7E0C000E9B6E2A00D186E01FD8632A79
:1067900033D008D8002A00D18CE0582A4DD02500EB
:1067A00042352A7030E0642A01D0692AF7D119688D
:1067B00025680A1D280629D508681A60002803DA0A
:1067C0002D23029A404213706B4E0A274FE0732A22
:1067D00074D008D86F2A1FD0702AE0D1202209680F
:1067E0000A43226003E0752A16D0782AD7D1220006
:1067F000782145321170614E22E025001A68423539
:10680000111D196013682B70012365E008681A6078
:106810006906D3D500B2D1E719682568081D18604C
:1068200008682E0605D5544E08276F2A1BD00A2764
:1068300019E06D06F7D580B2F5E745314E4E0A7086
:1068400018682268011D00681960150621D5D30754
:1068500002D520231A4322601027002803D12023C9
:1068600022689A4322602300002243331A7063682F
:10687000A360002B58DB042221689143216000288B
:1068800054D1029D002B5AD02500337842352B700D
:1068900055E05506DBD580B2D9E71A680D68101DA2
:1068A0004969186013682E0601D5196002E06D066B
:1068B000FBD519800023029D23614FE01A68111D4A
:1068C0001960156800216268280001F059FE00284F
:1068D00001D0401B6060636823610023029A13703B
:1068E0003CE023692A0004990398059DA847431CAE
:1068F0003ED023689B0715D4079BE068984239DA9D
:10690000180037E022000123193204990398059EEC
:10691000B047431C2CD00135E368079A9B1AAB4261
:10692000F0DCE9E70025F7E70028ADD0029D39004B
:10693000FBF756FB735C013D2B700028F7D1082F45
:1069400009D12368DB0706D563682269934202DC1C
:106950003023013D2B70029B5B1B2361059B07AA23
:1069600000932100049B0398FFF794FE431CB8D1C9
:106970000120404209B0F0BD69D302007AD3020081
:106980000D4B70B51C680500A36B002B0FD11820B0
:10699000FEF7C4FE094BA0630360094B012243606C
:1069A000084B83600B238381002302614361002233
:1069B000A36B1D615A6170BDAC2600200E33CDABB8
:1069C00034126DE6ECDE0500124B10B51C68A36BAB
:1069D000002B0FD11820FEF7A1FE0F4BA063036020
:1069E0000E4B012243600E4B83600B2383810023F7
:1069F00002614361A46B0B4A206961690A4BFBF792
:106A00007BFC01220023801859412061616148000C
:106A1000400810BDAC2600200E33CDAB34126DE61D
:106A2000ECDE05002D7F954C2DF4515810B5034B2D
:106A30000A000100186802F097F810BDAC2600208B
:106A4000002370B5064C05000800236002F03CFEF0
:106A5000431C03D12368002B00D02B6070BDC046BF
:106A6000BC57002070B504000D001F2904D916235F
:106A700003600120404270BD436C002B04D08A00AB
:106A80009B181A68002A08D1200000F031F82A006B
:106A90000100200000F01AF8EDE70020012AEAD0FA
:106AA000511C03D1162301302360E4E700242800A1
:106AB0001C6090472000DEE710B5034B010018680A
:106AC000FFF7D0FF10BDC046AC260020002370B5F4
:106AD000064C050008001100236002F0DDFD431C98
:106AE00003D12368002B00D02B6070BDBC57002061
:106AF00010B502F0C1FD10BD0CB430B5164B9DB001
:106B00000C1E1D6808DA8B2301202B6040421DB04B
:106B100030BC08BC02B01847822302A99B008B81BD
:106B20000023029008619C4200D0631E8B604B6181
:106B300001235B42CB81209A21AB2800019302F014
:106B40009BF8431C01DA8B232B60002CDFD0002341
:106B5000029A1370DBE7C046AC2600200EB400B5E5
:106B60000B499CB01DAB0290069007910491094817
:106B7000094904CB0591006802A9019302F07CF851
:106B80000023029A13701CB008BC03B01847C0461B
:106B9000FFFFFF7FAC2600200802FFFF0EB4812319
:106BA00070B59DB002AC21AD9B0040CDA381029099
:106BB000069000F099F80B4B6060636200236061FF
:106BC00009486363A364013BE38132002B00210089
:106BD0000068019502F0AAF91DB070BC08BC03B0B2
:106BE0001847C046156C0200AC26002070B50C009A
:106BF0000E25495F02F080FC002803DB636D1B1843
:106C0000636570BDA389024A1340A381F9E7C046BA
:106C1000FFEFFFFF00207047F8B51F008B890500CC
:106C20000C001600DB0505D50E23C95E00220223E9
:106C300001F026FCA389054A28001340A3813200F5
:106C40000E23E15E3B0000F0AFFCF8BDFFEFFFFF5D
:106C500070B50C000E25495F01F012FCA389421C9F
:106C600003D1054A1340A38170BD80225201134312
:106C7000A3816065F8E7C046FFEFFFFF10B50E2364
:106C8000C95E00F01BFD10BDF8B507000E003C7892
:106C9000FEF736FD0322001943781340012B00D183
:106CA00020343578FEF72CFD032240194378134039
:106CB000012B00D12035601B03D101370136002D97
:106CC000E5D1F8BD02780B78002A03D001300131FC
:106CD0009A42F7D0D01A704703000A7801311A702F
:106CE0000133002AF9D170470023C25C0133002A26
:106CF000FBD1581E7047002330B59A420AD0013AA2
:106D0000C45CCD5CAC4204D1934202D00133002C70
:106D1000F6D1631B180030BD10B50378002B0FD1DE
:106D20000B785A4253415B42184010BD0023CA5CA5
:106D3000002AFAD0C45C944201D10133F7E7013054
:106D40000378002BF2D11800EFE70000F0B51F0028
:106D50000E0087B00590019102920C983478FEF7EE
:106D6000CBFC082200194378751C134036D12D2C1A
:106D700036D1B51C74780126002F62D0102F09D1AE
:106D8000302C07D120222B789343582B54D1102735
:106D90006C7802352D4B3900F31818000393FBF77C
:106DA0001FF9049101210023494202008C4618007A
:106DB0002100303909291AD80C00A74223DD591CBB
:106DC00009D06346824206D302D10499A14202DB74
:106DD0000123784320182C780135E9E72E00BCE721
:106DE0002B2C01D01E00C7E7B51C7478FAE72100F0
:106DF0004139192901D8373CDFE7210061391929C8
:106E000001D8573CD9E75A1C08D1059A233313609F
:106E1000029B0398002B09D107B0F0BD002E00D0D3
:106E20004042029A002AF7D0002B01D06B1E01933A
:106E3000029B019A1A60EFE73024002FAAD108279D
:106E4000A8E7302C9ED00A27A4E7C046FFFFFF7FAB
:106E500013B5054C2468246A002C00D1034C00941F
:106E6000FFF774FF16BDC046AC2600201027002097
:106E700037B51300064A05001068046A002C00D1DB
:106E8000044C0A0000942900FFF760FF3EBDC04695
:106E9000AC26002010270020F0B51F000E0085B0A2
:106EA0000390019102920A983478FEF725FC08229B
:106EB00000194378751C134038D12D2C38D17478C3
:106EC000B51C01330093002F65D0102F09D1302C51
:106ED00007D120222B789343582B57D110276C7859
:106EE0000235012039004042FAF7F4FF0600012084
:106EF00039004042FBF774F8002301228C46180049
:106F0000524221003039092917D80C00A74222DD4E
:106F1000002B1EDB1300864205D301D1A44502DB02
:106F20000123784320182C780135EAE72E00BAE7D0
:106F30002B2CC7D1B51C7478C4E72100413919291D
:106F400001D8373CE2E721006139192903D8573CC1
:106F5000DCE71300E7E7002B09DA22230120039A7C
:106F600040421360029B002B0AD105B0F0BD009A8D
:106F7000002A00D04042029A002AF6D0002B01D00D
:106F80006B1E0193029B019A1A60EEE73024002FDA
:106F9000A7D10827A5E7302C9BD00A27A1E700003E
:106FA00013B5054C2468246A002C00D1034C0094CE
:106FB000FFF772FF16BDC046AC2600201027002048
:106FC00037B51300064A05001068046A002C00D18A
:106FD000044C0A0000942900FFF75EFF3EBDC04646
:106FE000AC2600201027002010B50400FEF788FB17
:106FF0000322001943781340012B00D120342000D4
:1070000010BD0000F0B589B0040001F029FA4E4B24
:10701000060000209C425FDD6E2564214B4BFF354E
:10702000E01845434A4B7460E0184A4B80102D1815
:107030004942E018FAF7D8FFC821474B2D184900FC
:10704000E018FAF7D1FF64212B1820000093FBF71A
:10705000B1F80191C82120004900FBF7ABF80A0004
:1070600053425A41330058330793032335001C40E1
:1070700002910492083505942B78EF684A2B2DD1A4
:10708000009BDC19059B002B02D1019B002B03D137
:107090000021029B8B4203D101213B2F00DC002108
:1070A0006418013C2D492B694C43E4182B6AE41801
:1070B000AC61079BE417EC612835AB42DCD1F16C85
:1070C000726A0123914205DC03D1B26C316A8A42B3
:1070D00000D800230120336009B0F0BD442B02D159
:1070E000009BDC19DEE7059B049A002B03D1019B72
:1070F000002B00D00122302353430693184B00216C
:107100009C466868009C069A01318B009B18624679
:10711000043BD3580393884210DC201D0721FBF762
:1071200049F8791A00D50731AB685A1E0723534333
:107130005918039B994204DA6418B3E7039BE418D7
:10714000E1E70739F5E7C046B10700004EF8FFFF59
:107150004FF8FFFF93F8FFFFBFF9FFFF80510100D9
:10716000D8D402007047704710B5024B186800F081
:1071700003F810BDAC260020F0B58DB0070001F07B
:107180006FF9AF490600380001F064F9AD4D041EF7
:107190000DD1AD4BAD4A1860AD4B1860AD4B2868B2
:1071A0001A605A60FEF7C4FA2C600DB0F0BD296871
:1071B000002959D12868FEF7BBFA2000FFF794FD9B
:1071C000411C3800FEF7E2FD2860002851D12378E9
:1071D000A1493A3B5A425341E418A04A0AAB200065
:1071E000FFF7DCFC0028E0DD0A9BE41823782D2B58
:1071F00043D12E3B01340493162702ABFF18002322
:1072000008AD3B802B800AAB039302950193009756
:1072100007AA93492000FFF7C1FC0028C5DD3C23E5
:107220003A88904F53432A888A4D9B1802AA918A24
:10723000E12212014A439B18049A87495A43874B1B
:10724000B2622B600A9B3A00E41820000AABFFF7F9
:10725000A5FC002818DC2B68B26A6B607A4B1A60B8
:1072600000227B4B1A60A0E7FFF72CFD00289CD082
:10727000A0E72100FFF730FDA9E701222B3B049294
:107280005A425341E418B7E70A9B6F60E418237829
:107290002D2B00D08DE02E3B0134049316270023C4
:1072A00002AABF1807AD13832B803B8008AA0A935C
:1072B0000AAB02920393019300972A0068492000C9
:1072C000FFF76CFC002800DD7AE0B36A664A9B1881
:1072D00033650A9B3700E4180023083704932378AA
:1072E0002C3B5A425341E41825784D2D00D078E0CC
:1072F0001E2202A95218029209AA00921A220AAB6F
:1073000052180393019359492000FFF747FC0328C3
:1073100000D04AE702AB598B4B1E0B2B00D944E738
:1073200002AB9A8B531E042B00D93EE702ABDB8BDA
:10733000062B00D939E73D707960BA60FB600A9B83
:10734000E518022307AA1380002302A908ACCB8208
:1073500023800A932B782F2B0BD1162102A8091812
:107360000AAB009103930294019341492800FFF76F
:1073700015FC02ABDA8A3C23534322889B1807AAE8
:107380001188E12212014A439B183B610A9B28376E
:10739000EC18049B012B22D17068FFF733FEB26A10
:1073A000294B1A60336D9B1A5A1E9341284A136069
:1073B000FBE601222B3B04925A425341E4186DE74D
:1073C0003C233A882988534302AA128B9B18E12256
:1073D00012014A439B18049A5A43130078E7012389
:1073E0007CE7442305934A2D01D1013405950A22F7
:1073F0000BA92000FFF7E4FD1E2302AA0B9D9B189A
:107400001880A54216D1049B002B08D14D3333724E
:107410000323F360013B3361049B736191E7330005
:107420004D2230331A700B2373630A3BB36300237E
:10743000F36386E76B461B7D80B23B70F86080E7A4
:107440008BD30200A8570020B05700208ED3020033
:10745000AC5700207C28002092D302009B570020CC
:10746000B5D3020090570020F0F1FFFFA1D3020036
:10747000B4D3020030B514009BB005001A00002CF4
:1074800005DA8B230360012040421BB030BD82230C
:1074900068469B0083810023009104919C4200D0A8
:1074A000631E02930593012369465B42CB8128004A
:1074B0001E9B01F0E1FB431C01DA8B232B60002CA7
:1074C000E3D00023009A1370DFE7000007B50093B4
:1074D00013000A00010002480068FFF7CBFF0EBD51
:1074E000AC260020F8B505000E001400002804D0DA
:1074F0008369002B01D1FDF757FF224B9C422DD110
:107500006C68A369A360A3891B0731D52369002B8D
:107510002ED023682269F7B2981A6369F6B28342C3
:1075200005DC21002800FDF7D1FE002826D1A36844
:107530000130013BA36023685A1C22601F706369FD
:10754000834204D0A389DB071AD50A2E18D1210063
:107550002800FDF7BBFE002812D00FE00A4B9C422A
:1075600001D1AC68CDE7094B9C42CAD1EC68C8E7B1
:107570002100280000F02CF80028CAD0012676420D
:107580003000F8BD9CD20200BCD202007CD20200C6
:107590000B1E04D0FF2A04D98A2303608B3B1800FA
:1075A00070470A700123FAE770B505000800110062
:1075B0000022064C22601A0002F094F8431C03D10A
:1075C0002368002B00D02B6070BDC046BC57002044
:1075D000364B70B51D6806000C00002D05D0AB6958
:1075E000002B02D12800FDF7DFFE314B9C420FD16A
:1075F0006C680C23E25E93B219072DD4D90611D41E
:1076000009230120336037331343A381404270BD07
:10761000284B9C4201D1AC68EBE7274B9C42E8D158
:10762000EC68E6E75B0713D5616B002908D02300FF
:107630004433994202D03000FEF75EFB00236363BF
:107640002422A3899343A3810023636023692360D9
:107650000823A2891343A3812369002B0BD1A02106
:107660008022A389890092000B40934203D021001D
:10767000300000F041FF0123A289134011D0002304
:10768000A36063695B42A361002023698342BED18A
:107690000C23E25E1306BAD540231343A3810138BD
:1076A000B5E7920700D46369A360EDE7AC2600203C
:1076B0009CD20200BCD202007CD20200002370B532
:1076C000064C05000800236001F0C6FF431C03D1EF
:1076D0002368002B00D02B6070BDC046BC57002033
:1076E00070B50E000400110030001500FAF762FDBD
:1076F000002E07DB002901DA0130491B20606160A0
:10770000200070BD0029F9DD01384919F6E7F0B510
:1077100003690C6989B0070005910026A34265DB67
:107720000B00013C1433A50003935B190493030081
:10773000143302935D19049B28681B68591C01933C
:10774000FAF7C8FB0190B04229D0039B02989C46EF
:107750000696624608CA9446019A99B251431B0C98
:10776000534389190A0C9B1807931E0C036889B2AE
:107770009AB2069BD2180368521A190C6B469B8B5F
:10778000CB1A11145B18191492B21B041A43049BF0
:10779000069104C06345DCD22B68002B2DD00599DF
:1077A000380001F00FF900281FDB0025019B02982B
:1077B000013303990193026808C992B255199AB22C
:1077C000AA1A05681B0C2D0CEB1A15145B191D1455
:1077D00092B21B04134308C0049B8B42EBD2029A63
:1077E000A300D3181A68002A11D0019E300009B0F6
:1077F000F0BD2B68002B04D1013C029B043DAB4241
:10780000F7D33C61CBE71A68002A04D1013C029A05
:10781000043B9A42F7D33C61E7E70000F0B516005D
:107820001F00446A9BB00290239D06960797002C88
:1078300008D11020FDF772FF029B586244608460FB
:107840000460C460029B5B6A196800290BD05A6807
:10785000012393404A608B60029800F0D6FE00221C
:10786000029B5B6A1A60002F20DA01232B607B00E9
:107870005B080793079CB24B220017931A409A4269
:1078800017D1B04B229A1360069B002B03D124031F
:1078900001D100F087FDAC4B249A0893002A02D056
:1078A000AA4B249A136008981BB0F0BD00232B60EC
:1078B000E0E7069E079F0022002330003900FAF718
:1078C0008FFC051E0BD00123229A1360A04B249A33
:1078D0000893002AE7D09F4A24990A60E3E718AB8F
:1078E000019319AB009332003B00029801F0E8F8D5
:1078F000630003905B0D74D03A03974C120B144352
:107900002100964A300016959E180022944BFCF7F1
:1079100035FE944A944BFCF7BFFB944A944BFBF71B
:1079200095FC040030000D00FDF7C2F9914A924B1E
:10793000FCF7B2FB02000B0020002900FBF786FCDD
:1079400004000D00FDF77EF900220700002320004F
:107950002900FAF74BFC002809D03800FDF7A8F9F8
:107960002B002200FAF73CFC434258413F1A012306
:107970001493162F0DD88149FB00C918086849686F
:10798000069A079BFAF746FC002846D00023013FE1
:107990001493189B9E1B00230A933300013B0B9307
:1079A00004D501239B1B0A9300230B93002F36DB86
:1079B0000B9B1197DB190B9300230493209B01244D
:1079C000092B00D984E0052B02DD0024043B209321
:1079D000209B981E032800D984E0FAF75DFA75779A
:1079E000286A189B199A9E18654BF218202A0FDDF9
:1079F00040239B1A9C40634B0698F318D8402043C1
:107A0000FDF790F90123604C013E091916937CE7BC
:107A1000202306989B1A9840F2E71490B9E70A9B36
:107A2000DB1B0A937B42049300231193C6E70123D7
:107A30000D93219B002B59DD0C930993029A556AF3
:107A400000226A600432100014306968984252D9EA
:107A5000029800F0A2FD029B28605B6A1B680893F5
:107A6000099B0E2B00D90AE1002C00D107E1069BEF
:107A7000079C12931394002F00DC89E00F213A0039
:107A80003E4B0A40D2009B181D685E6802233C11E1
:107A90000E93E3060BD53D4B0C401A6A5B6A1298B5
:107AA0001399FBF7EFFE0323069007910E93002333
:107AB0003AE001230D93219BFB180C9301330993AA
:107AC000002BBBDC0123B9E70023B1E70023F1E77A
:107AD00000230D942093013B00220C930993133350
:107AE0002192ABE701230D93023BF5E701230C93B1
:107AF00009931A00F4E7013169605200A3E70123FA
:107B00001C420ED00E9B214A01330E93109B28007D
:107B1000DB009B1831001A685B68FCF7BDFA0500B2
:107B20000E00109B641001331093002CE7D10698CF
:107B300007992A003300FBF7A5FE0690079142E063
:107B40000000F07F0F270000D1D40200D4D402003F
:107B5000A0C10200A1C102000000F03F01FCFFFF34
:107B60000000F83F61436F63A787D23FB3C8608BC3
:107B7000288AC63FFB799F501344D33F60D502004B
:107B80003204000012040000000010FE38D502008C
:107B900002230E93002F16D0129813997C420D33B6
:107BA0002340CE4ADB00D3181A685B68FCF774FAEE
:107BB000002301261D00069007912411002C00D0FF
:107BC0008CE0002BB9D1149B002B00D196E0069CD1
:107BD000079D0022C24B20002900FAF707FB00286E
:107BE00000D18BE0099B002B00D187E00C9B002B80
:107BF00041DDBC4B002220002900FCF74DFA0E9B12
:107C00000690079101330E930C9B7E1E0E981093E5
:107C1000FDF74EF8069A079BFCF73EFA0022B24B9E
:107C2000FBF714FBB14A0E900F910E9C0F9D9446EA
:107C30000F9B634415931D00109B002B61D1069888
:107C400007990022AA4BFCF799FC2200159B06908D
:107C50000791FAF7DFFA002800D0A8E2A5480F99AB
:107C6000844661440B00069807992200FAF7BEFA91
:107C7000002800D095E2129B139C06930794199B51
:107C8000002B00DA5CE10E2F00DD59E1934BFA0086
:107C90009B185C681B6804930594219B002B00DBF8
:107CA000D8E0099B002B00DDD4E000D07DE20498F1
:107CB000059900228E4BFCF7EFF9069A079BFAF71D
:107CC000B3FA099B04931E00002800D04FE2089BE2
:107CD000089A5D1C3123013713704BE234420AD0FD
:107CE0000E9B854A01330E93EB009B181A685B6864
:107CF000FCF7D2F93300641001355FE73E00099BC1
:107D000084E7109B0D995A1E744BD2009B181A6879
:107D10005B68002949D000207849FBF7B3FD2B00B0
:107D20002200FCF72BFC089B0E900F9115930698F0
:107D30000799FCF787FF0400FCF7BAFF02000B006D
:107D400006980799FCF71AFC159B30345D1C1C70D3
:107D50000E9A0F9B06900791FAF748FA00286CD10B
:107D6000069A079B00205E49FCF708FC0E9A0F9BC1
:107D7000FAF73CFA002800D0C3E0089B109AEB1AEF
:107D80009A4200DC77E70E980F990022554BFCF7DA
:107D900083F900220E900F9106980799514BFCF73A
:107DA0007BF9159506900791C1E720002900FCF7A3
:107DB00073F9089C109A230094460E900F91634427
:107DC000159306980799FCF73DFF0500FCF770FF37
:107DD0000B00020006980799FCF7D0FB3035159B85
:107DE0002570013406900791A3422AD10E980F996D
:107DF000089A109B9446634400221D003F4BFBF7FA
:107E000025FA02000B0006980799FAF703FA0028F2
:107E100000D076E00E9A0F9B00203849FCF7AEFBAD
:107E200002000B0006980799FAF7E0F9002800D144
:107E300021E76B1E1A78302A01D037003FE01D0081
:107E4000F7E7069807990022264BFCF725F90690DC
:107E50000791B6E7089E049A059B06980799FBF7D9
:107E600011FDFCF7EFFE0400FCF722FF049A059BCE
:107E7000FCF712F902000B0006980799FCF77EFB4D
:107E8000230030333370099A089B751CEB1A9A4211
:107E900048D102000B00FBF7D9F9049A059B069024
:107EA0000791FAF7B7F900282AD1049A059B06989A
:107EB0000799FAF795F9002801D0E30720D4039930
:107EC000029800F0A2FB00232B70229B01371F6059
:107ED000249B002B00D1E6E41D60E4E460D50200A1
:107EE0000000F03F0000244000001C400000C0FCE7
:107EF000000014400000C07C38D502000000E03FC4
:107F00003E006B1E1A78392A06D1089A9A4207D188
:107F100030231370130001361A7801321A708CE77F
:107F20001D00EEE70022A44BFCF7B6F80022002368
:107F3000069007912E00FAF753F900288BD0BEE780
:107F40000D9A002A00D1DAE0209A012A00DDBDE076
:107F5000169A002A00D1B5E0984A9B18049D0A9C05
:107F60000A9A0121D2180A920B9A0298D3180B93FD
:107F700000F0EBFB0600002C0EDD0B9B002B0BDD55
:107F80000B9A2300944200DD13000A9AE41AD21AD5
:107F90000A920B9AD31A0B93049B002B1FD00D9BB4
:107FA000002B00D1AFE0002D11D031002A00029843
:107FB00000F064FC039A01000600029800F0CEFB7A
:107FC00003991090029800F020FB109B0393049BF0
:107FD0005A1B04D00399029800F050FC0390012131
:107FE000029800F0B2FB119B0490002B00D1E3E15A
:107FF0001A000100029800F041FC209B0490012B24
:1080000000DD82E00025069BAB420ED1079B1B03DF
:10801000AB420AD1179B079A134206D00A9B01353F
:1080200001330A930B9B01330B93119B0120002B0F
:108030006CD10B9B18181F2318407ED001331B1ADC
:10804000042B70DD1C23181A0A9B24181B180A9392
:108050000B9B1B180B930A9B002B05DD1A00039941
:10806000029800F05DFC03900B9B002B05DD1A00CD
:108070000499029800F054FC0490149B002B5ED0ED
:108080000499039800F09EFC002858DA00230A2285
:108090000399029800F0D2FA0D9B013F0390002B48
:1080A00000D190E1002331000A22029800F0C6FAC4
:1080B0000C9B0600002B00DD88E0209B022B00DCDF
:1080C00084E044E03623189A9B1A47E7099B5D1E1B
:1080D000049BAB4208DB5D1B099B002B0CDA0A9B5F
:1080E000099A9C1A00233BE7049B0495EA1A119B0A
:1080F00000259B181193EFE70A9C099B30E7049D2C
:108100000A9C0D9E37E7049A64E70025049B049AB5
:108110001B69109303339B00D318586800F0CCFA06
:108120002023181A85E7042B95D00A9A1C33D218FD
:108130000A920B9AE418D3188CE70300F5E7099B21
:10814000002B3DDC209B022B3ADD099B0C930C9B02
:10815000002B0CD104990522029800F06FFA0490CC
:108160000100039800F02EFC002800DDAFE5219B04
:10817000089DDF43002309930499029800F045FA13
:10818000002E00D19BE6099B002B05D0B34203D003
:108190001900029800F039FA3100029800F035FA1F
:1081A0008DE6109B04931E00E1E70023FAE7109B85
:1081B000370004931E008AE50000244033040000C9
:1081C0000D9B002B00D1B2E0099B0C93002C05DD28
:1081D00031002200029800F0A3FB06003000002DC1
:1081E00011D07168029800F0D8F9310004003369A9
:1081F0000C319A1C92000C30FDF7C5FA01222100C7
:10820000029800F08DFB09960600089B0A930499DA
:108210000398FFF77CFA09990D900400039800F089
:10822000D1FB320010900499029800F0E5FB012385
:108230000B93C36830340500002B04D10100039870
:1082400000F0C0FB0B902900029800F0DEF90B9BB8
:10825000209A13430ED1069A013313420AD1392CC6
:1082600026D0109B002B01DD0D9C31340A9B5D1C38
:108270001C7081E7109B002B07DB1D00209B1D431A
:1082800022D10123069A13421ED10B9B002BEDDD58
:1082900003990122029800F043FB0499039000F037
:1082A00091FB002802DCE1D1E307DFD5392CDBD1DB
:1082B0000A9B0A9A5D1C392313706B1E1A78392A9F
:1082C00067D001321A7057E70A9B5D1C0B9B002B8D
:1082D00004DD392CECD001340A9BC9E70A9B0C9AC7
:1082E0001C70089BEB1A93423ED000230A2203998C
:1082F000029800F0A3F9099B0390B34209D100232F
:108300000A220999029800F099F9099006000A9545
:108310007DE7099900230A22029800F08FF90023D3
:1083200009900A223100029800F088F9EEE7099BD3
:108330000C93089B069304990398FFF7E8F9069BB2
:1083400030305D1C18700C9A089B0400EB1A9A429E
:1083500008DD00230A220399029800F06FF90695C0
:108360000390E8E70023099303990122029800F0A3
:10837000D7FA0499039000F025FB00289DDC01D179
:10838000E3079AD46B1E1A78302A00D0F4E61D0059
:10839000F8E7089A9A4203D1312301371370EBE6CC
:1083A0001D008AE70B4B249A08930B4B002A01D03F
:1083B000FFF777FAFFF777FA209B012B00DC21E625
:1083C000119D012035E60C9B002BB2DC209B022B7B
:1083D000AFDDBCE6C8D40200D0D40200F0B50E0078
:1083E00085B00700039201F009F9194C33002568A4
:1083F000002D06D1380001F002F9002005B0F0BDD3
:1084000001331A78002A1FD03D2AF9D1F2E704354A
:1084100028680028EED0019A3100FEF76CFC002895
:10842000F5D1019A2B689446634402931B783D2B47
:10843000EDD123683800ED1A039BAD101D6001F0EB
:10844000DEF802980130D9E79B1B0193E0E7C046B4
:10845000E028002007B501AAFFF7C0FF0EBD00000D
:108460000048704788280020034B1B68186A0028C2
:1084700000D10248F0307047AC26002010270020C1
:1084800070B50500080011000022064C22601A0099
:1084900001F00AF9431C03D12368002B00D02B60A4
:1084A00070BDC046BC57002070B50E001D000E23E5
:1084B000C95E96B01400002907DA00232B60B38947
:1084C0001B0611D48023DB000FE06A4601F098F808
:1084D0000028F2DBF022019B12021340054A9B1890
:1084E0005A4253412B60EDE740230020236016B031
:1084F00070BDC04600E0FFFFF7B502268B8905007E
:108500000C00334206D0230047332360236101234C
:108510006361F7BD01AB6A46FFF7C6FF009907002C
:108520002800FDF733FC002808D10C22A35E9A0531
:10853000EFD4032293431E43A681E4E70F4BAB62C3
:108540008023A28920601343A381009B2061636183
:10855000019B002B0DD00E23E15E280001F062F894
:10856000002806D00322A38993431A000123134352
:10857000A381A0893843A081CBE7C0466D53020098
:10858000C9B28218904201D10020704703788B4213
:10859000FBD00130F6E77047704770B5466A0400BB
:1085A0000D00002E07D11020FDF7B8F8606246607C
:1085B00086600660C660666AF368002B13D0636A43
:1085C000AA00DB689B181868002818D101210E004A
:1085D000AE40721D92002000FDF780FB00280CD0F9
:1085E000456086600DE0212204212000FDF776FB26
:1085F000636AF060DB68002BE1D1002070BD026887
:108600001A6000230361C360F8E770B5446A06008E
:108610000D00002C07D11020FDF780F87062446037
:1086200084600460C460002D07D0736A6A68DB68E8
:1086300092009B181A682A601D6070BDF7B51E0075
:1086400014239C4607000C0000200D698C446346EF
:108650001B68013099B263461B6851431B0C53439E
:1086600089190E0C9B1989B21E0C1B045B186146FC
:1086700008C18C468542EADC002E1BD0A368AB42C1
:1086800012DC63683800591CFFF787FF210023695B
:1086900001909A1C92000C310C30FDF774F8210007
:1086A0003800FFF7B2FF019C2B1D9B00E31801353A
:1086B0005E6025612000FEBD0300020C00208242A6
:1086C00001D11B0410301A0E01D108301B021A0F01
:1086D00001D104301B019A0F01D102309B00002B05
:1086E00003DB01305B0000D42020704707220368C1
:1086F00010B501001A400DD001240020234205D1FD
:108700000230034203D0E34020000B6010BD9B0801
:108710000B60FBE79CB21000002C01D110201B0C59
:10872000DAB2002A01D108301B0A1A0701D104303D
:108730001B099A0701D102309B08DA07E8D45B08CD
:1087400001D00130E4E72020E0E710B50C00012162
:10875000FFF723FF01234461036110BDF0B50B69EE
:108760001400126989B00D00934201DA25000C0053
:108770002F6926696968BB190293AB68BA199342DD
:1087800000DA0131FFF709FF0200BB1914329B0028
:10879000D3189C4600211300049063451DD3143563
:1087A000BF00EB191434B6000593A3190395019487
:1087B0000793079B0199994211D3029B002B06DD79
:1087C00004235B429C4463461B68002B51D0049BEE
:1087D000029A18001A6109B0F0BD02C3DDE7019BDF
:1087E0001B6898B200281CD015000026039F02CFFA
:1087F0002C688BB24343090C4143A4B21B199B194B
:108800000E0029680695090C71181E0C89190E0CAA
:108810009BB209040B4308C5059BBB42E7D8069BE6
:108820005E60019B1B681D0C1ED0100000271368A2
:10883000039E3168046889B26943240C0919C91977
:108840000F049BB23B43036080CE43683F0C6F43F1
:108850009BB2FB18090C5B18059906901F0C04309D
:10886000B142E6D806994B60019B04320433019370
:108870009FE7029B013B02939FE700000323F7B5AC
:10888000134005000E001400002B08D02249013BC4
:108890009A00525800233100FFF7D0FE0600A310C3
:1088A000019336D06C6A002C07D11020FCF736FFFC
:1088B0006862446084600460C4606F6ABC68002CB5
:1088C00007D116492800FFF740FF00230400B860D5
:1088D00003600122019B13420AD0310022002800CC
:1088E000FFF73CFF070031002800FFF78EFE3E0037
:1088F000019B5B1001930CD02068002807D1220057
:1089000021002800FFF72AFF0023206003600400F5
:10891000DFE73000FEBDC04628D60200710200002D
:10892000F0B50D0017002B69541185B0E3180193C1
:10893000013300934968AB680290009A934235DB9B
:108940000298FFF72AFE00230200060019001432E5
:10895000A3422EDBE343DB171C402B00A4001419B9
:108960002A69143392009A1894461F22174024D083
:108970000132D21B0392002219682000B9400A4339
:1089800004C404CB0399CA409C45F5D84260002A30
:1089900002D0019B02330093009B0298013B33619C
:1089A0002900FFF732FE300005B0F0BD01315B0059
:1089B000C3E7980011500133CAE704CB04C49C45B7
:1089C000FBD8E9E70A69036930B59B1A0DD192001B
:1089D0001430143184188918043C043925680A6855
:1089E000954204D00123954204D3180030BDA04223
:1089F000F2D3FAE75B42F8E7F0B50D0085B0070067
:108A0000110028001400FFF7DDFF061E08D1010049
:108A10003800FFF7C2FD01234661036105B0F0BDD8
:108A200001230193002804DB23002C001D000023F8
:108A3000019361683800FFF7B0FD2F000022019B11
:108A40002669C3601434B300E31802932B6914370A
:108A50009B00FB18039303009446143320CC04CFEF
:108A60000192AAB294446A46614692882D0C8A1AF1
:108A70000199090C691A151449190D1492B20904C7
:108A80000A431A60039AAC460433BA42E6D8029904
:108A90001A008C4205D3043A1368002B0ED00661ED
:108AA000BCE704CC91B261440D14120C5219151498
:108AB00089B212040A43AC4604C3E8E7013EEAE780
:108AC000F7B51D0001211400089FFFF766FD2B0379
:108AD0006D0006001B0B6D0D24D10193002C27D0D7
:108AE00068460094FFF702FE009C00281ED0019B00
:108AF00020211A00091A8A40C3402243726101935F
:108B0000019CB461631E9C4101343461002D18D076
:108B1000124BED1835232D183D60181A099B18606B
:108B20003000FEBD802252031343D6E77461E7E7AD
:108B300001A8FFF7DBFD0124019B34617361203044
:108B4000E4E7074BC018074B3860E3189B00F318A5
:108B50005869FFF7B1FD6401201ADFE7CDFBFFFF85
:108B6000CEFBFFFFFFFFFF3FF8B507000D0016002B
:108B7000002905D11100FDF709F904002000F8BD16
:108B8000002A03D1FDF7B8F83400F7E700F05CFDE8
:108B90002C00B042F2D231003800FDF7F7F8041E85
:108BA000ECD029003200FCF7EEFD29003800FDF77B
:108BB000A3F8E3E7F0B58E6885B007000C000392D8
:108BC00001939E423CD890238A89DB001A4234D01C
:108BD0000325096923685B1A0293636902985D4360
:108BE000EB0F5D19019B6D1001331B18AB4200D9CF
:108BF0001D00530532D529003800FDF7C7F8061EC1
:108C000009D10C233B6040230120A2894042134339
:108C1000A38105B0F0BD029A2169FCF7B4FDA389D8
:108C2000144A1A4080231343A381029B2661F6183D
:108C300026606561019EED1AA560019B9E4200D9E8
:108C4000019E320003992068FCF7A6FDA36800206E
:108C50009B1BA36023689E192660DAE72A00380070
:108C6000FFF782FF061EE0D121693800FDF744F8C6
:108C7000C7E7C0467FFBFFFFF0B59FB002900593AA
:108C80008B890F0016001B0611D50B69002B0ED126
:108C90004021FDF77BF838603861002805D10C23AE
:108CA000029A013813601FB0F0BD40237B6100239E
:108CB00006AC6361203363761033A37635002B78DE
:108CC000002B01D0252B46D1AB1B04930CD03200D6
:108CD00039000298FFF76EFF431C00D1AEE06269D5
:108CE000049B9446634463612B78002B00D1A5E07C
:108CF000012200235242626002A9543252186E1CB3
:108D00002360E360A3601370A365317805225448A3
:108D1000FFF736FC751C00281FD12268D30604D546
:108D2000532302A95B1820211970130704D553237C
:108D300002A95B182B21197033782A2B16D0350025
:108D400000210A20E3682A786E1C303A092A4ED99D
:108D5000002918D010E00135B1E7414B2268C01A54
:108D600001238340134323602E00CEE7059B191D8A
:108D70001B680591002B01DB099304E05B42E36073
:108D80000223134323602B782E2B0AD16B782A2BD6
:108D900035D1059B02351A1D1B680592002B2BDB74
:108DA0000793304E297803223000FFF7E9FB0028B3
:108DB00006D04023801B8340226801351343236083
:108DC0002978062228486E1C2176FFF7D9FB002857
:108DD0003CD0264B002B25D10722059B073393431C
:108DE000083305936369039A9B18636166E74343FD
:108DF00001219B183500A6E701235B42D0E7002341
:108E00000A201A000135636029786E1C303909295F
:108E100003D9002BC5D00792C3E742430123521860
:108E20003500F1E705AB00933A00114B21000298A1
:108E3000FDF7E4F90390039B0133D3D1BB890B9871
:108E40005B0600D42FE7012040422CE705AB0093DE
:108E50003A00074B21000298FDF78AFCEAE7C0467A
:108E600048D302004ED3020052D30200FD6102003B
:108E7000B58B020070B514004B1C03D101256D4267
:108E8000280070BD938920229343626BA381CEB2E8
:108E9000CDB26368002A10D0A26B9A4207DD236826
:108EA000013B23601E70636801336360E8E72100C3
:108EB00000F066FB0028F2D0E0E721692268002973
:108EC00007D0914205D2511E0878A84201D12160F5
:108ED000EAE723642300443363630323A36323008B
:108EE0004633E2631E7023600123DEE710B50C00F9
:108EF000496B00290ED023004433994201D0FCF77E
:108F0000FBFE0020236C60636360834202D0E36B4E
:108F1000236010BD2369012023600023A2896360C0
:108F200020331343A3814042F3E70000F0B5B94C6E
:108F3000C025A544059300230C004A934B9386213A
:108F400007AB4C93BE230190170004A8B24A490016
:108F500040185B00C250B14A6D0042513B78002B73
:108F600000D154E1FCF7CCFB08223B787E1CC018F2
:108F700002934378134023D06368002B14DDFCF781
:108F8000BFFB082123681A78801842780A4201D171
:108F90003700E3E74B9A0133029201324B92626849
:108FA0002360013A6260E7E7862204AB52009B1817
:108FB0005B5921000198029398470028DFD0E7E72A
:108FC000029A252A6DD1499347937B782A2B02D1A7
:108FD0001A3B4793BE1C37000A2239787B1C039347
:108FE0000B00303B092B24D98D4E03223000FFF7B4
:108FF000C7FA002807D00123801B8340479A039FAC
:109000001343049247933B787E1C672B35D8652B1E
:1090100000D3BBE0472B14D8452B00D3B6E0002B80
:1090200000D1F1E0252B3CD003234D930733489327
:1090300069E0499B039F04935343303B591849917E
:10904000CBE75B2B00D17DE010D8582BECD1479AB1
:1090500002928022029992000A434792102248927B
:109060006E229A429B415B4203334BE0632B00D15B
:1090700075E0642BD8D10A22F1E7702B38D008D8DC
:109080006E2B00D173E03AD8692BCDD100234893E1
:10909000EAE7752BEFD0782BD9D0732BC4D10223FC
:1090A00030E06368002B0FDD236802991A788A424A
:1090B00000D0ACE00133626823604B9B013A02931D
:1090C000013362604B9363E7862204AB52009B1826
:1090D0005B5921000198039398470028E4D04A98EF
:1090E000002800D08CE00138A9239B009D44F0BDEE
:1090F000479A0292202202990A434792A7E708233F
:109100004893043B4D936368002B41DD479B0293DA
:109110005B0608D4FCF7F4FA082123681A78801853
:1091200042780A4240D14D9B022B55DC05AB220010
:1091300047A9019800F078F8012868D0022800D0EB
:1091400026E7CCE7310007A800F0EAF9479B0600C4
:1091500002934023029A134347930123D2E7479B8C
:1091600002934023029A134347930023CAE7479888
:10917000C30600D50CE7059B4B9A191D05911B688A
:10918000C70701D51A8003E71A6001E70523B9E78D
:10919000862204AB52009B185B5921000198029370
:1091A00098470028B2D09AE74B9A029201324B922C
:1091B0006268013A6260002A02DD01332360A9E798
:1091C000862204AB52009B185B5921000198029340
:1091D000984700289ED082E7042B06DC05AB2200CE
:1091E00047A9019800F086F8A6E70E4B002B00D1A6
:1091F000CEE605AB220047A9019800E000BF9BE73F
:10920000A3895B0600D46FE7012040426CE74A98CF
:109210006AE7C0465CFDFFFF758E0200ED8E02001E
:109220004ED3020000000000F7B515008A680190D7
:109230000C00002A04D18A69002A17D10132A260E9
:109240002268D20603D41A68111D19601768002617
:10925000A369002B1FD0012B0BD12B6862691B78EF
:10926000D35C002B17D1002E33D109E001225242EA
:10927000E5E7022B06D0002E2BD1A369012B28D1C4
:109280000120FEBDFCF73CFA08222B681B78C018B1
:1092900043781342EFD1102223680136134203D1E1
:1092A0002B681B783B7001372A686B6801322A6093
:1092B000A268013B013A6B60A260002A09D0002B32
:1092C000C6DCC0235B00E3582900019898470028BA
:1092D000BED010232268134006D1E2680132E2605A
:1092E000A269002A00D03B70236900209E192661E4
:1092F000C7E70000F0B50C008BB00293784B0490E8
:10930000160007AA23CB23C2764B0593A369032B30
:1093100001D1754B0593AE220020A3685200591E5F
:109320000390914205D95E3BFF3B03935E23FF33DD
:10933000A36023001C330193D023002722681B0164
:1093400013432360019B0093336807A81978BB007F
:1093500002221858FFF714F900282BD0012F62D1F0
:109360006368002B06D1083322686360F933FF334A
:10937000134323605D4B226813402360A3685A1E89
:10938000A260002B16D033685A1C32601B78009AFA
:1093900013707368551C013B7360002B09DCC023FC
:1093A0005B00E3583100049800939847002800D0F0
:1093B00080E000950137032FC6D16368002B01D1EF
:1093C0000A3363601021002763686069C91A484B3B
:1093D000C91800F0A5F8009DA36822680093002B2F
:1093E00041D03168636908781B5C002B3BD0302882
:1093F00029D180231B011A4225D0039B0137002B62
:1094000005D01A00009B013A01330392A3607368F0
:10941000013B7360002B1DDD336801333360A368AB
:10942000013BA360D8E7022FA8D1C0218023226886
:10943000C90011409B009942BFD1F13BFF3B6360E3
:10944000F033134399E72B4B134023600B782B70B9
:109450000135DCE7C0235B00E3583100049800933A
:1094600098470028DBD02368DB050ED5019B9D4281
:1094700007D9BE23013D5B002978E35832000498E8
:109480009847019B01209D4227D0102223681A4053
:109490001CD12A70636801990498059EB047029B0D
:1094A00021681B688A0607D51A1D02990A601B6885
:1094B000186008E00027D6E71A1DCE07F5D50299F7
:1094C0000A601B681880E3680133E3600020019B99
:1094D000ED1A2369EF19DF1927610BB0F0BDC04603
:1094E00034D60200A16F0200516E0200FFFAFFFFA6
:1094F00040D60200FFF6FFFF70B50500080011001E
:109500000022064C22601A0000F0D6F8431C03D15A
:109510002368002B00D02B6070BDC046BC570020D4
:1095200070B50B7805005E2B18D04A1C002128006E
:109530006C1CFF3401700130A042FBD1501E002B87
:109540000BD001204140E9541478501C2D2C0CD034
:109550005D2C02D0002C05D1100070BD8A1C4B7808
:109560000121E4E723000200EDE756785D2EF9D0F3
:10957000B342F7DC02320133E9549E42FBDCE3E7FD
:109580000B00F7B54D6B44330C009D421CD1802677
:10959000F6003100FCF7FAFB002802D1012040421E
:1095A000FEBD23006063A66346331A78104BC25495
:1095B000230045331A780F4BC2542A780E4BC254FD
:1095C000C01820600020EBE78E6B290073001A00A2
:1095D0000193FFF7C9FA051EE0D087190100320098
:1095E0003800FCF7D0F8019B27606563A363E9E7C7
:1095F000FF030000FE030000FD03000070477047FA
:10960000002370B5064C050008001100236000F02F
:109610002BF8431C03D12368002B00D02B6070BDB6
:10962000BC570020002370B5064C050008002360DD
:1096300000F02AF8431C03D12368002B00D02B60D4
:1096400070BDC046BC5700200B1F1B68181F002BA5
:1096500001DA0B58C018704758220120014B4042D4
:109660001A607047BC57002058220120014B40422D
:109670001A607047BC57002058220120014B40421D
:109680001A607047BC5700205822024B00201A6015
:109690007047C046BC57002058220120014B404271
:1096A0001A607047BC57002058220120014B4042ED
:1096B0001A607047BC57002058220120014B4042DD
:1096C0001A607047BC570020044A1368002B00D171
:1096D000034B1818106018007047C046B857002098
:1096E000C057002058220120014B40421A607047A9
:1096F000BC570020FEE7C046F8B5C046F8BC08BC21
:109700009E467047F8B5C046F8BC08BC9E467047F8
:109710000000000000000000000000000000000049
:109720008F0502008F0502008F0502008F050200E1
:109730008F0502008F0502008F0502008F050200D1
:109740008F05020000000000000000000000000083
:10975000000000008F0502008F0502008F05020047
:109760008F0502008F0502000D610000000000005F
:1097700000000000DD670000F167000011610000DB
:109780001F6100002B610000F1640000CD64000047
:109790000D6100000000000000000000556800009E
:1097A0006968000037610000436700007F610000C6
:1097B000A5650000256500000D61000000000000A7
:1097C0000000000005680000196800001161000039
:1097D0001F6100002B610000F1640000CD640000F7
:1097E0000D6100000000000000000000000000000B
:1097F000000000008F0502008F0502008F050200A7
:109800000000000000000000B57800006F79000043
:109810009B610000AF6100007B6800000000000059
:10982000000000008F0502008F0502008F05020076
:109830008F0502008F0502008F0502008F050200D0
:10984000000000000000000081AC0000BDAC000082
:10985000DD6C00004963000099660000B163000000
:10986000E7620000BD620000936200000164000036
:10987000BF610000A5640000896400004D64000021
:1098800031640000C36100008D630000FCFFFFFF36
:1098900000000000BB6400009364000079640000D5
:1098A0003D640000C56100001F640000A16300006A
:1098B0000000000000000000397900005D79000020
:1098C000CB610000F1620000FDAB00001B630000F3
:1098D000DD6200009D6200008962000055620000A8
:1098E000C7610000AD8700008D87000045AB000018
:1098F00061AC0000D961000019AB0000FCFFFFFF64
:1099000000000000C18700009D87000055AB0000EB
:1099100071AC0000E16100007962000035AB00002D
:1099200000000000000000004B810000DD8000000E
:1099300000000000000000008F05020041620000EE
:1099400069660000FD60000019620000016100000E
:1099500005610000096100008F05020000000000A1
:10996000000000004B810000DD8000008D670000DA
:10997000A1670000256200004162000069660000E6
:10998000FD60000019620000016100000561000037
:109990001D620000B57F0000000000000000000014
:1099A0004B810000DD800000B5670000C967000042
:1099B000256200004162000069660000FD60000051
:1099C0001962000001610000056100001D620000D5
:1099D000B57F00000000000000C800648200C83CA1
:1099E0005ABE1EB4B400CD7F00E64B00F22500FE47
:1099F000000000002C0100002C0100007701000095
:109A0000D70100008D020000AC03000072060000C8
:109A1000280A0000E40C00000410000050140000AC
:109A20000500000005000000060000000600000020
:109A30000700000009000000090000000900000004
:109A40000900000009000000090000006900000092
:109A5000CC0000009101000094010000F70100001B
:109A6000BD020000C002000087030000EE030000FA
:109A7000B30400001A050000DF05000045060000E1
:109A800035653562653838372D633831362D3464A5
:109A900034662D623433312D3965623334623032AD
:109AA000663464390030303030666665312D3030D0
:109AB00030302D313030302D383030302D3030389E
:109AC0003035663962333466630030303030666674
:109AD00065312D303030302D313030302D38303050
:109AE000302D303038303566396233346661006C81
:109AF0003150726F626C656D3A20006C32006C33CD
:109B0000004C344C004C34004F6374202031203220
:109B10003032360031373A35343A3131004C342066
:109B20002020202020202020202020202020202035
:109B30002020200053657474696E672050726F6234
:109B40006C656D3A00202020536964653A20004C12
:109B5000344D6F76653A200053686F77696E6720E1
:109B60004469666600696E7465726E6574537461EB
:109B700074757300636F6C756D6E0070726F626CDC
:109B8000656D0072616E646F6D50726F626C656DB1
:109B900000726F77007361766550726F626C656DED
:109BA000003A54003A50006E756C6C206265727217
:109BB0007920706900677277004E6F2074772052A9
:109BC0006573706F6E7365004C6576656C3A200046
:109BD00020204D617820446966663A2000697465EA
:109BE000727C686F6C647C6E726F777C6E636F6C76
:109BF0007C646966667C687261747C6D6178687C7F
:109C0000696E666F00455820464F4F543A00202C2D
:109C100020007C005768697465204C69676874008F
:109C20007C20000000000000000000000000000098
:109C30000000000000000000000000000000000024
:109C40000000000000000000000000000000000014
:109C500000000000000000000000000007000000FD
:109C600000000000040000000400000025000000C7
:109C700004000000040000000000000007000000D5
:109C800000000000000000002200000010000000A2
:109C900007000000591B000004000000070000003E
:109CA00004000000591B0000070000002E00000007
:109CB0002200000000000000070000002200000059
:109CC0002C0000002F000000250000000300000011
:109CD00025000000110000000E000000220000001E
:109CE0000700000000000000060000000700000060
:109CF0002500000003000000060000008E90000018
:109D0000060000000300000025000000070000001E
:109D10000600000000000000110000000700000025
:109D200010000000070000002C00000007000000E9
:109D30000E000000070000002E00000007000000D9
:109D40002F00000000000000060000000E000000D0
:109D50006A00000006000000060000002400000069
:109D600006000000060000006A0000002C00000051
:109D700006000000000000000100000008000000D4
:109D80002C0000000300000007000000030000009A
:109D900007000000030000000E00000008000000A3
:109DA00001000000000000000700000006000000A5
:109DB0000700000004000000300000000600000062
:109DC0001200000004000000070000000600000070
:109DD000070000000000000007000000060000006F
:109DE0000E00000006000000240000002500000016
:109DF00024000000060000002C0000000600000007
:109E0000070000000000000006000000070000003E
:109E10001B000000060000000800000066000000B3
:109E200008000000060000003900000007000000E4
:109E30000600000000000000591B000006000000A2
:109E400003000000070000001B00000006000000E7
:109E500039000000070000000300000006000000B9
:109E6000591B0000000000002200000073170000D2
:109E70006800000007000000040000000700000068
:109E800004000000070000006800000073170000D5
:109E90002200000000000000060000000600000094
:109EA000060000001B000000070000006600000024
:109EB0000700000039000000060000000600000056
:109EC0000600000000000000060000001000000076
:109ED0003A0000000800000011000000040000002B
:109EE0002F000000080000001C0000002E000000F1
:109EF0000600000000000000000000000700000055
:109F0000040000000400000006000000060000003D
:109F1000060000000400000004000000070000002C
:109F20000000000000000000000000000000000031
:109F30000000000007000000040000000000000016
:109F40000400000007000000000000000000000006
:109F50000000000061726475696E6F00696F742E95
:109F600061726475696E6F2E63630025303478000A
:109F700041726475696E6F00424C454167656E744D
:109F8000436C61737320436F6E6E65637465642008
:109F90006576656E742C2063656E7472616C3A2010
:109FA000257300424C454167656E74436C61737361
:109FB00020446973636F6E6E6563746564206576B3
:109FC000656E742C2063656E7472616C3A20257323
:109FD00000424C454167656E74436C6173733A3A55
:109FE0002573205374617274696E672020426C750A
:109FF00065746F6F7468C2AE204C6F7720456E65D4
:10A00000726779206D6F64756C65206661696C6537
:10A01000642100424C454167656E74436C61737303
:10A020003A3A2573206661696C20746F20736574F9
:10A03000206C6F63616C206E616D6500424C454120
:10A0400067656E74436C6173733A3A257320666179
:10A05000696C20746F20736574206D616E75666124
:10A06000637475726572206461746100536572690E
:10A07000616C4167656E74436C6173733A3A257322
:10A08000204572726F7220726563656976696E67CA
:10A09000207061636B657400737769006875650093
:10A0A0007361740062726900626567696E0068615D
:10A0B0006E646C65496E6974005265737461727484
:10A0C00065642C204461746520436F6D70696C6514
:10A0D000643A003A46003A53003A58003A5100694F
:10A0E0006C6F6F6B75703A003A52003A560056200A
:10A0F000003A4300636C6F7564206F6E00636C6F91
:10A100007564206F6666003A44003A57003A4B0087
:10A110005265626F6F74696E672C20627965206288
:10A1200079652100476574206F6666207468652034
:10A130004C6176610048616E6473206F6E20426CE2
:10A140007565005374617274204865726500536FC1
:10A150002047656E746C6520536F20476972616695
:10A160006665005374696C6C206120426561720001
:10A17000526F6C6C207468652044696365004469A3
:10A180006365202B004F47205761726D7570004842
:10A1900065656C7320342046756E004769667420CF
:10A1A0004865656C73005765697264205374617209
:10A1B0007400446F20697420616761696E210044F6
:10A1C0006576277320436C696D62004C6F63616C28
:10A1D00020436C617373696300417269656C277316
:10A1E00020436C696D620044696365202B2B004538
:10A1F000617379203E3E2048617264657200536845
:10A200006572277320436C696D62004F47204E6F63
:10A210007420436C617373696300492068617465DD
:10A220002069742E004372696D70204C616464650E
:10A2300072004F4700496E746F2074686520427544
:10A2400073696E65737300576865656521004E6FAD
:10A2500020436F6D6D656E74004F472048617264D6
:10A26000004974277320616E2045787065726965B6
:10A270006E63652100476F6F64204A6F623F00473D
:10A280006574207468617420546F65004C65667451
:10A29000206F662050696E636800446F6E277420DB
:10A2A0004461622057616C6C004472696E6B20746B
:10A2B0006865204A6F0044616D6E204C61737420A4
:10A2C0004D6F7665004D65616E657220446963650A
:10A2D000004F472050726F6A005468616E6B732C98
:10A2E000204572696300526F626F74203420536599
:10A2F00074746572005468652050726F6A0076321B
:10A3000020696E206D792067796D00416C6C204565
:10A310006D696C6500324D6F7270686F344900541E
:10A32000656D702053746F72616765004F6E6520B4
:10A330004D6F7265204D6F766521005769746E65AB
:10A340007373205072657474790050696E6B206964
:10A3500073204C6176610050756D70206974204FD8
:10A360007574004162627920666F72204566666F7F
:10A3700072740047656E746C652047697261666629
:10A38000650042656767696E6920426561720047D2
:10A390006F6F64204C75636B004D6F7265204C7558
:10A3A000636B0048616C66204F72616E67650042A6
:10A3B0006C756520537175617265004861707079C4
:10A3C00020426972746864617900546F61747572B7
:10A3D000650048616C6620477265656E004772656E
:10A3E000656E20436972636C6500536D6F72652002
:10A3F0004C75636B0048616C662050696E6B00534E
:10A4000053205268696E6F0042726F776E205371ED
:10A41000756172650048616C662059656C6C6F7778
:10A4200000477269747479205465657468004661E8
:10A430006E7461737469632044656572005768695E
:10A44000726C79204469726C7900476F6F64204A9E
:10A450006F62204B6F616C610050696E6B204369C5
:10A4600072636C6500576F6E64657266756C204828
:10A470006970706F0045726963277320436C696D62
:10A48000620046616E74617374696320576F726B0A
:10A49000204265650059656C6C6F77204369726373
:10A4A0006C65004A6F2044656172004B65657020E1
:10A4B0006974205570204B697474656E00476F6F26
:10A4C000646572204C75636B0048616C6620526550
:10A4D00064004572696373204F7468657220436C31
:10A4E000696D6200436F756C6420576F726B004733
:10A4F0007265656E2042616E6469740048616C66C5
:10A5000020507572706C650048616C6620426C75F5
:10A51000650054686520456E647572616E63650000
:10A520005261696E626F7720506172747900000029
:10A5300000000000000000008F0502008F050200EF
:10A5400000000000000000008F05020041620000D2
:10A5500069660000FD600000F5AE000001610000CA
:10A56000056100000961000000000000000000001B
:10A57000CDB60000E1B60000BFB40000EDB40000AD
:10A58000F5B400009DB5000079B50000FDB40000F1
:10A5900001B500000000000000000000F5B600005A
:10A5A00009B7000011B500004FB5000057B5000015
:10A5B000F1B50000CDB500005FB5000063B5000047
:10A5C00000000000000000001DB7000049B70000B7
:10A5D000B5B60000A7B6000099B600005DB6000051
:10A5E00039B6000073B5000021B60000000000007D
:10A5F0000000000000000000000000008F050200C5
:10A600008F0502008F05020077B500008F0502005C
:10A6100078787878787878782D787878782D787850
:10A6200078782D787878782D787878787878787840
:10A630007878787800322E392E3000000001000042
:10A64000322E392E30000000000000007374726555
:10A65000616D20213D206E756C6C70747200433A00
:10A660005C55736572735C7368616E6E5C4F6E658A
:10A6700044726976655C446F63756D656E746F7363
:10A680005C41726475696E6F5C6C6962726172695B
:10A6900065735C41726475696E6F496F54436C6F8A
:10A6A00075645C7372635C696E7465726661636520
:10A6B000732F436C6F756450726F636573732E688C
:10A6C000000000000000000000000000A5BA00002B
:10A6D00011B9000025B900001DB90000766F69644A
:10A6E00020436C6F756450726F636573733A3A649C
:10A6F000656C69766572284D6573736167652A2993
:10A70000000000000000000000000000DBBB0000B3
:10A71000000000000000000047BB00000000000037
:10A7200000000000C1F7000057F800001DBB00004A
:10A73000D9F70000ADF80000C5F8000009F90000E5
:10A740004DFC000021FC0000F1F80000A1FB00001E
:10A75000DDFB0000DBF700005DF9000049FA0000B6
:10A76000ADFA0000E5F9000035F800004FF80000F0
:10A77000BDF90000D5F700003BF9000019F9000011
:10A7800029FC000043FC0000000000000000000065
:10A79000C1F7000057F800001DBB0000D9F700000A
:10A7A000ADF80000C5F8000009F900004DFC0000FC
:10A7B00021FC0000F1F80000A1FB0000DDFB00001F
:10A7C000DBF700005DF9000049FA0000ADFA000077
:10A7D000E5F9000035F800004FF80000BDF9000071
:10A7E000D5F700003BF9000019F9000029FC000032
:10A7F00043FC00000000000000000000C1BB00009E
:10A800002F612F742F002F652F69002F652F6F0088
:10A8100041726475696E6F496F54436C6F7564540F
:10A8200043503A3A257320636F756C64206E6F74E1
:10A830002073756273637269626520746F2025737B
:10A8400000436865636B20796F7572207468696E68
:10A850006720636F6E66696775726174696F6E2CCD
:10A8600020616E6420707265737320746865207255
:10A870006573657420627574746F6E206F6E2079D5
:10A880006F757220626F6172642E00436F6E6E6529
:10A890006374656420746F2041726475696E6F2003
:10A8A000496F5420436C6F7564005468696E67206B
:10A8B00049443A2025730041726475696E6F496F8F
:10A8C00054436C6F75645443503A3A257320636F58
:10A8D000756C64206E6F7420756E7375627363722D
:10A8E0006962652066726F6D202573004469736329
:10A8F0006F6E6E65637465642066726F6D20417261
:10A900006475696E6F20496F5420436C6F756400E5
:10A910006572726F7220656E636F64696E67202561
:10A9200064002A2A2A2A2A2041726475696E6F20DF
:10A93000496F5420436C6F7564202D202573202AA5
:10A940002A2A2A2A004465766963652049443A2008
:10A950002573004D5154542042726F6B65723A203A
:10A9600025733A256400302E352E31004E657477FC
:10A970006F726B20436F6E666967757261746F7278
:10A980003A2025730041726475696E6F496F5443B4
:10A990006C6F75645443503A3A257320636F756C3D
:10A9A00064206E6F74206765742076616C69642022
:10A9B00074696D652E205265747279696E67206EB8
:10A9C0006F772E0041726475696E6F496F54436CE6
:10A9D0006F75645443503A3A2573204D51545420B6
:10A9E000636C69656E7420636F6E6E656374696F06
:10A9F0006E206C6F73740041726475696E6F496F7D
:10AA000054436C6F75645443503A3A25732064651F
:10AA100076696365206365727469666963617465EC
:10AA20002075706461746520646F6E652E004172DC
:10AA30006475696E6F496F54436C6F75645443500D
:10AA40003A3A257320636F756C64206E6F742063CF
:10AA50006F6E6E65637420746F2025733A256420D1
:10AA60004572726F723A2025640041726475696E96
:10AA70006F496F54436C6F75645443503A3A257371
:10AA800020636F756C64206E6F7420696E697469E1
:10AA9000616C697A652073656375726520656C65A4
:10AAA0006D656E742E0041726475696E6F496F54E6
:10AAB000436C6F75645443503A3A257320636F7545
:10AAC0006C64206E6F7420726561642064657669C1
:10AAD00063652069642E0041726475696E6F496F09
:10AAE00054436C6F75645443503A3A257320636F36
:10AAF000756C64206E6F7420726561642064657685
:10AB00006963652063657274696669636174652E43
:10AB1000002F612F642F002F632F7570002F632F7C
:10AB2000647700312E362E300041726475696E6F85
:10AB3000496F54436C6F75645443503A3A257320FF
:10AB4000496E206F7264657220746F20636F6E6E41
:10AB500065637420746F2041726475696E6F20495B
:10AB60006F5420436C6F75642C204E494E41206613
:10AB700069726D77617265206E6565647320746FAC
:10AB8000206265203E3D20312E362E302C2063750C
:10AB90007272656E742025730000000000000000D2
:10ABA0000000000091C9000041CA0000D9C70000A0
:10ABB000A1C3000061BB0000B9C3000021BB0000BD
:10ABC0006174746163685468696E67006465746178
:10ABD00063685468696E670068616E646C655F5392
:10ABE000796E6354696D650068616E646C655F447D
:10ABF0006973636F6E6E6563740068616E646C6523
:10AC00005F436F6E6E6563744D71747442726F6BE7
:10AC1000657200626567696E00626567696E0074DF
:10AC20007A5F6F666673657400747A5F6473745FCD
:10AC3000756E74696C0000000000000000000000E8
:10AC400025CC000053CA000091CA00005FCA000072
:10AC5000766F696420436C6F756450726F636573BF
:10AC6000733A3A64656C69766572284D65737361F1
:10AC700067652A29000000000000000000000000B5
:10AC800031D7000063D7000043D800000000000067
:10AC9000000000002DD700004BD7000007D80000AF
:10ACA00000000000000000002FD7000057D7000070
:10ACB00095D70000000000000000000029D7000028
:10ACC00033D70000B7D700000000000000000000EC
:10ACD0002BD700003FD700006FD700000000000016
:10ACE00000000000E1D90000EDDA0000E3D9000027
:10ACF0000000000000000000DFD90000E1DA0000E1
:10AD000011DB00000000000000000000D7D90000A7
:10AD1000B1DA00001BDA00000000000000000000B3
:10AD2000DBD90000C9DA000047DB000000000000AA
:10AD300000000000D5D90000A5DA0000D5DB000036
:10AD40000000000000000000D9D90000BDDA0000BA
:10AD500041DA00000000000000000000DDD9000022
:10AD6000D5DA00001BDA0000EDF4FAE9312E342EBA
:10AD700031002F66732F5550444154452E42494EA1
:10AD80002E4C5A5353002F66732F5550444154454F
:10AD90002E42494E2E4C5A53532E544D5000000013
:10ADA00000000000000000006DE000009DDD0000DC
:10ADB00065DE00007DDE00004DDE0000B1DD00003C
:10ADC0005DDF000041E10000DDDE0000B5DD0000D8
:10ADD00011DE0000C1DD0000C5DD0000E1E1000082
:10ADE000ADDE0000E1DD0000E9DD0000A9DD0000CE
:10ADF000ADDD0000F5DE0000433A5C55736572730B
:10AE00005C7368616E6E5C4F6E6544726976655CFA
:10AE1000446F63756D656E746F735C4172647569C0
:10AE20006E6F5C6C69627261726965735C417264B9
:10AE300075696E6F496F54436C6F75645C737263B0
:10AE40002F696E74657266616365732F436C6F75ED
:10AE50006450726F636573732E6800636F6E746500
:10AE60007874203D3D206E756C6C70747200433AAE
:10AE70005C55736572735C7368616E6E5C4F6E6572
:10AE800044726976655C446F63756D656E746F734B
:10AE90005C41726475696E6F5C6C69627261726943
:10AEA00065735C41726475696E6F496F54436C6F72
:10AEB00075645C7372635C6F74615C696E746572F7
:10AEC000666163655C4F5441496E74657266616387
:10AED000652E63707000000000000000000000009C
:10AEE0006DE000009DDD000000000000000000009B
:10AEF0008F0502008F0502005DDF000041E10000C8
:10AF0000DDDE00008F0502008F0502008F050200C4
:10AF10008F050200E1E100008F0502008F050200AD
:10AF20008F0502008F0502008F050200F5DE00008C
:10AF3000766F696420436C6F756450726F636573DC
:10AF4000733A3A64656C69766572284D657373610E
:10AF500067652A29007669727475616C204F5441C7
:10AF6000436C6F756450726F63657373496E74657B
:10AF700072666163653A3A5374617465204F544157
:10AF8000436C6F756450726F63657373496E74655B
:10AF900072666163653A3A69646C65284D657373DE
:10AFA0006167652A29001B0074696D652E617264F2
:10AFB00075696E6F2E6363002573202564202564F8
:10AFC0000053657020323920323032360054696DBA
:10AFD0006553657276696365436C6173733A3A25AC
:10AFE000732063616E6E6F74206765742074696D81
:10AFF000652066726F6D204E54502C2066616C6C1B
:10B000006261636B206F6E20636F6E6E656374693F
:10B010006F6E2068616E646C65720054696D655373
:10B02000657276696365436C6173733A3A25732080
:10B0300063616E6E6F74206765742074696D65203E
:10B0400066726F6D20636F6E6E656374696F6E20DC
:10B0500068616E646C65720054696D6553657276E3
:10B06000696365436C6173733A3A2573206F666652
:10B070007365743A202564206473745F756E697417
:10B080006C2025750054696D65536572766963653A
:10B09000436C6173733A3A257320646F6E652E209A
:10B0A00044726966743A20256420525443207661C4
:10B0B0006C75653A202575004A616E4665624D6182
:10B0C000724170724D61794A756E4A756C4175674F
:10B0D0005365704F63744E6F7644656300676574A3
:10B0E00052656D6F746554696D650073657454695C
:10B0F0006D655A6F6E65446174610073796E6300AB
:10B10000F4010000F40100001027000064000000BA
:10B11000E8030000E8030000E8030000000000006E
:10B12000000000000000000000000000F7F0000038
:10B130008F0502008F0502008F0502008F050200B7
:10B140008F0502008F050200BDF00000D1F0000065
:10B15000DDF000006FF100003BF1000085F0000021
:10B1600089F000004DF100008F0502008F050200FC
:10B170008F0502008F0502008F050200576946699E
:10B180002E73746174757328293A202564005769F9
:10B190004669204861726477617265206661696CF6
:10B1A0007572652E0A4D616B652073757265207925
:10B1B0006F7520617265207573696E672061205715
:10B1C00069466920656E61626C656420626F6172B8
:10B1D000642F736869656C642E005468656E207214
:10B1E0006573657420616E642072657472792E00D7
:10B1F00043757272656E742057694669204669729C
:10B200006D776172653A20257300332E302E310040
:10B210004C61746573742057694669204669726D84
:10B22000776172653A20257300506C656173652003
:10B2300075706461746520746F20746865206C613A
:10B24000746573742076657273696F6E20666F72B1
:10B25000206265737420706572666F726D616E63D3
:10B26000652E00436F6E6E656374696F6E20746F38
:10B270002022257322206661696C65640052657422
:10B280007279696E6720696E202022256422206D04
:10B29000696C6C697365636F6E647300436F6E6E87
:10B2A000656374656420746F202225732200436FE8
:10B2B0006E6E656374696F6E20746F202225732231
:10B2C000206C6F73742E00417474656D7074696EB8
:10B2D00067207265636F6E6E656374696F6E005789
:10B2E0006946692E70696E6728293A2025640049ED
:10B2F0006E7465726E657420636865636B20666149
:10B30000696C656400436F6E6E6563746564207478
:10B310006F20496E7465726E657400000000000055
:10B320000000000017620000117A0000F7F0000032
:10B33000D9F10000DDF10000E1F10000F1F10000C1
:10B3400021F2000031F20000BDF00000D1F0000059
:10B35000DDF000006FF100003BF1000085F000001F
:10B3600089F000004DF1000041F200008DF3000073
:10B370000DF4000061F3000071F300005B20253044
:10B3800032643A253032643A253032642E25303327
:10B3900064205D20005B20256C75205D200000008E
:10B3A000B4B30200C3B30200D2B30200E1B302009F
:10B3B000F0B302005B4442475F4552524F52202097
:10B3C0005D20005B4442475F5741524E494E475D06
:10B3D00020005B4442475F494E464F2020205D20BD
:10B3E000005B4442475F444542554720205D2000B2
:10B3F0005B4442475F564552424F53455D20004EE5
:10B400006F20536F636B657420617661696C616254
:10B410006C6500000000000000000000C1F70000A3
:10B4200057F800001DBB0000D9F70000ADF8000080
:10B43000C5F8000009F900000DFB0000E9F7000065
:10B44000F1F80000A1FB0000DDFB0000DBF70000CD
:10B450005DF9000049FA0000ADFA0000E5F90000CE
:10B4600035F800004FF80000BDF90000D5F70000E6
:10B470003BF9000019F90000000000000000000086
:10B48000C1F7000057F800001DBB0000D9F700000D
:10B49000ADF80000C5F8000009F900004DFC0000FF
:10B4A00021FC0000F1F80000A1FB0000DDFB000022
:10B4B000DBF700005DF9000049FA0000ADFA00007A
:10B4C000E5F9000035F800004FF80000BDF9000074
:10B4D000D5F700003BF9000019F9000029FC000035
:10B4E00043FC000000000000000000009BFC000086
:10B4F000CBFD00001DBB0000AFFC000097FC00006E
:10B50000DDFD000039FE0000B1FC0000E5FC00009C
:10B5100025FD000091FD000045FD0000C1FD00007B
:10B520000DFE000099FE00008DFC000077FE00007B
:10B5300055FE00004E6574776F726B436F6E6669DF
:10B5400067757261746F723A20436F6E6E656374D3
:10B55000656420746F206E6574776F726B004E6542
:10B5600074776F726B436F6E666967757261746F23
:10B57000723A20436F6E6E656374696F6E20666108
:10B58000696C3A202573004E6574776F726B436F58
:10B590006E666967757261746F72436C6173733A3A
:10B5A0003A257320436F6D6D756E69636174696FC1
:10B5B0006E20776974682057694669206D6F6475DD
:10B5C0006C65206661696C656421004E6574776FF7
:10B5D000726B436F6E666967757261746F72436CEC
:10B5E0006173733A3A257320436F756C646E2774E8
:10B5F0002067657420616E79205769466920636F02
:10B600006E6E656374696F6E004E6574776F726BF2
:10B61000436F6E666967757261746F72436C6173B4
:10B62000733A3A2573204B5653746F7265206E6FD0
:10B63000742070726F7669646564004E6574776F0C
:10B64000726B436F6E666967757261746F72436C7B
:10B650006173733A3A2573206572726F7220696E56
:10B66000697469616C697A696E67206B7673746F4F
:10B670007265004E6574776F726B436F6E666967B3
:10B68000757261746F72436C6173733A3A257320FB
:10B690006572726F7220736176696E67206E657471
:10B6A000776F726B2073657474696E6773004E6593
:10B6B00074776F726B2073657474696E6773207230
:10B6C000656365697665643A005749464900535396
:10B6D00049443A202573004E4554574F524B5F431F
:10B6E0004F4E464947530053544152545F424C45D4
:10B6F000004E6574776F726B436F6E666967757223
:10B7000061746F72436C6173733A3A2573204572AA
:10B71000726F7220736176696E6720424C452065B6
:10B720006E61626C656420617420737461727475FB
:10B7300070004857206572726F72004661696C65CF
:10B740006420746F20636F6E6E6563740050657261
:10B750006970686572616C2073746F7070656400E5
:10B76000446973636F6E6E656374656400496E74DB
:10B7700065726E6574206E6F7420617661696C61AC
:10B78000626C650047656E65726963206572726FF1
:10B7900072005468652063757272656E7420576913
:10B7A0004669206669726D7761726520766572738D
:10B7B000696F6E206973206E6F7420746865206CE9
:10B7C000617465737420616E64206974206D6179A1
:10B7D00020636175736520636F6D70617469626960
:10B7E0006C697479206973737565732E20506C656C
:10B7F0006173652075706772616465207468652087
:10B8000057694669206669726D77617265004E6599
:10B8100074776F726B436F6E666967757261746F70
:10B8200072436C6173733A3A2573204661696C65A3
:10B830006420746F20696E697469616C697A65202F
:10B84000746865204167656E74734D616E616765EC
:10B8500072436C617373007363616E576946694E1E
:10B860006574776F726B730068616E646C655265A6
:10B87000616453746F726167650068616E646C65C2
:10B88000436F6E6E65637452657175657374007392
:10B89000746172745265636F6E6669677572655024
:10B8A000726F63656475726500626567696E0041F9
:10B8B00067656E74734D616E61676572436C617329
:10B8C000733A3A2573206661696C656420746F2051
:10B8D0006765742072656365697665642064617468
:10B8E00061004167656E74734D616E616765724397
:10B8F0006C6173733A3A2573207265717565737460
:10B90000207265636569766564206F66207479705E
:10B91000652025642C2062757420726571756573CD
:10B920007420256420697320696E2070726F6772BD
:10B93000657373004167656E74734D616E61676511
:10B9400072436C6173733A3A257320726571756541
:10B950007374207265636569766564206F66207410
:10B960007970652025642C206275742068616E648E
:10B970006C65722066756E6374696F6E20697320E2
:10B980006E6F742070726F766964656400416765DC
:10B990006E74734D616E61676572436C6173733A67
:10B9A0003A2573206661696C656420746F20736545
:10B9B0006E6420696E697469616C2073746174755A
:10B9C00073004167656E74734D616E6167657243A4
:10B9D0006C6173733A3A2573206167656E742074E5
:10B9E000797065202564206661696C730068616EFA
:10B9F000646C655265636569766564446174610071
:10BA000068616E646C655265636569766564436FF1
:10BA10006D6D616E64730068616E646C6553656E14
:10BA200064496E697469616C537461747573006202
:10BA30006567696E00000000000000000000000063
:10BA4000E5220100F9220100772101008B2101008C
:10BA50009B210100426F617264436F6E6669677576
:10BA6000726174696F6E50726F746F636F6C3A3A83
:10BA70002573206661696C656420746F2073656E40
:10BA800064207374617475733A2025642000426FDA
:10BA9000617264436F6E66696775726174696F6E17
:10BAA00050726F746F636F6C3A3A257320666169E8
:10BAB0006C656420746F2073656E642076657273A4
:10BAC000696F6E206F66207479706520256400426E
:10BAD0006F617264436F6E66696775726174696FD6
:10BAE0006E50726F746F636F6C3A3A2573204D61BC
:10BAF0006C666F726D6564207061636B6574004283
:10BB00006F617264436F6E66696775726174696FA5
:10BB10006E50726F746F636F6C3A3A257320666172
:10BB2000696C656420746F2073656E6420424C45B7
:10BB3000204D4143206164647265737300426F61FC
:10BB40007264436F6E66696775726174696F6E5077
:10BB5000726F746F636F6C3A3A2573206661696C1B
:10BB6000656420746F2073656E64206E6574776FF2
:10BB7000726B206F7074696F6E7300426F617264D4
:10BB8000436F6E66696775726174696F6E50726F2C
:10BB9000746F636F6C3A3A257320496E76616C69F5
:10BBA00064206D65737361676500426F6172644301
:10BBB0006F6E66696775726174696F6E50726F74CB
:10BBC0006F636F6C3A3A2573206661696C65642017
:10BBD000746F2073656E64204A575400426F61721F
:10BBE00064436F6E66696775726174696F6E5072D7
:10BBF0006F746F636F6C3A3A2573206661696C6588
:10BC00006420746F2073656E6420756877696400C2
:10BC100073656E645374617475730073656E6456F6
:10BC2000657273696F6E0073656E64416E64526510
:10BC300063656976650073656E64426C654D61632A
:10BC4000416464726573730073656E6450726F76DD
:10BC50005075626C69634B65790073656E644E65FF
:10BC600074776F726B4F7074696F6E730067657471
:10BC70004D73670073656E644A77740073656E6414
:10BC800055687769640000000000000000000000B3
:10BC900011620000ED7900001D2F0100000000007E
:10BCA000000000000F620000E1790000F92E0100A1
:10BCB000000000000000000013620000F97900009D
:10BCC000472F010000000000000000000562000096
:10BCD000A579000013300100000000000000000002
:10BCE000FF61000081790000A12F01000000000029
:10BCF0000000000009620000BD790000533001001F
:10BD0000000000000000000007620000B1790000A0
:10BD10006B31010000000000000000000162000023
:10BD20008D790000A7300100000000000000000035
:10BD30000D620000D57900003531010000000000DF
:10BD4000000000000362000099790000DB2F010071
:10BD500000000000000000000B620000C979000034
:10BD6000FF300100000000000000000000000000A3
:10BD7000000000008F05020000000000000000002D
:10BD80008B350100000000000000000000000000F2
:10BD9000000000008F0502006D73672D3E6964206E
:10BDA0003D3D20696400433A5C55736572735C7372
:10BDB00068616E6E5C4F6E6544726976655C446F57
:10BDC00063756D656E746F735C41726475696E6FD7
:10BDD0005C6C69627261726965735C4172647569F9
:10BDE0006E6F5F436C6F75645574696C735C7372CE
:10BDF000635C63626F725C4D657373616765456E0A
:10BE0000636F6465722E63707000000000000000B4
:10BE100000000000BD3701004D6573736167654523
:10BE20006E636F6465723A3A53746174757320433C
:10BE3000424F524D657373616765456E636F64650C
:10BE400072496E746572666163653A3A5F656E63E6
:10BE50006F64652843626F72456E636F6465722A12
:10BE60002C204D6573736167652A2900000000006E
:10BE7000000000003D3901007F3901003F39010019
:10BE800063626F725F656E636F64655F666C6F613E
:10BE900074696E675F706F696E7400667054797054
:10BEA00065203D3D2043626F7248616C66466C6F51
:10BEB000617454797065207C7C206670547970655B
:10BEC000203D3D2043626F72466C6F6174547970FF
:10BED00065207C7C20667054797065203D3D204350
:10BEE000626F72446F75626C655479706500433A95
:10BEF0005C55736572735C7368616E6E5C4F6E65E2
:10BF000044726976655C446F63756D656E746F73BA
:10BF10005C41726475696E6F5C6C696272617269B2
:10BF200065735C41726475696E6F5F436C6F7564B5
:10BF30005574696C735C7372635C63626F725C747A
:10BF4000696E7963626F725C7372635C63626F7255
:10BF5000656E636F6465722E6300616476616E6303
:10BF6000655F696E7465726E616C005F63626F72AB
:10BF70005F76616C75655F6465636F64655F696E4C
:10BF80007436345F696E7465726E616C0063626FE3
:10BF9000725F76616C75655F616476616E63650082
:10BFA00063626F725F76616C75655F656E746572F2
:10BFB0005F636F6E7461696E65720063626F725F5A
:10BFC00076616C75655F6C656176655F636F6E74D5
:10BFD00061696E657200697465726174655F73741E
:10BFE00072696E675F6368756E6B730063626F7210
:10BFF0005F76616C75655F6765745F68616C665FCD
:10C00000666C6F61740076616C75652D3E666C615F
:10C01000677320262043626F724974657261746F82
:10C0200072466C61675F496E746567657256616CD4
:10C030007565546F6F4C61726765207C7C207661FA
:10C040006C75652D3E74797065203D3D2043626FAF
:10C0500072466C6F617454797065207C7C207661C7
:10C060006C75652D3E74797065203D3D2043626F8F
:10C0700072446F75626C655479706500282A766128
:10C080006C75652D3E707472202620536D616C6C4A
:10C0900056616C75654D61736B29203D3D2056617D
:10C0A0006C75653332426974207C7C20282A766165
:10C0B0006C75652D3E707472202620536D616C6C1A
:10C0C00056616C75654D61736B29203D3D2056614D
:10C0D0006C7565363442697400657272203D3D208E
:10C0E00043626F724E6F4572726F7200433A5C55D5
:10C0F000736572735C7368616E6E5C4F6E654472DB
:10C100006976655C446F63756D656E746F735C41D1
:10C11000726475696E6F5C6C696272617269657375
:10C120005C41726475696E6F5F436C6F75645574C2
:10C13000696C735C7372635C63626F725C74696E6A
:10C140007963626F725C7372635C63626F72706159
:10C15000727365722E63006C656E677468203D3D76
:10C16000202873697A655F74296C656E677468004E
:10C170002869742D3E666C61677320262043626FC8
:10C18000724974657261746F72466C61675F556E57
:10C190006B6E6F776E4C656E67746829203D3D202D
:10C1A000300069742D3E7479706520213D20436212
:10C1B0006F72496E76616C69645479706500697359
:10C1C0005F66697865645F747970652869742D3E6F
:10C1D00074797065290063626F725F76616C756552
:10C1E0005F69735F636F6E7461696E6572286974ED
:10C1F000290063626F725F76616C75655F69735F5A
:10C2000068616C665F666C6F61742876616C7565D9
:10C21000290072656375727365642D3E747970656B
:10C22000203D3D2043626F72496E76616C696454B3
:10C230007970650063626F725F76616C75655F69C6
:10C24000735F627974655F737472696E6728766173
:10C250006C756529207C7C2063626F725F76616CEF
:10C2600075655F69735F746578745F737472696E06
:10C27000672876616C756529005F63626F725F760F
:10C28000616C75655F6475705F737472696E670069
:10C2900062756666657200433A5C55736572735CDD
:10C2A0007368616E6E5C4F6E6544726976655C445E
:10C2B0006F63756D656E746F735C41726475696EE2
:10C2C0006F5C6C69627261726965735C41726475FE
:10C2D000696E6F5F436C6F75645574696C735C73E2
:10C2E00072635C63626F725C74696E7963626F72B1
:10C2F0005C7372635C63626F727061727365725FAC
:10C300006475705F737472696E672E630062756620
:10C310006C656E00982F8A4291443771CFFBC0B58F
:10C32000A5DBB5E95BC25639F111F159A4823F9200
:10C33000D55E1CAB98AA07D8015B8312BE85312459
:10C34000C37D0C55745DBE72FEB1DE80A706DC9B1A
:10C3500074F19BC1C1699BE48647BEEFC69DC10FC6
:10C36000CCA10C246F2CE92DAA84744ADCA9B05C02
:10C37000DA88F97652513E986DC631A8C82703B0C5
:10C38000C77F59BFF30BE0C64791A7D55163CA06D3
:10C3900067292914850AB72738211B2EFC6D2C4DDF
:10C3A000130D385354730A65BB0A6A762EC9C281CD
:10C3B000852C7292A1E8BFA24B661AA8708B4BC263
:10C3C000A3516CC719E892D1240699D685350EF48D
:10C3D00070A06A1016C1A419086C371E4C77482744
:10C3E000B5BCB034B30C1C394AAAD84E4FCA9C5BBA
:10C3F000F36F2E68EE828F746F63A5781478C8840B
:10C400000802C78CFAFFBE90EB6C50A4F7A3F9BEEC
:10C41000F27871C661726475696E6F004B56537421
:10C420006F7265206973206E6F7420737570706F02
:10C4300072746564206F6E204E696E612063686956
:10C440007020666F722076657273696F6E73206FED
:10C450006C646572207468616E20332E302E30005B
:10C46000000000000000000015620000057A0000D6
:10C47000394901002F4801003948010041480100B5
:10C48000D14801004B4801007D480100B34801003C
:10C490005D4901007949010093490100AD4901005E
:10C4A000C9490100DF490100C9490100DF49010014
:10C4B000F7490100114A01002B4A0100434A0100DB
:10C4C0005D4A0100674D0100834D0100794A01007A
:10C4D000B74A0100F14A01002D4B0100694B0100F0
:10C4E0009D4B0100694B01009D4B0100D34B0100A6
:10C4F0000F4C01004B4C0100814C0100C14C01006C
:10C500004D490100FD4C0100594801008B480100D4
:10C5100041726475696E6F2D252E386C78004D510F
:10C52000545400000000000000000000AB4D01006A
:10C53000895001001DBB0000EB4D0100BF4D010003
:10C54000CD4D010069500100695A0100955A010062
:10C55000AB520100D15A0100FB4F0100ED4D01002B
:10C56000F14D0100514E01000000000000000000EC
:10C57000415C0100755C010041726475696E6F0079
:10C5800055530041726475696E6F204C4C432055C1
:10C5900053004954002534782534782D2534782DDE
:10C5A0002534782D2534782D253478253478253494
:10C5B0007800000000000000000000009966010003
:10C5C0009B6601000000000000000000D36D010028
:10C5D000BD6B01001DBB0000E76B0100E16B0100BA
:10C5E000856E0100F96B0100116C0100156D0100F1
:10C5F0006D6C0100516C0100996B01001F6E010010
:10C60000B16B0100436D01008D6B0100E96B01000E
:10C61000F16B01000000000000000000CD6F010080
:10C62000CF6F01000000000000000000CD7301008A
:10C6300015740100253032783A253032783A2530A9
:10C6400032783A253032783A253032783A2530320D
:10C650007800000000000000000000006B75010081
:10C66000E57501006D7501008175010069760100B5
:10C6700095750100F1750100AD7501002576010089
:10C68000477601009D7601000000000000000000D8
:10C690007D780100C5780100000000000000000066
:10C6A000537901005979010055790100323930324E
:10C6B000000000000000000000000000297C0100D4
:10C6C0008D7C0100B5790100000000000000000031
:10C6D000717D0100897D01006B7D0100FC4200201D
:10C6E00054686520696E697469616C697A617469FE
:10C6F0006F6E206F662074686520426C7565746F7C
:10C700006F7468C2AE204C6F7720456E6572677992
:10C71000206D6F64756C65206661696C65642E00C0
:10C72000506C6561736520656E7375726520796FF5
:10C730007572204E494E41206669726D776172654F
:10C740002069732076657273696F6E20332E302EE8
:10C7500030206F72206869676865722E00000000E3
:10C7600000000000000000005983010079830100EF
:10C770003580010015810100D57D0100E97D0100B2
:10C78000FD7D01003D7E0100498101008D83010096
:10C7900099810100A3810100B9810100C3810100D9
:10C7A000CD810100D7810100EB810100E181010011
:10C7B000597E01006D7E0100817E01000982010029
:10C7C000957E0100A97E0100618201008D82010039
:10C7D000B9820100BD7E0100D17E0100F97E010019
:10C7E000217F0100357F0100497F01005D7F01004D
:10C7F000E5820100717F01000D80010021800100B0
:10C80000857F0100997F01001D7E0100DD7F010011
:10C81000AD7F0100CD7F0100BD7F0100ED7F0100F4
:10C82000FD7F0100517E0100557E010000000000E7
:10C830000000000091840100E9840100C18301002F
:10C840000000000000000000FD84010015850100CB
:10C850000000000000000000FD8601005D8701006F
:10C86000000000000000000001880100298801008C
:10C8700000000000000000002D890100498901002E
:10C880000000000000000000118A0100758A01000C
:10C890005483637CC51EF7EC32DDAD51894B9E0796
:10C8A000C04300200000000000000000218E0100B5
:10C8B000418E0100878A01008D8A0100558E01009A
:10C8C000D98E0100D98F01000D920100938A0100D9
:10C8D0002DA60100B1920100F1920100A98B010087
:10C8E000CD8B0100E58B0100158C0100318C01001E
:10C8F000598C010051A701002D930100A193010063
:10C9000051940100898D0100958D0100BD900100B9
:10C91000FD900100B98D010099910100E18D0100A8
:10C920003D9101006D910100C991010055A40100E4
:10C93000B1A201003DA201007F8C0100EFA2010025
:10C9400049950100A38C010049A30100099701004A
:10C95000FD990100118D0100F3A3010051AB01000D
:10C96000BDA3010071980100D38C010083A30100D5
:10C9700099A801002BA401004D9D0100759C0100A8
:10C98000B5A401004F8D0100598D01007593010080
:10C99000059F01001DA0010011A10100398F0100B8
:10C9A000984500200000000000000000ADB101002B
:10C9B000DDB10100EDAE0100F1AE010089AF010073
:10C9C000A1AF010001B0010035B001006DB0010060
:10C9D000F1B1010073B20100F1AF0100F5AF010048
:10C9E000F9AF010021B40100A5B00100D845002035
:10C9F0003138303000326130300032613031003156
:10CA00003830310032613035000000000000000095
:10CA1000000000001DB8010041B8010085B401000C
:10CA20006DB5010011B601001BB601002FB6010063
:10CA300065B4010069B4010047B60100F7B6010012
:10CA400053B80100084600204843492041434C4464
:10CA5000415441205458202D3E2000484349204352
:10CA60004F4D4D414E44205458202D3E20005F72C2
:10CA7000656376427566666572206F766572666C70
:10CA80006F77004843492041434C44415441205270
:10CA900058203C2D2000484349204556454E5420FF
:10CAA0005258203C2D200000000000000000000033
:10CAB000DDB8010011BD0100E1B80100F9B80100C5
:10CAC0000DB901001DBD010019B9010011C201001D
:10CAD00041C3010065C2010031B9010071B9010013
:10CAE0008DB9010091C20100A9B90100C1B90100CD
:10CAF0005DBF010099BF010011BA01002DBA01000C
:10CB000061BA01007DBA010059BB010041BB0100BF
:10CB1000E1C2010071C30100B1C10100FBBC010011
:10CB20008DBB0100A1BB010039C1010059C1010049
:10CB3000FDBB010025BC010035BC010075C1010031
:10CB400015C90100D5BF010071BC01008DBC0100F9
:10CB500093BC010091C00100B9BC0100E5BC01001B
:10CB6000CFBC010065BE01009DBC0100A1C3010056
:10CB700011CA010028490020000000000000000048
:10CB80002DCB01008DCB0100B1CA0100E9CB010022
:10CB9000C5CC010051CC0100ADCA0100AFCA0100F3
:10CBA00049CD0100050B00002C49002000000000C9
:10CBB0000000000069CD010087CD010075D20100A1
:10CBC000E1D2010095CD01006BCD01006DCD0100DA
:10CBD00073CD010077CD01007BCD010001D10100B3
:10CBE00019D3010085CD0100EC0234A357C8AD056F
:10CBF000341010A60A397D9B0DFBAA6C888391AA7C
:10CC0000F5A53860370BDB5A6083BE20B003D2F243
:10CC100097BE2C5E2C83A7E9F9A5B9EFF49111AC6E
:10CC2000F4FDDBCC0301480E359DE655188B3D32F3
:10CC3000F6BB9A900AFCFBEED4E72A59CB9AC2F1D4
:10CC40009D7CFB6B4FDD49F47FC5FDD5CB8454D172
:10CC500077733EFFFFB2EC712BAEABA6E8E7CC25B5
:10CC6000A75F6E216583F7FF3DC4CF000000000081
:10CC70000000000059D801005BD801000102030048
:10CC8000000000000000000027E201009BE201001C
:10CC900039E2010043E2010007E20100A9E20100DC
:10CCA000EDE2010029E4010029E3010025E2010091
:10CCB00025E20100D9E3010029E2010001000000A2
:10CCC000170000000300000004000000FF00FFFF49
:10CCD000FFFFFF000100000016000000030000003D
:10CCE00004000000FF00FFFFFFFFFF000100000045
:10CCF0000A000000080000001C000000FF00000502
:10CD000000050A00010000000B0000000800000000
:10CD10001C000000FF00010501050B0000000000E1
:10CD200007000000080000001C00000007000101CF
:10CD30000101FF00000000000500000008000000E5
:10CD40001C000000050001000100FF0000000000C1
:10CD500004000000080000001C00000004000000A7
:10CD60000000FF00000000000600000008000000B6
:10CD7000040000000600FFFFFFFFFF0000000000AE
:10CD8000120000000800000004000000FF00FFFF88
:10CD9000FFFFFF000000000014000000080000007A
:10CDA0002C000000FF000200020004000000000050
:10CDB00015000000080000002C000000FF00030028
:10CDC0000300050000000000100000000200000049
:10CDD0001C000000FF000002000200000000000034
:10CDE00013000000020000001C000000FF0001030F
:10CDF0000103FF000000000011000000020000001D
:10CE000004000000FF00FFFFFFFF01000000000022
:10CE10000200000001000000060000000000FFFF0B
:10CE2000FFFFFF0001000000020000000100000001
:10CE3000040000000A00FFFFFFFF020000000000E6
:10CE40000B000000010000002C0000001300030094
:10CE50000300FF00000000000A00000001000000C5
:10CE60002C000000120002000200FF000100000080
:10CE70000800000003000000060000000200FFFFA1
:10CE8000FFFFFF0001000000090000000300000098
:10CE90001800000003000104010409000000000064
:10CEA0000900000001000000040000001100FFFF65
:10CEB000FFFFFF0001000000030000000100000070
:10CEC000040000000B00FFFFFFFF03000000000054
:10CED0000C0000000200000000000000FF00FFFF47
:10CEE000FFFFFF00000000000D0000000200000036
:10CEF00000000000FF00FFFFFFFFFF000000000038
:10CF00000E0000000800000000000000FF00FFFF0E
:10CF1000FFFFFF00000000000F0000000200000003
:10CF200000000000FF00FFFFFFFFFF000000000007
:10CF30001B0000000800000000000000FF00FFFFD1
:10CF4000FFFF0F00000000000800000008000000C4
:10CF500004000000FF00FFFFFFFFFF0000000000D3
:10CF60001C0000000800000004000000FF00FFFF9C
:10CF7000FFFFFF000000000016000000020000009C
:10CF80001C000000FF000004000406000000000078
:10CF900017000000020000001C000000FF00010458
:10CFA0000104070000000000180000000600000057
:10CFB00000000000FF00FFFFFFFFFF000000000077
:10CFC000190000000600000000000000FF00FFFF45
:10CFD000FFFFFF0000C20100000008000000000089
:10CFE0000000000031EC010069EE01002DEC0100B1
:10CFF0004DEE01002DEE0100A5EE010089EE0100CD
:10D0000029EC01002BEC01001DEE0100C9EE01002E
:10D010005BEE010045EC0100ADEB010071ED01009C
:10D02000D5EB0100F0FFFFFF000000000DEE010056
:10D0300061ED0100EFEE010019EC010000000000BD
:10D040000000000031F1010037FD01000FFD01007B
:10D050001BFD010099EF01009BEF010089F0010029
:10D0600041726475696E6F204E414E4F20333320FC
:10D07000496F54000403090441726475696E6F209E
:10D080004C4C430012010002EF0201404123578043
:10D090000001010203010000000000000000000088
:10D0A0001D030200210902001FFF01006BFF0100A8
:10D0B00019FF0100B90302002FFF010009FF010061
:10D0C000C9FF010047FF010005FF0100000000004B
:10D0D00000000000970502000D0A00000000004B50
:10D0E000000000CB666D6F640000000000000000CF
:10D0F00000000000000000000000000000000080B0
:10D10000DA280200162802003A280200D827020076
:10D110003A280200B62802003A280200D827020066
:10D120001628020016280200B6280200D82702009E
:10D130000C2902000C2902000C290200C22802005E
:10D1400016280200162802003A280200D6270200FC
:10D150003A280200B62802003A280200D627020028
:10D160001628020016280200B6280200D627020060
:10D170000C2902000C2902000C290200C028020020
:10D18000042C0200AE2B0200AE2B0200DC2C0200AD
:10D19000AA2B0200AA2B0200D22C0200DC2C0200D7
:10D1A000AA2B0200D22C0200AA2B0200DC2C0200C7
:10D1B000E02C0200E02C0200E02C0200E82C02002F
:10D1C000283B02009A390200DE390200423902008F
:10D1D000DE390200CE3A0200DE3902004239020096
:10D1E0009A3902009A390200CE3A0200423902000E
:10D1F0003A3902003A3902003A390200DC3A0200B8
:10D2000050420200524102005241020070440200AA
:10D210004C4102004C41020058440200704402009C
:10D220004C410200584402004C410200704402008C
:10D230006644020066440200664402007444020030
:10D240002C2066756E6374696F6E3A20006173738B
:10D25000657274696F6E2022257322206661696C85
:10D2600065643A2066696C6520222573222C206C47
:10D27000696E65202564257325730A00000000008F
:10D28000000000000000000000000000000000009E
:10D29000000000000000000000000000000000008E
:10D2A000000000000000000000000000000000007E
:10D2B000000000000000000000000000000000006E
:10D2C000000000000000000000000000000000005E
:10D2D000000000000000000000000000B026002058
:10D2E000504F5349580000001F0000001C00000070
:10D2F0001F0000001E0000001F0000001E000000B4
:10D300001F0000001F0000001E0000001F000000A2
:10D310001E0000001F000000000000001F000000B1
:10D320003B0000005A000000780000009700000059
:10D33000B5000000D4000000F3000000110100005F
:10D34000300100004E010000232D302B2000686CBE
:10D350004C0065666745464700494E4600696E6663
:10D36000004E414E006E616E00303132333435363E
:10D370003738394142434445460030313233343541
:10D380003637383961626364656600545A00474D28
:10D3900054002531305B5E302D392C2B2D5D256EF0
:10D3A000004D256875256E2E256875256E2E25681D
:10D3B00075256E002F256875256E3A256875256ED2
:10D3C0003A256875256E000020202020202020208E
:10D3D0002028282828282020202020202020202025
:10D3E0002020202020202020881010101010101045
:10D3F000101010101010101004040404040404048D
:10D40000040410101010101010414141414141011D
:10D4100001010101010101010101010101010101FC
:10D42000010101101010101010424242424242020B
:10D4300002020202020202020202020202020202CC
:10D440000202021010101020000000000000000076
:10D4500000000000000000000000000000000000CC
:10D4600000000000000000000000000000000000BC
:10D4700000000000000000000000000000000000AC
:10D48000000000000000000000000000000000009C
:10D49000000000000000000000000000000000008C
:10D4A000000000000000000000000000000000007C
:10D4B000000000000000000000000000000000006C
:10D4C0000000000000000000496E66696E69747912
:10D4D000004E614E000000001F0000001C00000014
:10D4E0001F0000001E0000001F0000001E000000C2
:10D4F0001F0000001F0000001E0000001F000000B1
:10D500001E0000001F0000001F0000001D000000A2
:10D510001F0000001E0000001F0000001E00000091
:10D520001F0000001F0000001E0000001F00000080
:10D530001E0000001F0000000080E03779C3414357
:10D54000176E05B5B5B89346F5F93FE9034F384D69
:10D55000321D30F94877825A3CBF737FDD4F157515
:10D56000000000000000F03F000000000000244028
:10D5700000000000000059400000000000408F4003
:10D58000000000000088C34000000000006AF8406E
:10D590000000000080842E4100000000D012634192
:10D5A0000000000084D797410000000065CDCD4108
:10D5B000000000205FA00242000000E876483742E9
:10D5C000000000A2941A6D42000040E59C30A24287
:10D5D0000000901EC4BCD64200003426F56B0C43FC
:10D5E0000080E03779C3414300A0D88557347643A3
:10D5F00000C84E676DC1AB43003D9160E458E14304
:10D60000408CB5781DAF154450EFE2D6E41A4B4478
:10D6100092D54D06CFF08044F64AE1C7022DB544BD
:10D62000B49DD9794378EA44050000001900000050
:10D630007D00000052D60200F2C9020055D6020059
:10D64000412D46612D663839303132333435363725
:0CD650005D002B2D007858000000000049
:08D65C002C79FF7F01000000A2
:10D664000000000024A1020035A1020043A1020031
:10D674004EA1020063A10200DAD0020070A10200F0
:10D68400DAD00200DAD00200DAD00200DAD00200E6
:10D69400DAD00200DAD00200DAD00200DAD00200D6
:10D6A400DAD002007EA10200DAD0020085A10200D5
:10D6B400DAD00200DAD002008FA10200DAD0020030
:10D6C4009BA10200DAD00200DAD00200A6A1020077
:10D6D400B2A10200DAD00200DAD00200DAD00200ED
:10D6E400BFA10200DAD00200CBA10200DAD002000E
:10D6F400D9A10200E7A10200EFA10200DAD00200E2
:10D70400FEA10200DAD002000BA20200DAD002006D
:10D714001AA20200DAD0020025A20200DAD0020026
:10D7240032A20200DAD0020035A20200DAD00200EE
:10D7340047A20200DAD002004EA20200DAD00200B0
:10D7440059A20200DAD00200DAD0020061A202007B
:10D75400DAD0020075A20200DAD002007FA2020031
:10D76400DAD00200DAD00200DAD002008CA2020081
:10D77400DAD00200DAD00200DAD00200DAD00200F5
:10D784009AA20200A9A20200DAD00200B6A2020004
:10D79400DAD00200C5A20200DAD00200D1A202004F
:10D7A400DAD00200D9A20200E6A20200DAD0020016
:10D7B400F5A20200DAD00200DAD00200FEA20200D2
:10D7C400DAD00200DAD002000BA30200DAD00200A1
:10D7D40015A30200DAD00200DAD00200DAD0020087
:10D7E400DAD00200DAD002001FA302002CA3020048
:10D7F4003BA302000000000002000000040000003F
:10D8040006000000080000000A0000000C000000F0
:10D814000E000000100000001200000013000000C1
:10D824002800000026000000240000002200000060
:10D83400200000001E0000001C0000001A00000070
:10D844001800000016000000150000002B00000066
:10D854002D0000002F000000310000003300000004
:10D864003500000037000000390000003B000000D4
:10D874003D0000003E000000540000005200000083
:10D88400500000004E0000004C0000004A00000060
:10D894004800000046000000440000004200000070
:10D8A4004100000057000000590000005B00000028
:10D8B4005D0000005F0000006100000063000000E4
:10D8C4006500000067000000690000006A000000B5
:10D8D400800000007E0000007C0000007A00000050
:10D8E4007800000076000000740000007200000060
:10D8F400700000006E0000006D0000008300000056
:10D904008500000087000000890000008B000000F3
:10D914008D0000008F0000009100000093000000C3
:10D924009500000096000000AC000000AA00000072
:10D93400A8000000A6000000A4000000A20000004F
:10D94400A00000009E0000009C0000009A0000005F
:10D9540099000000AF000000B1000000B300000017
:10D96400B5000000B7000000B9000000BB000000D3
:10D97400BD000000BF000000C1000000C2000000A4
:10D98400D8000000D6000000D4000000D20000003F
:10D99400D0000000CE000000CC000000CA0000004F
:10D9A400C8000000C6000000C5000000DB00000045
:10D9B400DD000000DF000000E1000000E3000000E3
:10D9C400E5000000E7000000E9000000EB000000B3
:10D9D400ED000000EE000000040100000201000060
:10D9E40000010000FE000000FC000000FA0000003E
:10D9F400F8000000F6000000F4000000F20000004F
:10DA0400F100000007010000090100000B01000003
:10DA14000D0100000F0100001101000013010000BE
:10DA24001501000017010000190100001A0100008F
:10DA3400300100002E0100002C0100002A0100002A
:10DA4400280100002601000024010000220100003A
:10DA5400200100001E0100001D0100003301000030
:10DA64003501000037010000390100003B010000CE
:10DA74003D0100003F01000041010000430100009E
:10DA840045010000460100008601000086010000F7
:10DA94008601000086010000860100008601000066
:10DAA4008601000086010000860100008601000056
:10DAB400860100004AA3020057A3020063A30200E8
:10DAC40073A3020082A30200DAD002008FA3020033
:10DAD400DAD00200DAD00200DAD00200DAD0020092
:10DAE400DAD00200DAD00200DAD00200DAD0020082
:10DAF400DAD0020099A30200DAD00200A3A3020044
:10DB0400DAD00200DAD00200AFA30200DAD00200B9
:10DB1400BBA30200DAD00200DAD00200D7A30200CD
:10DB24001AA40200DAD00200DAD00200DAD002002D
:10DB3400CAA30200DAD00200D2A30200DAD00200A3
:10DB4400DDA30200EAA30200F5A30200DAD002007A
:10DB5400FFA30200DAD0020008A40200DAD0020017
:10DB6400FAA30200DAD0020015A40200DAD00200FF
:10DB740021A40200DAD00200A8A30200DAD0020035
:10DB840001A50200DAD002002EA40200DAD00200BD
:10DB94000DA50200DAD00200DAD002003DA4020092
:10DBA400DAD002004AA40200DAD0020059A402002A
:10DBB400DAD0020065A40200DAD0020075A40200E3
:10DBC400DAD0020082A40200DAD00200DAD0020025
:10DBD40095A40200A3A40200DAD00200ABA40200C0
:10DBE400DAD00200BDA40200DAD00200C9A4020007
:10DBF400DAD00200D2A40200E4A40200DAD00200C7
:10DC0400EFA40200DAD00200DAD00200CEA40200AF
:10DC1400DAD00200DAD00200FCA40200DAD002005A
:10DC240008A50200DAD00200DAD00200DAD002003D
:10DC3400DAD00200DAD00200DAD0020012A5020023
:10DC440020A5020000000000000000000000000009
:10DC540000000000000000000000000000000000C0
:10DC640000000000000000000000000000000000B0
:10DC740000000000000000000000000000000000A0
:10DC84000000000000000000000000000000000090
:10DC94000000000000000000000000000000000080
:10DCA4000000000000000000000000000000000070
:10DCB4000000000000000000000000000000000060
:10DCC4000000000000000000000000000000000050
:10DCD4000000000000000000000000000000000040
:10DCE4000000000097FFFFFF34FFFFFF96010000D4
:10DCF4005D020000BD020000C202000088030000B3
:10DD0400EE0300001A050000552D00006500000018
:10DD140000000000000000000000000000000000FF
:10DD240000000000000000000000000000000000EF
:10DD3400000000006500000097FFFFFF34FFFFFFB5
:10DD440094010000F9010000C0020000C2020000BA
:10DD5400EE030000BD0200001A050000EF2C0000D5
:10DD640000000000000000000000000000000000AF
:10DD7400000000000000000000000000000000009F
:10DD8400000000006F00000095FFFFFF34FFFFFF5D
:10DD9400F90100004206000025030000860300008C
:10DDA400EE0300004F0400001A050000EF2C0000F1
:10DDB4005A02000000000000000000000000000003
:10DDC400000000000000000000000000000000004F
:10DDD400000000000000000000000000000000003F
:10DDE400000000000000000000000000000000002F
:10DDF400000000000000000000000000000000001F
:10DE0400000000000000000000000000000000000E
:10DE140000000000000000000000000000000000FE
:10DE240000000000000000000000000000000000EE
:10DE340000000000000000000000000000000000DE
:10DE440000000000000000000000000000000000CE
:10DE540000000000000000000000000000000000BE
:10DE640000000000000000000000000000000000AE
:10DE7400000000000000000000000000000000009E
:10DE8400000000000000000000000000000000008E
:10DE9400000000000000000000000000000000007E
:10DEA400000000000000000000000000000000006E
:10DEB400000000000000000000000000000000005E
:10DEC400000000000000000000000000000000004E
:10DED400000000000000000000000000000000003E
:10DEE400000000000000000000000000000000002E
:10DEF400000000000000000000000000000000001E
:10DF0400000000000000000000000000000000000D
:10DF140000000000000000000000000000000000FD
:10DF240000000000000000000000000000000000ED
:10DF340000000000000000000000000000000000DD
:10DF440000000000000000000000000000000000CD
:10DF540000000000000000000000000000000000BD
:10DF640000000000000000000000000000000000AD
:10DF7400000000000000000000000000000000009D
:10DF8400000000000000000000000000000000008D
:10DF9400000000000000000000000000000000007D
:10DFA400000000000000000000000000000000006D
:10DFB400000000000000000000000000000000005D
:10DFC400000000000000000000000000000000004D
:10DFD400000000000000000000000000000000003D
:10DFE400000000000000000000000000000000002D
:10DFF400000000000000000000000000000000001D
:10E00400000000000000000000000000000000000C
:10E0140000000000000000000000000000000000FC
:10E0240000000000000000000000000000000000EC
:10E0340000000000000000000000000000000000DC
:10E0440000000000000000000000000000000000CC
:10E0540000000000000000000000000000000000BC
:10E0640000000000000000000000000000000000AC
:10E07400000000000000000000000000000000009C
:10E08400000000000000000000000000000000008C
:10E09400000000000000000000000000000000007C
:10E0A400000000000000000000000000000000006C
:10E0B400000000000000000000000000000000005C
:10E0C400000000000000000000000000000000004C
:10E0D400000000000000000000000000000000003C
:10E0E400000000000000000000000000000000002C
:10E0F400000000000000000000000000000000001C
:10E10400000000000000000000000000000000000B
:10E1140000000000000000000000000000000000FB
:10E1240000000000000000000000000000000000EB
:10E1340000000000000000000000000000000000DB
:10E1440000000000000000000000000000000000CB
:10E1540000000000000000000000000000000000BB
:10E1640000000000000000000000000000000000AB
:10E17400000000000000000000000000000000009B
:10E18400000000000000000000000000000000008B
:10E19400000000000000000000000000000000007B
:10E1A400000000000000000000000000000000006B
:10E1B400000000000000000000000000000000005B
:10E1C400000000000000000000000000000000004B
:10E1D400000000000000000000000000000000003B
:10E1E400000000006500000098FFFFFF97FFFFFF9D
:10E1F40094010000C202000087030000EE03000047
:10E204001A050000F42C00000000000000000000CB
:10E2140000000000000000000000000000000000FA
:10E2240000000000000000000000000000000000EA
:10E2340000000000000000000000000000000000DA
:10E2440000000000000000000000000000000000CA
:10E2540000000000000000000000000000000000BA
:10E2640000000000000000000000000000000000AA
:10E27400000000000000000000000000000000009A
:10E28400000000000000000000000000000000008A
:10E29400000000000000000000000000000000007A
:10E2A400000000000000000000000000000000006A
:10E2B400000000000000000000000000000000005A
:10E2C400000000000000000000000000000000004A
:10E2D4000000000097FFFFFF410600004206000017
:10E2E4009401000095010000BF020000C00200007C
:10E2F400EC030000B20400007E050000552D000070
:10E304000000000000000000000000000000000009
:10E3140000000000000000000000000000000000F9
:10E3240000000000000000000000000000000000E9
:10E3340000000000000000000000000000000000D9
:10E3440000000000000000000000000000000000C9
:10E3540000000000000000000000000000000000B9
:10E3640000000000000000000000000000000000A9
:10E37400000000006500000036FFFFFFCEFEFFFF37
:10E384005D0200005F020000BD02000028030000DF
:10E39400F0030000BA0400007E050000572D0000C1
:10E3A4004206000000000000000000000000000021
:10E3B4000000000000000000000000000000000059
:10E3C4000000000000000000000000000000000049
:10E3D4000000000000000000000000000000000039
:10E3E4000000000000000000000000000000000029
:10E3F4000000000000000000000000000000000019
:10E404000000000000000000000000000000000008
:10E4140000000000000000000000000000000000F8
:10E4240000000000000000000000000000000000E8
:10E4340000000000000000000000000000000000D8
:10E4440000000000000000000000000000000000C8
:10E4540000000000000000000000000000000000B8
:10E46400000000004106000097FFFFFF2F0100009D
:10E47400F7010000BF02000087030000EE03000064
:10E484001A050000F22C000000000000000000004B
:10E494000000000000000000000000000000000078
:10E4A4000000000000000000000000000000000068
:10E4B4000000000036FFFFFFF7010000BF0200006C
:10E4C400EC0300001A050000F22C000065000000B7
:10E4D4000000000000000000000000000000000038
:10E4E4000000000000000000000000000000000028
:10E4F4000000000000000000000000000000000018
:10E504000000000000000000000000000000000007
:10E5140000000000000000000000000000000000F7
:10E5240000000000000000000000000000000000E7
:10E5340000000000000000000000000000000000D7
:10E5440000000000000000000000000000000000C7
:10E5540000000000000000000000000000000000B7
:10E5640000000000000000000000000000000000A7
:10E574000000000000000000000000000000000097
:10E584000000000000000000000000000000000087
:10E594000000000000000000000000000000000077
:10E5A4000000000000000000000000000000000067
:10E5B4000000000000000000000000000000000057
:10E5C4000000000000000000000000000000000047
:10E5D4000000000000000000000000000000000037
:10E5E4000000000000000000000000000000000027
:10E5F4000000000042060000A6FDFFFF2503000006
:10E60400EA0300001A050000572D00000000000076
:10E6140000000000000000000000000000000000F6
:10E6240000000000000000000000000000000000E6
:10E6340000000000000000000000000000000000D6
:10E6440000000000000000000000000000000000C6
:10E6540000000000000000000000000000000000B6
:10E6640000000000000000000000000000000000A6
:10E674000000000000000000000000000000000096
:10E684000000000000000000000000000000000086
:10E6940000000000D1FEFFFF6B00000091010000AC
:10E6A400BF020000EE0300001D050000EF2C000077
:10E6B4000000000000000000000000000000000056
:10E6C4000000000000000000000000000000000046
:10E6D4000000000000000000000000000000000036
:10E6E4000000000000000000000000000000000026
:10E6F4000000000000000000000000000000000016
:10E704000000000000000000000000000000000005
:10E7140000000000000000000000000000000000F5
:10E7240000000000000000000000000000000000E5
:10E73400000000006F00000094FFFFFF960100003E
:10E744005F020000EE0300001C050000F22C000034
:10E754004A06000000000000000000000000000065
:10E7640000000000000000000000000000000000A5
:10E774000000000000000000000000000000000095
:10E784000000000000000000000000000000000085
:10E794000000000000000000000000000000000075
:10E7A4000000000000000000000000000000000065
:10E7B4000000000000000000000000000000000055
:10E7C4000000000000000000000000000000000045
:10E7D400000000006500000098FFFFFF97FFFFFFA7
:10E7E40094010000220300008B0300005004000089
:10E7F400B8040000F02C000000000000000000003D
:10E804000000000000000000000000000000000004
:10E8140000000000000000000000000000000000F4
:10E8240000000000000000000000000000000000E4
:10E8340000000000000000000000000000000000D4
:10E8440000000000000000000000000000000000C4
:10E8540000000000000000000000000000000000B4
:10E8640000000000000000000000000000000000A4
:10E8740000000000650000006FFEFFFF5902000069
:10E884008803000051040000F32C0000B8040000C9
:10E894000000000000000000000000000000000074
:10E8A4000000000000000000000000000000000064
:10E8B4000000000000000000000000000000000054
:10E8C4000000000000000000000000000000000044
:10E8D4000000000000000000000000000000000034
:10E8E4000000000000000000000000000000000024
:10E8F4000000000000000000000000000000000014
:10E904000000000000000000000000000000000003
:10E91400000000006500000095FFFFFF9601000065
:10E924005F020000EC030000EE030000C6040000D8
:10E93400F22C0000000000000000000000000000B5
:10E9440000000000000000000000000000000000C3
:10E9540000000000000000000000000000000000B3
:10E9640000000000000000000000000000000000A3
:10E974000000000000000000000000000000000093
:10E984000000000000000000000000000000000083
:10E994000000000000000000000000000000000073
:10E9A4000000000000000000000000000000000063
:10E9B400000000004606000096FFFFFFAA010000C9
:10E9C4005D02000028030000F0030000C6040000FC
:10E9D400F22C000000000000000000000000000015
:10E9E4000000000000000000000000000000000023
:10E9F4000000000000000000000000000000000013
:10EA04000000000000000000000000000000000002
:10EA140000000000000000000000000000000000F2
:10EA240000000000000000000000000000000000E2
:10EA340000000000000000000000000000000000D2
:10EA440000000000000000000000000000000000C2
:10EA540000000000650000009AFFFFFFD0FEFFFFEA
:10EA64005B0200008803000050040000B6040000AC
:10EA74007C050000552D000000000000000000008F
:10EA84000000000000000000000000000000000082
:10EA94000000000000000000000000000000000072
:10EAA4000000000000000000000000000000000062
:10EAB4000000000000000000000000000000000052
:10EAC4000000000000000000000000000000000042
:10EAD4000000000000000000000000000000000032
:10EAE4000000000000000000000000000000000022
:10EAF400000000006500000097FFFFFF96FFFFFF86
:10EB0400960100005D0200005F0200008B0300001C
:10EB140017050000EF2C00000000000000000000BA
:10EB240000000000000000000000000000000000E1
:10EB340000000000000000000000000000000000D1
:10EB440000000000000000000000000000000000C1
:10EB540000000000000000000000000000000000B1
:10EB640000000000000000000000000000000000A1
:10EB74000000000000000000000000000000000091
:10EB84000000000000000000000000000000000081
:10EB9400000000006F00000096FFFFFF300100003E
:10EBA4005F02000087030000B60400007C0500003B
:10EBB400552D0000000000000000000000000000CF
:10EBC4000000000000000000000000000000000041
:10EBD4000000000000000000000000000000000031
:10EBE4000000000000000000000000000000000021
:10EBF4000000000000000000000000000000000011
:10EC04000000000000000000000000000000000000
:10EC140000000000000000000000000000000000F0
:10EC240000000000000000000000000000000000E0
:10EC3400000000006500000097FFFFFF9601000040
:10EC44005902000026030000EB030000F22C000030
:10EC540000000000000000000000000000000000B0
:10EC640000000000000000000000000000000000A0
:10EC74000000000000000000000000000000000090
:10EC84000000000000000000000000000000000080
:10EC94000000000000000000000000000000000070
:10ECA4000000000000000000000000000000000060
:10ECB4000000000000000000000000000000000050
:10ECC4000000000000000000000000000000000040
:10ECD400000000006F00000068FEFFFF62020000F9
:10ECE400ED030000B5040000EF2C0000000000005C
:10ECF4000000000000000000000000000000000010
:10ED040000000000000000000000000000000000FF
:10ED140000000000000000000000000000000000EF
:10ED240000000000000000000000000000000000DF
:10ED340000000000000000000000000000000000CF
:10ED440000000000000000000000000000000000BF
:10ED540000000000000000000000000000000000AF
:10ED6400000000000000000000000000000000009F
:10ED7400000000006500000036FFFFFF9101000065
:10ED8400C202000089030000B6040000F22C000057
:10ED9400000000000000000000000000000000006F
:10EDA400000000000000000000000000000000005F
:10EDB400000000000000000000000000000000004F
:10EDC400000000000000000000000000000000003F
:10EDD400000000000000000000000000000000002F
:10EDE400000000000000000000000000000000001F
:10EDF400000000000000000000000000000000000F
:10EE040000000000000000000000000000000000FE
:10EE140000000000000000000000000000000000EE
:10EE240000000000000000000000000000000000DE
:10EE340000000000000000000000000000000000CE
:10EE440000000000000000000000000000000000BE
:10EE540000000000000000000000000000000000AE
:10EE64000000000094FFFFFF6F0000006500000039
:10EE74006900000094010000C2020000EC030000DD
:10EE8400EE030000F00300001A050000552D0000F9
:10EE9400F701000000000000000000000000000076
:10EEA400000000000000000000000000000000005E
:10EEB400000000000000000000000000000000004E
:10EEC400000000000000000000000000000000003E
:10EED400000000000000000000000000000000002E
:10EEE400000000000000000000000000000000001E
:10EEF400000000000000000000000000000000000E
:10EF0400000000006500000098FFFFFF930100006F
:10EF14005F02000086030000520400001605000092
:10EF2400552D000042060000000000000000000013
:10EF340000000000000000000000000000000000CD
:10EF440000000000000000000000000000000000BD
:10EF540000000000000000000000000000000000AD
:10EF6400000000000000000000000000000000009D
:10EF7400000000000000000000000000000000008D
:10EF8400000000000000000000000000000000007D
:10EF9400000000000000000000000000000000006D
:10EFA400000000006F0000002EFFFFFFFB010000C7
:10EFB4002603000042060000E90300007A05000071
:10EFC400F22C00000000000000000000000000001F
:10EFD400000000000000000000000000000000002D
:10EFE400000000000000000000000000000000001D
:10EFF400000000000000000000000000000000000D
:10F0040000000000000000000000000000000000FC
:10F0140000000000000000000000000000000000EC
:10F0240000000000000000000000000000000000DC
:10F0340000000000000000000000000000000000CC
:10F044000000000065000000D1FEFFFF97010000F2
:10F05400240300004E040000B7040000F32C000059
:10F064005C0200000000000000000000000000003E
:10F07400000000000000000000000000000000008C
:10F08400000000000000000000000000000000007C
:10F09400000000000000000000000000000000006C
:10F0A400000000000000000000000000000000005C
:10F0B400000000000000000000000000000000004C
:10F0C400000000000000000000000000000000003C
:10F0D400000000000000000000000000000000002C
:10F0E40000000000650000006FFEFFFF5B020000EF
:10F0F4003A030000B8040000EF2C00008C03000069
:10F1040000000000000000000000000000000000FB
:10F1140000000000000000000000000000000000EB
:10F1240000000000000000000000000000000000DB
:10F1340000000000000000000000000000000000CB
:10F1440000000000000000000000000000000000BB
:10F1540000000000000000000000000000000000AB
:10F16400000000000000000000000000000000009B
:10F17400000000000000000000000000000000008B
:10F18400000000006500000036FFFFFF5C02000085
:10F1940022030000EF03000083FAFFFF00000000D9
:10F1A400000000000000000000000000000000005B
:10F1B400000000000000000000000000000000004B
:10F1C400000000000000000000000000000000003B
:10F1D400000000000000000000000000000000002B
:10F1E400000000000000000000000000000000001B
:10F1F400000000000000000000000000000000000B
:10F2040000000000000000000000000000000000FA
:10F2140000000000000000000000000000000000EA
:10F2240000000000000000000000000000000000DA
:10F2340000000000000000000000000000000000CA
:10F2440000000000000000000000000000000000BA
:10F2540000000000000000000000000000000000AA
:10F26400000000000000000000000000000000009A
:10F27400000000006500000098FFFFFFF801000097
:10F284002303000050040000B504000080050000C2
:10F29400572D0000000000000000000000000000E6
:10F2A400000000000000000000000000000000005A
:10F2B400000000000000000000000000000000004A
:10F2C400000000006F0000004A0600002EFFFFFF50
:10F2D40097010000920100005D020000BE020000E0
:10F2E4004E040000B604000017050000F12C0000D5
:10F2F400000000000000000000000000000000000A
:10F3040000000000000000000000000000000000F9
:10F3140000000000000000000000000000000000E9
:10F3240000000000000000000000000000000000D9
:10F3340000000000000000000000000000000000C9
:10F3440000000000000000000000000000000000B9
:10F3540000000000000000000000000000000000A9
:10F36400000000006F00000094FFFFFF99010000FF
:10F374008E0300002603000088030000EC03000055
:10F384008D2C00002EFFFFFF000000000000000095
:10F394000000000000000000000000000000000069
:10F3A4000000000000000000000000000000000059
:10F3B4000000000000000000000000000000000049
:10F3C4000000000000000000000000000000000039
:10F3D4000000000000000000000000000000000029
:10F3E4000000000000000000000000000000000019
:10F3F4000000000000000000000000000000000009
:10F4040000000000000000000000000000000000F8
:10F4140000000000000000000000000000000000E8
:10F4240000000000000000000000000000000000D8
:10F4340000000000000000000000000000000000C8
:10F4440000000000000000000000000000000000B8
:10F4540000000000000000000000000000000000A8
:10F464000000000000000000000000000000000098
:10F474000000000000000000000000000000000088
:10F484000000000000000000000000000000000078
:10F494000000000000000000000000000000000068
:10F4A40000000000650000009AFFFFFFD0FEFFFF90
:10F4B400C1020000C302000088030000B804000079
:10F4C4007C0500007B050000ED2C0000892C000069
:10F4D4000000000000000000000000000000000028
:10F4E4000000000000000000000000000000000018
:10F4F4000000000000000000000000000000000008
:10F5040000000000000000000000000000000000F7
:10F5140000000000000000000000000000000000E7
:10F5240000000000000000000000000000000000D7
:10F5340000000000000000000000000000000000C7
:10F54400000000006F00000096FFFFFF950100001F
:10F55400F601000042060000880300005504000084
:10F56400800500000CD3FFFF0BD3FFFF0000000059
:10F574000000000000000000000000000000000087
:10F584000000000000000000000000000000000077
:10F59400000000006F00000094FFFFFFF90100006D
:10F5A4005A020000E9030000B404000079050000D9
:10F5B400552D0000000000000000000000000000C5
:10F5C4000000000000000000000000000000000037
:10F5D4000000000000000000000000000000000027
:10F5E4000000000000000000000000000000000017
:10F5F4000000000000000000000000000000000007
:10F6040000000000000000000000000000000000F6
:10F6140000000000000000000000000000000000E6
:10F6240000000000000000000000000000000000D6
:10F6340000000000650000006C000000CFFEFFFF2A
:10F64400BE0200002503000052040000F22C00005A
:10F6540000000000000000000000000000000000A6
:10F664000000000000000000000000000000000096
:10F674000000000000000000000000000000000086
:10F684000000000000000000000000000000000076
:10F694000000000000000000000000000000000066
:10F6A4000000000000000000000000000000000056
:10F6B4000000000000000000000000000000000046
:10F6C4000000000000000000000000000000000036
:10F6D4000000000000000000000000000000000026
:10F6E4000000000000000000000000000000000016
:10F6F4000000000000000000000000000000000006
:10F7040000000000000000000000000000000000F5
:10F7140000000000000000000000000000000000E5
:10F72400000000006500000096FFFFFF2EFFFFFFB2
:10F73400FD0100005D0200008D030000EC030000E9
:10F74400BA040000E2050000000000000000000010
:10F7540000000000000000000000000000000000A5
:10F764000000000000000000000000000000000095
:10F774000000000000000000000000000000000085
:10F784000000000000000000000000000000000075
:10F794000000000000000000000000000000000065
:10F7A4000000000000000000000000000000000055
:10F7B4000000000000000000000000000000000045
:10F7C4000000000000000000000000000000000035
:10F7D4000000000000000000000000000000000025
:10F7E4000000000000000000000000000000000015
:10F7F4000000000000000000000000000000000005
:10F8040000000000000000000000000000000000F4
:10F81400000000006F00000098FFFFFFFC010000E3
:10F824005E0200008C03000050040000B4040000D9
:10F83400EF2C0000000000000000000000000000A9
:10F8440000000000000000000000000000000000B4
:10F8540000000000000000000000000000000000A4
:10F864000000000000000000000000000000000094
:10F874000000000000000000000000000000000084
:10F884000000000000000000000000000000000074
:10F894000000000000000000000000000000000064
:10F8A4000000000000000000000000000000000054
:10F8B40000000000650000009AFFFFFFCFFEFFFF7D
:10F8C40028030000420600001C050000F52C00007F
:10F8D4008A03000000000000000000000000000097
:10F8E4000000000000000000000000000000000014
:10F8F4000000000000000000000000000000000004
:10F9040000000000000000000000000000000000F3
:10F9140000000000000000000000000000000000E3
:10F9240000000000000000000000000000000000D3
:10F9340000000000000000000000000000000000C3
:10F9440000000000000000000000000000000000B3
:10F9540000000000000000000000000000000000A3
:10F964000000000000000000000000000000000093
:10F974000000000000000000000000000000000083
:10F984000000000000000000000000000000000073
:10F994000000000000000000000000000000000063
:10F9A4000000000000000000000000000000000053
:10F9B4000000000000000000000000000000000043
:10F9C4000000000000000000000000000000000033
:10F9D4000000000000000000000000000000000023
:10F9E4000000000000000000000000000000000013
:10F9F4000000000000000000000000000000000003
:10FA040000000000000000000000000000000000F2
:10FA140000000000000000000000000000000000E2
:10FA240000000000000000000000000000000000D2
:10FA340000000000000000000000000000000000C2
:10FA440000000000000000000000000000000000B2
:10FA540000000000000000000000000000000000A2
:10FA64000000000000000000000000000000000092
:10FA74000000000000000000000000000000000082
:10FA84000000000000000000000000000000000072
:10FA94000000000000000000000000000000000062
:10FAA4000000000000000000000000000000000052
:10FAB4000000000000000000000000000000000042
:10FAC4000000000000000000000000000000000032
:10FAD4000000000000000000000000000000000022
:10FAE4000000000000000000000000000000000012
:10FAF4000000000000000000000000000000000002
:10FB040000000000000000000000000000000000F1
:10FB140000000000000000000000000000000000E1
:10FB240000000000000000000000000000000000D1
:10FB340000000000000000000000000000000000C1
:10FB440000000000000000000000000000000000B1
:10FB540000000000000000000000000000000000A1
:10FB64000000000000000000000000000000000091
:10FB74000000000000000000000000000000000081
:10FB84000000000001010100050000000400000065
:10FB94000B00000010000000310000000000000015
:10FBA4000000000000000000000000000000000051
:10FBB400000000000000000032000000000000000F
:10FBC4000000000000000000000000000000000031
:10FBD40000000000000000003300000000000000EE
:10FBE4000000000000000000000000000000000011
:10FBF40000000000000000003400000000000000CD
:10FC040000000000000000000000000000000000F0
:10FC140000000000000000003500000000000000AB
:10FC240000000000000000000000000000000000D0
:10FC340000000000000000000000000000000000C0
:10FC440000000000000000000000000000000000B0
:10FC540000000000000000000000000000000000A0
:10FC64000000000000000000000000000000000090
:10FC74000000000000000000000000000000000080
:10FC84000000000000000000000000000000000070
:10FC94000000000000000000000000000000000060
:10FCA4000000000000000000000000000000000050
:10FCB4000000000000000000000000000000000040
:10FCC4000000000000000000000000000000000030
:10FCD4000000000000000000AA5555AA0000000022
:10FCE40000000000000000000000008707050A0073
:10FCF400FFFFFFFFFFFFFFFF40420F000A0000006D
:10FD04000A000000FFFFFFFF01000000B0260020F2
:10FD1400000000009CD20200BCD202007CD202008F
:10FD240000000000000000000000000000000000CF
:10FD340000000000000000000000000000000000BF
:10FD440000000000000000000000000000000000AF
:10FD5400000000000000000000000000000000009F
:10FD6400000000000000000000000000000000008F
:10FD7400430000000000000000000000000000003C
:10FD8400000000000000000000000000000000006F
:10FD9400430000000000000000000000000000001C
:10FDA400000000000000000000000000000000004F
:10FDB40043000000000000000000000000000000FC
:10FDC400000000000000000000000000000000002F
:10FDD40043000000000000000000000000000000DC
:10FDE400000000000000000000000000000000000F
:10FDF40043000000000000000000000000000000BC
:10FE040000000000000000000000000000000000EE
:10FE1400430000000000000000000000000000009B
:10FE240000000000000000000000000000000000CE
:10FE3400430000000000000000000000000000007B
:10FE440000000000000000000000000000000000AE
:10FE5400917502004557020000000000C7D302005C
:10FE64001EC70200DAD00200DAD00200DAD00200A3
:10FE7400DAD00200DAD00200DAD00200DAD00200CE
:10FE8400DAD00200DAD00200FFFFFFFFFFFFFFFF1E
:10FE9400FFFFFFFFFFFF00000100415343494900FA
:10FEA400000000000000000000000000000000004E
:10FEB40000000000000000000000415343494900D5
:10FEC400000000000000000000000000000000002E
:10FED4000000000000000000000000008ED30200BB
:10FEE4008ED30200000000000100000000000000AA
:10FEF4004A000000000000000000000000000000B4
:10FF040000000000000000000000000000000000ED
:10FF140000000000000000004A0000000000000093
:10FF240000000000000000000000000000000000CD
:10FF340000000000000000000000000000000000BD
:10FF4400B4570020DD600000A5810000E5AE00008C
:10FF5400E5B8000059C30000D5D8000039DC000022
:10FF6400D9EA000015F0000051F60000ADF70000DA
:10FF7400D5FF0000911B0100A53401008D3901005B
:10FF8400D16401005D6B0100B56F01003583010090
:10FF940001AE010041B40100B9B8010089CA0100F1
:10FFA40055CD0100E5D3010069D80100D9DA01007B
:10FFB40061E4010051E5010085EF010099FD0100B4
:08FFC400F5070200B560000022
:0400000320000F8941
:00000001FF
